tier,edit_type,edit_detail,ratio,word_a,freq_a,example_a,word_b,freq_b,example_b,decision,preferred_form,notes
review,substitution,l/k,8.6,kwa,1418,Izangajedu jeko na andu kupoiye kwa wutalii,lwa,164,Nadima kusikira lwaka lwa ndege,,,
auto,substitution,k/a,70.9,awa,20,Awa wiwae widima kupata.,kwa,1418,Izangajedu jeko na andu kupoiye kwa wutalii,,,
auto,indel,u,202.6,kuwa,7,Kuwa mbogha,kwa,1418,Izangajedu jeko na andu kupoiye kwa wutalii,,,
auto,substitution,k/g,354.5,gwa,4,Mchezo gwa moira ghwa mindi ghwmanyikie,kwa,1418,Izangajedu jeko na andu kupoiye kwa wutalii,,,
auto,substitution,s/a,472.7,kwa,1418,Izangajedu jeko na andu kupoiye kwa wutalii,kws,3,Eka yakaiagha ilagho ja mana kuboisa chama chetesia KWS,,,
auto,substitution,k/o,472.7,kwa,1418,Izangajedu jeko na andu kupoiye kwa wutalii,owa,3,Chienyi kwake owa midi kufuma Wuimgereza,,,
auto,substitution,k/r,472.7,kwa,1418,Izangajedu jeko na andu kupoiye kwa wutalii,rwa,3,Rwa nguwo ra ishima,,,
review,indel,',2.8,w'andu,898,W'andu w'iboilwagha ni kubonya maw'iw'i.,wandu,322,Wandu wefwana wiheshimiane,,,
review,indel,w,1.1,gha,526,Wusalama gha barabarenyi ni muhimu saana,ghwa,557,Wutamaduni ghwa isanga jedu ni wuzuri,,,
auto,substitution,u/a,13.4,w'andu,898,W'andu w'iboilwagha ni kubonya maw'iw'i.,w'undu,67,Narumaghia masholio kwa w'undu ghwako.,,,
auto,indel,i,149.7,w'andu,898,W'andu w'iboilwagha ni kubonya maw'iw'i.,w'anidu,6,Awa ni w'anidu wabaha,,,
auto,indel,e,179.6,w'andu,898,W'andu w'iboilwagha ni kubonya maw'iw'i.,w'anedu,5,Namvoya w'anedu mkaie sa iji koni niko.,,,
auto,substitution,u/i,224.5,w'andi,4,W'andi w'amu walaghashire maisha.,w'andu,898,W'andu w'iboilwagha ni kubonya maw'iw'i.,,,
review,substitution,g/c,1.4,cha,367,Charo cha moda mbaha nichesisimua,gha,526,Wusalama gha barabarenyi ni muhimu saana,,,
review,substitution,a/g,2.7,aha,197,Ini aha nakoja kukaia moyo.,gha,526,Wusalama gha barabarenyi ni muhimu saana,,,
review,indel,a,3.4,agha,157,Agha ni matuku gha kutua mbai.,gha,526,Wusalama gha barabarenyi ni muhimu saana,,,
review,indel,i,1.5,cha,367,Charo cha moda mbaha nichesisimua,chia,237,Sanaa ni chia yejieleza,,,
auto,substitution,s/g,14.3,ghwa,557,Wutamaduni ghwa isanga jedu ni wuzuri,shwa,39,Iji igare jadima kwa shwa sana.,,,
review,indel,w,3.8,mana,123,Msinde mana.,mwana,462,W'eni mwana mkelie inyo.,,,
review,indel,w,1.3,andu,252,Chuo kibaa ni andu kupoiye kushoma,wandu,322,Wandu wefwana wiheshimiane,,,
review,substitution,a/c,1.9,aha,197,Ini aha nakoja kukaia moyo.,cha,367,Charo cha moda mbaha nichesisimua,,,
auto,substitution,u/w,111.4,ghua,5,Naenda ghua Mwemba,ghwa,557,Wutamaduni ghwa isanga jedu ni wuzuri,,,
auto,indel,h,139.2,ghwa,557,Wutamaduni ghwa isanga jedu ni wuzuri,gwa,4,Mchezo gwa moira ghwa mindi ghwmanyikie,,,
auto,substitution,i/w,139.2,ghia,4,"Na ngera kama niwupande ghobonya kama zoghori huwu wakati wandu wawa vindo vawo, mwauzira masanga ghia na ghia?",ghwa,557,Wutamaduni ghwa isanga jedu ni wuzuri,,,
review,indel,m,4.8,mwana,462,W'eni mwana mkelie inyo.,wana,97,Wana wawecheza kiwachenyi,,,
auto,substitution,g/j,18.1,gha,526,Wusalama gha barabarenyi ni muhimu saana,jha,29,Ishati jhake ni jha misharia,,,
review,substitution,m/a,1.2,andu,252,Chuo kibaa ni andu kupoiye kushoma,mndu,301,Kila mndu wawehitaji rafiki wa loli,,,
review,substitution,n/k,5.5,mwaka,84,Mwaka mbishi ni nafasi yezoya wuwishi,mwana,462,W'eni mwana mkelie inyo.,,,
review,indel,u,1.3,mndu,301,Kila mndu wawehitaji rafiki wa loli,mundu,234,Kula mundu unyonyorelo mudinyi.,,,
auto,substitution,a/e,65.8,gha,526,Wusalama gha barabarenyi ni muhimu saana,ghe,8,Wazazi wafunya malengo ghe teseia.,,,
auto,indel,o,75.1,gha,526,Wusalama gha barabarenyi ni muhimu saana,ogha,7,Kaenda Mombasa na kwende baharinyi kwa ogha na machi gha chumbi,,,
auto,substitution,u/h,87.7,gha,526,Wusalama gha barabarenyi ni muhimu saana,gua,6,Mao waenda gua mbogha kinyangeyi.,,,
auto,substitution,o/a,87.7,gha,526,Wusalama gha barabarenyi ni muhimu saana,gho,6,Ihii nyumba eko na wulalo gho horesha.,,,
auto,indel,u,105.2,gha,526,Wusalama gha barabarenyi ni muhimu saana,ghua,5,Naenda ghua Mwemba,,,
auto,indel,i,131.5,gha,526,Wusalama gha barabarenyi ni muhimu saana,ghia,4,"Na ngera kama niwupande ghobonya kama zoghori huwu wakati wandu wawa vindo vawo, mwauzira masanga ghia na ghia?",,,
auto,substitution,w/h,131.5,gha,526,Wusalama gha barabarenyi ni muhimu saana,gwa,4,Mchezo gwa moira ghwa mindi ghwmanyikie,,,
review,substitution,g/d,1.0,andu,252,Chuo kibaa ni andu kupoiye kushoma,angu,262,Huwu loli kunilowua angu kwawanikalia.,,,
review,substitution,m/h,8.3,hachi,55,Mzuri hachi.,machi,455,Kuseliwe kunywa machi gha kutosha,,,
review,substitution,g/c,8.8,machi,455,Kuseliwe kunywa machi gha kutosha,maghi,52,Maghi ana ghachika.,,,
auto,indel,v,23.0,indo,21,Kusedile hata indo jimweri,vindo,483,Vindo vako vaka tayari,,,
auto,substitution,k/v,24.1,kindo,20,Sikunde kindo chingi nekunda lukundo.,vindo,483,Vindo vako vaka tayari,,,
review,substitution,u/i,2.3,kila,346,Poilwa ni kila ngelo y amaisha,kula,153,Nyonyi ridima kusafiri kula,,,
auto,substitution,b/m,12.8,bwana,36,Kukaia na irumirio na Bwana.,mwana,462,W'eni mwana mkelie inyo.,,,
auto,substitution,o/u,161.0,vindo,483,Vindo vako vaka tayari,vindu,3,W'andu w'etonywa ni mada w'endaw'ona vindu ivo visingie.,,,
auto,substitution,u/i,16.2,machi,455,Kuseliwe kunywa machi gha kutosha,machu,28,Inja machu ghako.,,,
auto,substitution,a/w,24.3,maana,19,Wufundi ni wujuzi ghwa maana,mwana,462,W'eni mwana mkelie inyo.,,,
auto,substitution,m/f,33.0,fwana,14,Kuaeliwe kughua vilambo va fwana,mwana,462,W'eni mwana mkelie inyo.,,,
auto,substitution,o/a,51.3,mwana,462,W'eni mwana mkelie inyo.,mwano,9,Obonya mwano.,,,
auto,substitution,m/n,41.4,machi,455,Kuseliwe kunywa machi gha kutosha,nachi,11,Nachi ozerwa w'ei wabonya miujiza ya tee.,,,
auto,indel,d,154.0,mwana,462,W'eni mwana mkelie inyo.,mwanda,3,Isanga jedu ja Mwanda jechaghaluka,,,
auto,substitution,k/m,154.0,kwana,3,Dedeka dikwane lakini ndediche kwana,mwana,462,W'eni mwana mkelie inyo.,,,
review,substitution,n/d,2.9,w'ada,120,W'adaw'ida w'ada poilwa ni chai,w'ana,342,Ngawifashafasha vangu w'ana w'iko na tabia isafwane.,,,
review,substitution,i/a,3.1,kala,113,Sere yake idadua kwa kala na kala.,kila,346,Poilwa ni kila ngelo y amaisha,,,
review,indel,i,4.3,cha,367,Charo cha moda mbaha nichesisimua,chai,85,Chai chapo wele chaenda hao chikoghe anyaa.,,,
review,indel,',3.5,w'ana,342,Ngawifashafasha vangu w'ana w'iko na tabia isafwane.,wana,97,Wana wawecheza kiwachenyi,,,
review,substitution,n/k,3.5,w'aka,97,W'aka w'eka na ghawo.,w'ana,342,Ngawifashafasha vangu w'ana w'iko na tabia isafwane.,,,
review,substitution,m/o,1.5,mka,173,Mka oko na kwaw'o.,oka,264,Oka na skulu yake.,,,
review,substitution,e/o,1.9,ngelo,272,Lumalwakenyi ni ngelo ipoiye yehoresha,ngolo,140,Kuasefo ngolo tima sena,,,
auto,substitution,c/j,12.7,cha,367,Charo cha moda mbaha nichesisimua,jha,29,Ishati jhake ni jha misharia,,,
review,substitution,n/j,6.5,w'aja,53,Paulo na w'aja w'adumi w'azima.,w'ana,342,Ngawifashafasha vangu w'ana w'iko na tabia isafwane.,,,
review,substitution,l/r,7.7,kila,346,Poilwa ni kila ngelo y amaisha,kira,45,Ituku ijo jiwuye kira.,,,
auto,indel,o,20.4,cha,367,Charo cha moda mbaha nichesisimua,ocha,18,Ocha kwapo ighuo,,,
auto,indel,n,40.8,cha,367,Charo cha moda mbaha nichesisimua,ncha,9,Mando ghamu ni ncha kubonya mazoezi,,,
auto,indel,u,61.2,cha,367,Charo cha moda mbaha nichesisimua,chua,6,Chongonyi kwake kwa chua maghesho pacha,,,
auto,indel,m,61.2,cha,367,Charo cha moda mbaha nichesisimua,mcha,6,Aba mlungu Koko mcha na kwaine wughoma.,,,
auto,substitution,e/a,61.2,cha,367,Charo cha moda mbaha nichesisimua,che,6,Ghenda kulole chaghu che bonya,,,
auto,substitution,o/a,61.2,cha,367,Charo cha moda mbaha nichesisimua,cho,6,Cho dije dadeka mswara na mnavu.,,,
auto,substitution,k/b,13.3,bila,26,Vilongozi wefwana kuhudumia wananchi bila kubagua ungi,kila,346,Poilwa ni kila ngelo y amaisha,,,
auto,indel,i,91.8,cha,367,Charo cha moda mbaha nichesisimua,icha,4,Dibora chumbo ilinga njumwa icha ikanisenyi?,,,
auto,indel,u,91.8,cha,367,Charo cha moda mbaha nichesisimua,ucha,4,Ucha ghudishwa,,,
auto,indel,o,91.8,cha,367,Charo cha moda mbaha nichesisimua,chao,4,Chao ichi cheko na malagho ghipoie.,,,
auto,substitution,n/y,12.2,w'ana,342,Ngawifashafasha vangu w'ana w'iko na tabia isafwane.,w'aya,28,Orekoghe na w'wana ghodeda ghuseko na w'aya.,,,
review,substitution,j/n,2.2,iji,114,Iji w'aw'onyera lubando uchaainjwa.,ini,248,Ini ni mwalimu wa kij'omba,,,
auto,substitution,a/o,28.8,kila,346,Poilwa ni kila ngelo y amaisha,kilo,12,Enda idukenyi kuuziro mapemba kilo isanau alafu kushelo mufu.,,,
auto,substitution,l/m,28.8,kila,346,Poilwa ni kila ngelo y amaisha,kima,12,Kuseide mbao kima,,,
review,substitution,h/n,2.3,ihi,109,Mruke ni ghwa ighu nadime ihi,ini,248,Ini ni mwalimu wa kij'omba,,,
review,indel,g,1.3,agha,157,Agha ni matuku gha kutua mbai.,aha,197,Ini aha nakoja kukaia moyo.,,,
auto,substitution,l/n,57.7,kila,346,Poilwa ni kila ngelo y amaisha,kina,6,Kina chakotwa,,,
review,substitution,o/a,3.0,oka,264,Oka na skulu yake.,oko,88,Mlungu oko moyo.,,,
auto,substitution,k/m,69.2,kila,346,Poilwa ni kila ngelo y amaisha,mila,5,Isanga iji jeko na mila riboie.,,,
review,substitution,n/a,6.0,madu,50,Uhu oka na madu ghesikira usikire.,mndu,301,Kila mndu wawehitaji rafiki wa loli,,,
auto,substitution,a/o,38.0,w'ana,342,Ngawifashafasha vangu w'ana w'iko na tabia isafwane.,w'ona,9,W'ona seji w'ajikucha,,,
auto,substitution,k/l,69.2,kila,346,Poilwa ni kila ngelo y amaisha,lila,5,Leka lila,,,
auto,substitution,a/e,23.8,nicha,333,Sikira nicha madongozo ghapo,niche,14,Basi nizere koko hao niche idana.,,,
auto,substitution,a/u,13.4,wandu,322,Wandu wefwana wiheshimiane,wundu,24,Mdamu oko na wundu miki ghukurie shuu.,,,
auto,substitution,n/p,25.6,nicha,333,Sikira nicha madongozo ghapo,picha,13,Picha ni chia yerekodi maghesho,,,
auto,indel,g,114.0,w'ana,342,Ngawifashafasha vangu w'ana w'iko na tabia isafwane.,w'anga,3,W'anga w'andu w'iche tesia,,,
review,substitution,a/e,1.1,sana,164,Safari yedu yesafiri kuenda mbugenyi yekoghe yesisimua sana,sena,181,Kuasefo ngolo tima sena,,,
auto,substitution,a/o,30.3,nicha,333,Sikira nicha madongozo ghapo,nicho,11,Icho nicho chichanitesia kufuma aha.,,,
review,substitution,m/h,1.3,hao,195,Kio ichi chose kuendaa hao?,mao,148,Lukundo lwa mao ni lwa kipekee,,,
auto,indel,i,37.0,ncha,9,Mando ghamu ni ncha kubonya mazoezi,nicha,333,Sikira nicha madongozo ghapo,,,
auto,substitution,i/a,37.0,nacha,9,Nacha nyumbenyi,nicha,333,Sikira nicha madongozo ghapo,,,
auto,substitution,i/e,47.6,necha,7,Necha icho,nicha,333,Sikira nicha madongozo ghapo,,,
auto,indel,n,83.2,icha,4,Dibora chumbo ilinga njumwa icha ikanisenyi?,nicha,333,Sikira nicha madongozo ghapo,,,
review,substitution,v/k,1.2,kilambo,181,Hakuna kilambo chipoiye sa kisekesho,vilambo,155,Kuaeliwe kughua vilambo va fwana,,,
review,indel,k,4.0,koka,66,Andenyi ya Nyumba koka na choka,oka,264,Oka na skulu yake.,,,
auto,indel,m,46.0,mwandu,7,Mwandu wawecha idime.,wandu,322,Wandu wefwana wiheshimiane,,,
auto,substitution,w/m,64.4,mandu,5,"Wachaghirie mandu adadu kwa w'omi w'azima, uko si kushughunuka?",wandu,322,Wandu wefwana wiheshimiane,,,
review,substitution,i/a,3.1,ani,79,Kukasighwa ni fumanya na ani.,ini,248,Ini ni mwalimu wa kij'omba,,,
auto,indel,e,107.3,wandu,322,Wandu wefwana wiheshimiane,wanedu,3,Wanedu waboilwa ni sarigho.,,,
auto,indel,i,107.3,wandu,322,Wandu wefwana wiheshimiane,wanidu,3,Sharon wabonyere wanidu winileghe putu.,,,
auto,substitution,d/g,107.3,wandu,322,Wandu wefwana wiheshimiane,wangu,3,Wangu wekundika witesiana msimu ghwa wasi.,,,
auto,substitution,z/w,31.3,kawi,10,Linu ni kiramka kawi,kazi,313,Kazi yapo yawehitaji wumakini,,,
review,substitution,n/r,3.4,ini,248,Ini ni mwalimu wa kij'omba,iri,72,Ola kurighore maza iri.,,,
auto,substitution,z/t,62.6,kati,5,Chuki kati ya wanajamii matuku ghose hureda hasara,kazi,313,Kazi yapo yawehitaji wumakini,,,
auto,substitution,d/k,62.6,dazi,5,W'adaw'ana na w'ai w'apoilwagha kuvina dazi,kazi,313,Kazi yapo yawehitaji wumakini,,,
review,substitution,e/o,4.9,eka,54,Eka ghadi na ghadi ya bahari.,oka,264,Oka na skulu yake.,,,
review,substitution,n/s,3.6,ini,248,Ini ni mwalimu wa kij'omba,isi,69,Isi ni raiya wa dunia ihi,,,
review,substitution,a/o,4.9,vua,259,Vua nyingi yanyee ikasababisha mafuriko,vuo,53,Matuku ghose nadapoilwa ni kushoma vuo,,,
review,indel,y,5.6,kukaia,264,Kukaia na irumirio na Bwana.,kukaiya,47,Na ngera yadima kukaiya shekeria ni kii?,,,
auto,indel,n,43.0,mdu,7,Matuku ghose mdu wadima kuzoya wuwishi.,mndu,301,Kila mndu wawehitaji rafiki wa loli,,,
auto,indel,a,60.2,mandu,5,"Wachaghirie mandu adadu kwa w'omi w'azima, uko si kushughunuka?",mndu,301,Kila mndu wawehitaji rafiki wa loli,,,
auto,substitution,m/i,100.3,indu,3,Wichaburuka ighu sa indu.,mndu,301,Kila mndu wawehitaji rafiki wa loli,,,
review,substitution,o/a,2.0,aha,197,Ini aha nakoja kukaia moyo.,aho,101,Aho niko kuchaadima kutala.,,,
review,indel,',2.1,nguw'o,200,Wauza Nguw'o,nguwo,96,Nguwo rapo rachafuka,,,
review,substitution,e/i,8.0,kwake,33,Mkelu wadaghamba ngolonyi kwake.,kwaki,263,Kwaki kwazamilwa,,,
auto,substitution,i/b,10.6,kukaba,25,Kwavolwa kusighe kukaba m'mbenyu.,kukaia,264,Kukaia na irumirio na Bwana.,,,
auto,substitution,i/o,11.0,kwaki,263,Kwaki kwazamilwa,kwako,24,Nido kwako.,,,
review,substitution,s/m,1.3,mana,123,Msinde mana.,sana,164,Safari yedu yesafiri kuenda mbugenyi yekoghe yesisimua sana,,,
auto,indel,u,39.9,mlungu,279,Kukae mndu womkasa Mlungu matuku ghose,mulungu,7,Mulungu wadi jalia maisha ghipoiye,,,
review,substitution,n/v,6.5,ini,248,Ini ni mwalimu wa kij'omba,ivi,38,Ivi vindo vasinga.,,,
auto,substitution,a/e,12.0,kukaia,264,Kukaia na irumirio na Bwana.,kukaie,22,Kwafane kukaie na mtorori.,,,
auto,indel,i,46.5,milungu,6,Maza rededanya na milungu,mlungu,279,Kukae mndu womkasa Mlungu matuku ghose,,,
auto,indel,a,69.8,malungu,4,Zighe wanona malungu ghose.,mlungu,279,Kukae mndu womkasa Mlungu matuku ghose,,,
auto,substitution,k/n,15.5,kwaki,263,Kwaki kwazamilwa,kwani,17,Kwani ndokumanyire? Wadambie kimonu mori ghusirie,,,
auto,substitution,l/k,17.6,oka,264,Oka na skulu yake.,ola,15,Ola sikirenyi.,,,
review,indel,g,8.6,ingi,29,Ndeekoghe chia ingi zima ela kulala isakenyi.,ini,248,Ini ni mwalimu wa kij'omba,,,
review,substitution,y/w,2.0,wapo,185,Mwatulituli wapo wawepata shida ya mtandao,yapo,92,Nyumba yapo yeka kavui na moda,,,
auto,indel,w,26.4,oka,264,Oka na skulu yake.,woka,10,Mwai uhu woka na kifu/mzigo,,,
auto,indel,j,29.3,joka,9,Joka lughongonyi,oka,264,Oka na skulu yake.,,,
auto,substitution,a/i,19.9,vua,259,Vua nyingi yanyee ikasababisha mafuriko,vui,13,Yasighwa ngelo vui.,,,
auto,indel,i,44.0,kukaa,6,Wangu wakundikia kukaa na mawono malazi.,kukaia,264,Kukaia na irumirio na Bwana.,,,
auto,indel,a,44.0,kukaia,264,Kukaia na irumirio na Bwana.,kukia,6,Nekunda kukia.,,,
review,substitution,w/r,2.2,rapo,85,Nguwo rapo rachafuka,wapo,185,Mwatulituli wapo wawepata shida ya mtandao,,,
auto,substitution,v/k,44.0,oka,264,Oka na skulu yake.,ova,6,Uja mka ova mwana icho,,,
review,substitution,s/u,5.6,shuu,229,Nazughwa shuu.,uhuu,41,Uhuu mndu oka na kazi ipoie.,,,
auto,substitution,o/a,44.0,aka,6,Aka oko mkongo sana.,oka,264,Oka na skulu yake.,,,
auto,indel,v,37.4,angu,262,Huwu loli kunilowua angu kwawanikalia.,vangu,7,Ngawifashafasha vangu w'ana w'iko na tabia isafwane.,,,
auto,indel,l,52.8,loka,5,Ela dendapwana loka ni lukundo,oka,264,Oka na skulu yake.,,,
auto,substitution,k/j,52.8,oja,5,Uja mwanawaka oja magome ghapo.,oka,264,Oka na skulu yake.,,,
auto,indel,i,52.6,kwaki,263,Kwaki kwazamilwa,kwakii,5,Kwakii mwaw'ekabana?,,,
auto,substitution,i/k,66.0,kukaia,264,Kukaia na irumirio na Bwana.,kukaka,4,Kukaka na momu nde kukaiagha muda mlacha.,,,
auto,substitution,u/a,66.0,kakaia,4,Mndu kakaia na choyo kwam'manyira kuvisa vindo.,kukaia,264,Kukaia na irumirio na Bwana.,,,
auto,substitution,n/w,12.4,ini,248,Ini ni mwalimu wa kij'omba,iwi,20,Nichamshana mao shilingi mirongo iwi.,,,
auto,substitution,i/y,66.0,kukaia,264,Kukaia na irumirio na Bwana.,kukaya,4,Maisha ghadima kukaya na wasi lakini dadima kurisima.,,,
auto,indel,m,88.0,moka,3,Nambe moka w'akelu huw'u!,oka,264,Oka na skulu yake.,,,
auto,substitution,a/i,65.8,kwaka,4,Kwaki kwaka na machu,kwaki,263,Kwaki kwazamilwa,,,
auto,substitution,w/k,88.0,oka,264,Oka na skulu yake.,owa,3,Chienyi kwake owa midi kufuma Wuimgereza,,,
auto,substitution,u/y,32.4,vua,259,Vua nyingi yanyee ikasababisha mafuriko,vya,8,Ihii skulu yeka na vilambo vya itana.,,,
auto,substitution,o/u,88.0,kokaia,3,Wanda wadaagha kokaia.,kukaia,264,Kukaia na irumirio na Bwana.,,,
review,substitution,a/o,1.6,aho,101,Aho niko kuchaadima kutala.,oho,165,Ni oho mngara wapo.,,,
review,substitution,o/a,1.4,agha,157,Agha ni matuku gha kutua mbai.,agho,109,Maw'iw'i agho.,,,
review,substitution,u/a,1.4,kala,113,Sere yake idadua kwa kala na kala.,kula,153,Nyonyi ridima kusafiri kula,,,
review,substitution,p/k,2.3,wako,81,Kunda jirani wako seji kujikunde,wapo,185,Mwatulituli wapo wawepata shida ya mtandao,,,
auto,indel,w,87.3,angu,262,Huwu loli kunilowua angu kwawanikalia.,wangu,3,Wangu wekundika witesiana msimu ghwa wasi.,,,
auto,substitution,v/z,43.2,vua,259,Vua nyingi yanyee ikasababisha mafuriko,zua,6,Chofi yadareda zua.,,,
auto,substitution,v/g,43.2,gua,6,Mao waenda gua mbogha kinyangeyi.,vua,259,Vua nyingi yanyee ikasababisha mafuriko,,,
review,indel,i,9.1,chia,237,Sanaa ni chia yejieleza,ichia,26,Mokunda kukaba mori ichia mwawedafuna boboro.,,,
auto,indel,m,64.8,mvua,4,Mvua yenya.,vua,259,Vua nyingi yanyee ikasababisha mafuriko,,,
auto,substitution,a/i,16.5,ina,15,Miaka rapo ni mrongo ina na ina.,ini,248,Ini ni mwalimu wa kij'omba,,,
auto,indel,m,86.3,vua,259,Vua nyingi yanyee ikasababisha mafuriko,vuma,3,W'andu w'ekufundisha kuboisa vilambo va vuma.,,,
auto,substitution,n/z,17.7,ini,248,Ini ni mwalimu wa kij'omba,izi,14,Kidasi cha mawora ndechitanya na izi.,,,
auto,substitution,i/v,86.3,iua,3,Nani wadumbua Iua,vua,259,Vua nyingi yanyee ikasababisha mafuriko,,,
auto,substitution,v/r,86.3,rua,3,Rua ishati,vua,259,Vua nyingi yanyee ikasababisha mafuriko,,,
review,substitution,s/w,1.7,sana,164,Safari yedu yesafiri kuenda mbugenyi yekoghe yesisimua sana,wana,97,Wana wawecheza kiwachenyi,,,
auto,indel,d,20.7,dini,12,W'ele dini yako ni iyao?,ini,248,Ini ni mwalimu wa kij'omba,,,
review,substitution,w/m,9.8,mundu,234,Kula mundu unyonyorelo mudinyi.,wundu,24,Mdamu oko na wundu miki ghukurie shuu.,,,
auto,indel,m,50.4,andu,252,Chuo kibaa ni andu kupoiye kushoma,mandu,5,"Wachaghirie mandu adadu kwa w'omi w'azima, uko si kushughunuka?",,,
auto,substitution,o/u,50.4,ando,5,Skulu mbaa ni ando kupoie koshomia.,andu,252,Chuo kibaa ni andu kupoiye kushoma,,,
review,substitution,h/b,3.3,aba,59,Ghenda kwa aba kumkotie uche na iseghe.,aha,197,Ini aha nakoja kukaia moyo.,,,
auto,substitution,i/a,84.0,andu,252,Chuo kibaa ni andu kupoiye kushoma,indu,3,Wichaburuka ighu sa indu.,,,
review,substitution,t/h,3.4,aha,197,Ini aha nakoja kukaia moyo.,ata,58,"Ghenda ata kwake,oka andenyi nyumbeni",,,
auto,indel,y,41.3,ini,248,Ini ni mwalimu wa kij'omba,inyi,6,Inyi sirwaa vipini.,,,
auto,indel,j,13.9,chia,237,Sanaa ni chia yejieleza,chija,17,Kitabu chija chaghokelo ni malagho shuu.,,,
review,substitution,k/h,1.9,oho,165,Ni oho mngara wapo.,oko,88,Mlungu oko moyo.,,,
review,substitution,h/p,3.6,aha,197,Ini aha nakoja kukaia moyo.,apa,55,Dikaghenda hotelinyi na apa.,,,
review,substitution,j/y,1.1,ijo,119,Ituku ijo.,iyo,133,Igho jiko moyo na iyo mbari ya wueli.,,,
auto,indel,d,82.7,indi,3,Koshi idaghenda aha ikumbilwagha indi.,ini,248,Ini ni mwalimu wa kij'omba,,,
auto,indel,l,82.7,ini,248,Ini ni mwalimu wa kij'omba,lini,3,Kwache kufuma lini mdawana wa mzedu,,,
review,indel,g,1.4,ughu,105,Mzi ughu ghoko na skulu nyinyi,uhu,144,Uhu orekoghe uniereshere udehamishwa.,,,
review,substitution,o/e,1.5,mae,101,Mae wafwa imbe.,mao,148,Lukundo lwa mao ni lwa kipekee,,,
review,substitution,n/h,3.7,hao,195,Kio ichi chose kuendaa hao?,nao,53,Nao jesu ukawizera wanughi wake.,,,
auto,substitution,y/d,18.0,mundu,234,Kula mundu unyonyorelo mudinyi.,munyu,13,Vindo ndevina munyu,,,
review,indel,k,3.0,kwapo,61,Sikira kuruma kwapo.,wapo,185,Mwatulituli wapo wawepata shida ya mtandao,,,
auto,indel,k,23.4,mkundu,10,Mwasare wapo udapoilwa na nguwo ra mkundu,mundu,234,Kula mundu unyonyorelo mudinyi.,,,
review,substitution,k/l,3.5,eka,54,Eka ghadi na ghadi ya bahari.,ela,190,Ela w'ose w'eelaghaya.,,,
auto,indel,o,39.5,chia,237,Sanaa ni chia yejieleza,chiao,6,Kiwacha chiao wana wapo?.,,,
auto,substitution,i/u,39.5,chia,237,Sanaa ni chia yejieleza,chua,6,Chongonyi kwake kwa chua maghesho pacha,,,
auto,substitution,c/g,59.2,chia,237,Sanaa ni chia yejieleza,ghia,4,"Na ngera kama niwupande ghobonya kama zoghori huwu wakati wandu wawa vindo vawo, mwauzira masanga ghia na ghia?",,,
auto,substitution,g/c,11.0,chose,20,Kio ichi chose kuendaa hao?,ghose,220,Matuku ghose nadapoilwa ni kushoma vuo,,,
auto,substitution,a/u,46.8,mandu,5,"Wachaghirie mandu adadu kwa w'omi w'azima, uko si kushughunuka?",mundu,234,Kula mundu unyonyorelo mudinyi.,,,
review,indel,i,3.5,w'a,185,W'alodi w'a tee w'echachurikia.,w'ai,53,W'ai w'adadu w'aghenda mbuw'enyi kuw'waya mbogha,,,
review,substitution,h/j,4.9,aha,197,Ini aha nakoja kukaia moyo.,aja,40,Neshomea skulu aja____,,,
review,indel,n,2.3,saa,72,Saa muka uko na kifu.,sana,164,Safari yedu yesafiri kuenda mbugenyi yekoghe yesisimua sana,,,
auto,substitution,a/i,12.9,lola,17,"Lomba, Lola.",loli,219,Ndodo rako radima kuka loli,,,
auto,indel,u,57.2,shu,4,Wana wapoilwagha ni kusarigha shu,shuu,229,Nazughwa shuu.,,,
review,substitution,i/o,1.0,iji,114,Iji w'aw'onyera lubando uchaainjwa.,ijo,119,Ituku ijo.,,,
review,substitution,w/j,3.9,japo,47,Irina Japo ni Mwamburi,wapo,185,Mwatulituli wapo wawepata shida ya mtandao,,,
review,indel,',4.1,w'apo,45,Awa w'ose ni w'akinyumba w'apo,wapo,185,Mwatulituli wapo wawepata shida ya mtandao,,,
review,substitution,w/v,4.2,vapo,44,Mbori raaw'uya vindo vapo.,wapo,185,Mwatulituli wapo wawepata shida ya mtandao,,,
review,substitution,e/m,3.2,eka,54,Eka ghadi na ghadi ya bahari.,mka,173,Mka oko na kwaw'o.,,,
review,indel,a,4.5,aw'a,41,Aw'a w'ikuserie w'ichapata maboilo.,w'a,185,W'alodi w'a tee w'echachurikia.,,,
review,substitution,a/j,6.8,aha,197,Ini aha nakoja kukaia moyo.,jha,29,Ishati jhake ni jha misharia,,,
auto,indel,i,10.2,idime,205,Idime ni ituku ja njumwa,idimei,20,Kwaja kii idimei,,,
auto,substitution,j/g,44.0,ghose,220,Matuku ghose nadapoilwa ni kushoma vuo,jhose,5,Walaghasha ighuri jhose,,,
review,substitution,y/r,1.4,radima,93,Ndodo rako radima kuka loli,yadima,132,Kazi ya ikwanyiko yadima kuka ipoiye zaidi,,,
review,substitution,e/o,4.6,wape,40,Mkeku wawamnosa mwana wape.,wapo,185,Mwatulituli wapo wawepata shida ya mtandao,,,
review,substitution,j/h,1.0,ihi,109,Mruke ni ghwa ighu nadime ihi,iji,114,Iji w'aw'onyera lubando uchaainjwa.,,,
auto,substitution,g/l,73.0,goli,3,Olemwa ni kungira goli.,loli,219,Ndodo rako radima kuka loli,,,
auto,substitution,a/u,43.4,kafuma,5,kafuma nakio kusewuye aha,kufuma,217,Napoilwa ni kufuma shighadi ya izanga,,,
review,substitution,w/m,1.3,mana,123,Msinde mana.,wana,97,Wana wawecheza kiwachenyi,,,
auto,substitution,e/a,14.6,idima,14,Ihi ndege idima kuduka wandu.,idime,205,Idime ni ituku ja njumwa,,,
auto,indel,i,15.8,dime,13,Vua yanya dime ghadi,idime,205,Idime ni ituku ja njumwa,,,
review,substitution,k/d,1.2,w'ada,120,W'adaw'ida w'ada poilwa ni chai,w'aka,97,W'aka w'eka na ghawo.,,,
review,substitution,h/w,9.8,aha,197,Ini aha nakoja kukaia moyo.,awa,20,Awa wiwae widima kupata.,,,
review,substitution,r/y,1.6,iro,83,Nichaamumanyisha iro maza.,iyo,133,Igho jiko moyo na iyo mbari ya wueli.,,,
auto,indel,e,20.5,idime,205,Idime ni ituku ja njumwa,idimee,10,Idimee w'edew'wadwa w'ikilogha gii.,,,
review,substitution,z/n,1.3,mana,123,Msinde mana.,maza,92,Ini ni mshomi wa maza ra sayansi,,,
auto,indel,h,14.2,sejhi,14,"Namanya nikokoni, w'andu w'amba w'aw'ona sejhi sipitali ralemwa kutesia w'akongo",seji,199,Kunda jirani wako seji kujikunde,,,
review,substitution,l/j,2.6,kuja,59,Familia yapo yadapoilwa kuja andwamweri kila jioni,kula,153,Nyonyi ridima kusafiri kula,,,
auto,substitution,e/o,12.2,hae,16,Hae hae,hao,195,Kio ichi chose kuendaa hao?,,,
review,indel,g,1.1,agho,109,Maw'iw'i agho.,aho,101,Aho niko kuchaadima kutala.,,,
review,indel,y,2.5,mao,148,Lukundo lwa mao ni lwa kipekee,mayo,59,Wele mayo waenda hao namulola nikamsowa idime.,,,
review,indel,a,5.1,maka,34,Nazoe kukora maka,mka,173,Mka oko na kwaw'o.,,,
review,substitution,o/i,1.2,ichi,94,Nalomba kunitesie na chaghu ichi,icho,112,Nasowie dilo kufuma icho.,,,
auto,substitution,e/o,33.3,nguw'e,6,Ozoya kufugha nguw'e.,nguw'o,200,Wauza Nguw'o,,,
auto,indel,j,12.7,ela,190,Ela w'ose w'eelaghaya.,jela,15,Seji iw'onekagha iji ikosa ubonyere wadima kufungwa jela miaka misanu.,,,
auto,substitution,h/n,24.6,aha,197,Ini aha nakoja kukaia moyo.,ana,8,Maghi ana ghachika.,,,
auto,substitution,h/m,24.6,aha,197,Ini aha nakoja kukaia moyo.,ama,8,Wele idime se kwaendie njumonyi ama kwasinda nyumbenyi.,,,
auto,substitution,o/e,12.7,ela,190,Ela w'ose w'eelaghaya.,ola,15,Ola sikirenyi.,,,
review,indel,b,6.8,nyuma,26,Niko nyuma ya miaka midadu ngajoka.,nyumba,178,Nyumba yapo yeka kavui na moda,,,
review,indel,c,1.2,ichi,94,Nalomba kunitesie na chaghu ichi,ihi,109,Mruke ni ghwa ighu nadime ihi,,,
review,indel,',2.7,w'ose,148,W'ose w'izamilwagha ni ini w'eekunda kufwa.,wose,55,Wusafiri ghwa wandu wose ni chia ipoiye yesafiri,,,
auto,substitution,h/k,32.8,aha,197,Ini aha nakoja kukaia moyo.,aka,6,Aka oko mkongo sana.,,,
review,substitution,r/j,1.4,ijo,119,Ituku ijo.,iro,83,Nichaamumanyisha iro maza.,,,
review,substitution,l/k,3.6,kii,157,Nikuneke kii awai.,lii,44,Kucha lii na weke wawa wapo niwiwone?,,,
review,substitution,m/n,2.8,mao,148,Lukundo lwa mao ni lwa kipekee,nao,53,Nao jesu ukawizera wanughi wake.,,,
auto,indel,r,65.7,aha,197,Ini aha nakoja kukaia moyo.,raha,3,Idime ni ya raha na kuseka.,,,
review,substitution,y/w,1.9,wadima,68,"Kusakeobua, wadima kukaia moyo.",yadima,132,Kazi ya ikwanyiko yadima kuka ipoiye zaidi,,,
auto,indel,c,48.8,chao,4,Chao ichi cheko na malagho ghipoie.,hao,195,Kio ichi chose kuendaa hao?,,,
auto,substitution,z/s,23.8,isanga,190,Wutamaduni ghwa isanga jedu ni wuzuri,izanga,8,Napoilwa ni kufuma shighadi ya izanga,,,
auto,substitution,w/p,15.4,wapo,185,Mwatulituli wapo wawepata shida ya mtandao,wawo,12,Waka wawo.,,,
review,substitution,o/i,3.9,kii,157,Nikuneke kii awai.,kio,40,Kio ichi chose kuendaa hao?,,,
auto,indel,n,12.1,sea,15,Sea kidombo aha,sena,181,Kuasefo ngolo tima sena,,,
review,indel,h,2.4,ata,58,"Ghenda ata kwake,oka andenyi nyumbeni",hata,138,Midi riseko hata kiju ndechikaa.,,,
auto,indel,l,16.8,lwapo,11,Na jingi sikunekagha lumbo lwapo.,wapo,185,Mwatulituli wapo wawepata shida ya mtandao,,,
review,substitution,e/o,1.4,wake,114,Mumi wake ni kitoi.,wako,81,Kunda jirani wako seji kujikunde,,,
auto,substitution,l/s,38.0,ilanga,5,Ilanga jha choka,isanga,190,Wutamaduni ghwa isanga jedu ni wuzuri,,,
auto,substitution,i/e,12.9,sena,181,Kuasefo ngolo tima sena,sina,14,Sina wuya ghungi,,,
review,substitution,i/u,8.3,skuli,21,Nawaenja mwana skuli ngelo ra saa ikenda uwu.,skulu,174,Wnake wefwana kuenda skulu,,,
auto,indel,s,47.5,ela,190,Ela w'ose w'eelaghaya.,sela,4,Diendagha sela kireti andwamweri na mwawu.,,,
auto,substitution,l/a,12.8,maisha,179,Familia ni muhimu katika maisha ghapo,mlisha,14,Mlisha wapo.,,,
review,indel,u,9.7,skulu,174,Wnake wefwana kuenda skulu,sukulu,18,Kakaia sukulu kusebonye ikosa jingi,,,
auto,substitution,p/r,26.4,wapo,185,Mwatulituli wapo wawepata shida ya mtandao,waro,7,Pusi otoroka mndu waro.,,,
review,substitution,a/u,1.3,agho,109,Maw'iw'i agho.,ugho,81,Ugho ni w'ukelu.,,,
review,indel,o,2.7,moni,51,Mndu uamue moni ichi uchaja.,omoni,137,Ngelo yeghala ni omoni okirieghe.,,,
review,substitution,i/p,1.0,miaka,93,Karne ni miaka ighana jimweri,mpaka,95,Nawona mundu wakimbia kufuma voi mpaka Mwatate usehoreshere anduangi,,,
review,substitution,o/u,1.1,oko,88,Mlungu oko moyo.,uko,99,Mwanafunzi upoiye ni uja uko na tabia ripoiye na ishima ja hali ya ighu,,,
review,substitution,j/r,1.6,iji,114,Iji w'aw'onyera lubando uchaainjwa.,iri,72,Ola kurighore maza iri.,,,
review,substitution,u/o,1.3,ugho,81,Ugho ni w'ukelu.,ughu,105,Mzi ughu ghoko na skulu nyinyi,,,
review,indel,u,3.5,uhu,144,Uhu orekoghe uniereshere udehamishwa.,uhuu,41,Uhuu mndu oka na kazi ipoie.,,,
review,indel,h,5.6,kihi,28,Daw'ida mwaw'aa kihi?,kii,157,Nikuneke kii awai.,,,
auto,substitution,l/n,45.2,sela,4,Diendagha sela kireti andwamweri na mwawu.,sena,181,Kuasefo ngolo tima sena,,,
review,substitution,l/a,8.2,awa,20,Awa wiwae widima kupata.,lwa,164,Nadima kusikira lwaka lwa ndege,,,
auto,substitution,y/n,60.3,sena,181,Kuasefo ngolo tima sena,seya,3,Seya kidombo,,,
review,indel,k,2.1,kuja,59,Familia yapo yadapoilwa kuja andwamweri kila jioni,uja,124,Mwanafunzi upoiye ni uja uko na tabia ripoiye na ishima ja hali ya ighu,,,
review,indel,h,2.6,mbaa,132,Lukundo ni nguvu mbaa,mbaha,51,Charo cha moda mbaha nichesisimua,,,
review,substitution,b/z,3.8,mburi,145,Kochokocho ra mburi.,mzuri,38,Mzuri usaghulo ni Mlungu.,,,
review,substitution,j/s,1.7,iji,114,Iji w'aw'onyera lubando uchaainjwa.,isi,69,Isi ni raiya wa dunia ihi,,,
review,substitution,a/u,3.8,mbari,38,Igho jiko moyo na iyo mbari ya wueli.,mburi,145,Kochokocho ra mburi.,,,
auto,indel,r,59.7,maisha,179,Familia ni muhimu katika maisha ghapo,marisha,3,Wada marisha marinda,,,
review,substitution,s/v,9.1,sana,164,Safari yedu yesafiri kuenda mbugenyi yekoghe yesisimua sana,vana,18,Vana vakongodwa,,,
review,indel,b,6.5,agha,157,Agha ni matuku gha kutua mbai.,bagha,24,Ini ne Mkatoliki nawelindiliwa ni bagha ya Kristo.,,,
auto,indel,i,24.9,sikulu,7,Daw'iaenda sikulu.,skulu,174,Wnake wefwana kuenda skulu,,,
review,substitution,h/r,1.5,ihi,109,Mruke ni ghwa ighu nadime ihi,iri,72,Ola kurighore maza iri.,,,
review,substitution,w/y,1.7,wake,114,Mumi wake ni kitoi.,yake,67,Kila mndu woko na miri na asili yake,,,
auto,indel,r,11.0,oho,165,Ni oho mngara wapo.,roho,15,Ndouelelo ni maana ya ilagho Roho wa Kuela.,,,
review,substitution,r/w,1.7,rake,66,Mbenge rake rachikanya.,wake,114,Mumi wake ni kitoi.,,,
auto,substitution,m/a,28.8,aka,6,Aka oko mkongo sana.,mka,173,Mka oko na kwaw'o.,,,
review,substitution,p/w,1.1,mpaka,95,Nawona mundu wakimbia kufuma voi mpaka Mwatate usehoreshere anduangi,mwaka,84,Mwaka mbishi ni nafasi yezoya wuwishi,,,
review,indel,p,7.5,agha,157,Agha ni matuku gha kutua mbai.,pagha,21,Mbvua yake yawerucha pagha/ Msanga mbua,,,
review,indel,g,2.7,w'engi,130,Ngera ni angu lukundo lwa w'engi losia,w'eni,48,W'eni mwana mkelie inyo.,,,
review,substitution,h/s,1.6,ihi,109,Mruke ni ghwa ighu nadime ihi,isi,69,Isi ni raiya wa dunia ihi,,,
auto,substitution,a/i,11.7,sana,164,Safari yedu yesafiri kuenda mbugenyi yekoghe yesisimua sana,sina,14,Sina wuya ghungi,,,
auto,indel,u,43.2,mka,173,Mka oko na kwaw'o.,muka,4,Saa muka uko na kifu.,,,
review,substitution,r/k,2.4,mkongo,52,Ukakakongoma kumanye waw'uya mkongo.,mrongo,125,Africa yeka na mazanga mrongo isanu na inya,,,
auto,substitution,s/k,12.6,kana,13,Nalomba kunidumie aghaje magome gheenda whughangenyi nakunda nifume aha kiramka kana.,sana,164,Safari yedu yesafiri kuenda mbugenyi yekoghe yesisimua sana,,,
review,substitution,i/w,1.1,miaka,93,Karne ni miaka ighana jimweri,mwaka,84,Mwaka mbishi ni nafasi yezoya wuwishi,,,
review,substitution,y/r,1.1,rapo,85,Nguwo rapo rachafuka,yapo,92,Nyumba yapo yeka kavui na moda,,,
auto,indel,o,57.7,mka,173,Mka oko na kwaw'o.,moka,3,Nambe moka w'akelu huw'u!,,,
auto,indel,a,13.7,saana,12,Wusalama gha barabarenyi ni muhimu saana,sana,164,Safari yedu yesafiri kuenda mbugenyi yekoghe yesisimua sana,,,
auto,substitution,s/b,13.7,bana,12,Neka na wada bana,sana,164,Safari yedu yesafiri kuenda mbugenyi yekoghe yesisimua sana,,,
auto,substitution,d/k,57.7,mda,3,Iri nyonyi raweenda mda mlacha.,mka,173,Mka oko na kwaw'o.,,,
review,indel,',3.1,m'baa,43,Mlodi m'baa ukasigharika ngomenyi kwa mzuri.,mbaa,132,Lukundo ni nguvu mbaa,,,
review,substitution,a/o,2.4,moda,51,Nyumba yapo yeka kavui na moda,modo,124,Ngelo ra mruke ni ra modo saana,,,
review,substitution,d/k,8.7,dii,18,Vua esindanya dii.,kii,157,Nikuneke kii awai.,,,
review,substitution,m/h,4.6,uhu,144,Uhu orekoghe uniereshere udehamishwa.,umu,31,"Kuagha sere ni ijukumu ja kila umu ,mbaa na hata mtini.",,,
auto,indel,u,16.4,lwa,164,Nadima kusikira lwaka lwa ndege,lwau,10,Lwau lowukawuka ndelisowa chogha.,,,
review,substitution,u/o,5.0,mbori,29,Mbori raaw'uya vindo vapo.,mburi,145,Kochokocho ra mburi.,,,
review,indel,',2.3,w'ada,120,W'adaw'ida w'ada poilwa ni chai,wada,53,Da dibonyaa wada.,,,
review,substitution,r/v,1.8,rose,112,Nyonyi rose ra mbeonyi nariichi.,vose,61,Dichatesia vipughi venyu vose.,,,
review,substitution,j/d,2.3,w'ada,120,W'adaw'ida w'ada poilwa ni chai,w'aja,53,Paulo na w'aja w'adumi w'azima.,,,
auto,indel,s,20.5,ana,8,Maghi ana ghachika.,sana,164,Safari yedu yesafiri kuenda mbugenyi yekoghe yesisimua sana,,,
review,indel,n,3.5,inyo,38,Seremmanyireghe inyo.,iyo,133,Igho jiko moyo na iyo mbari ya wueli.,,,
auto,substitution,c/o,27.5,cho,6,Cho dije dadeka mswara na mnavu.,oho,165,Ni oho mngara wapo.,,,
review,substitution,d/z,5.6,mdinyi,26,Wavavirika/Washoghonoka ukisarigha mdinyi,mzinyi,145,Ndekuna anduangi kupoiye sa mzinyi,,,
auto,substitution,g/o,27.5,gho,6,Ihii nyumba eko na wulalo gho horesha.,oho,165,Ni oho mngara wapo.,,,
review,substitution,l/r,8.5,kula,153,Nyonyi ridima kusafiri kula,kura,18,Kuseliwe kura kofia ya wusalama,,,
auto,substitution,u/o,27.5,oho,165,Ni oho mngara wapo.,uho,6,Ni'ini narughua uho mnyango.,,,
auto,substitution,e/a,27.3,ngera,164,Ni ncha ngera walisha wilishagha nyamandu tofauti tofauti,ngere,6,Nashinika ngere nidimagha kuogha vuonyi.,,,
review,substitution,o/a,3.5,mbaa,132,Lukundo ni nguvu mbaa,mboa,38,Kuende mboa mboa,,,
auto,substitution,s/n,32.8,sana,164,Safari yedu yesafiri kuenda mbugenyi yekoghe yesisimua sana,sasa,5,Sasa vindo vakaiya vitini ndeviwekata wandu.,,,
review,substitution,i/u,2.8,ija,45,Skulu ija yeaghwa kavui na moda,uja,124,Mwanafunzi upoiye ni uja uko na tabia ripoiye na ishima ja hali ya ighu,,,
auto,indel,a,41.0,sana,164,Safari yedu yesafiri kuenda mbugenyi yekoghe yesisimua sana,sanaa,4,Sanaa ni chia yejieleza,,,
review,indel,i,1.8,mdi,60,Mdi ghwadamanyika kwa matunda gharo.,midi,108,Midi idareda vua.,,,
review,substitution,a/e,1.4,w'aka,97,W'aka w'eka na ghawo.,w'eka,71,W'andu w'eka na w'uya mzima mzima.,,,
auto,substitution,l/g,41.0,gwa,4,Mchezo gwa moira ghwa mindi ghwmanyikie,lwa,164,Nadima kusikira lwaka lwa ndege,,,
review,indel,i,1.9,ihi,109,Mruke ni ghwa ighu nadime ihi,ihii,58,Ihii kalamu eko na wino ghupoie.,,,
review,substitution,r/w,2.0,rose,112,Nyonyi rose ra mbeonyi nariichi.,wose,55,Wusafiri ghwa wandu wose ni chia ipoiye yesafiri,,,
auto,substitution,l/o,54.7,lwa,164,Nadima kusikira lwaka lwa ndege,owa,3,Chienyi kwake owa midi kufuma Wuimgereza,,,
auto,substitution,l/r,54.7,lwa,164,Nadima kusikira lwaka lwa ndege,rwa,3,Rwa nguwo ra ishima,,,
review,indel,g,2.9,mana,123,Msinde mana.,manga,43,Manga wa kiju.,,,
auto,indel,w,12.8,kula,153,Nyonyi ridima kusafiri kula,kulwa,12,Niki chishekeriagha w'andu kulwa?,,,
review,indel,s,2.1,w'ai,53,W'ai w'adadu w'aghenda mbuw'enyi kuw'waya mbogha,w'asi,112,Ilombi jelomba w'utesia ngelo kwapata w'asi.,,,
review,indel,h,3.0,uja,124,Mwanafunzi upoiye ni uja uko na tabia ripoiye na ishima ja hali ya ighu,ujha,41,Ujha ni m'bori,,,
review,substitution,i/o,1.8,niko,105,Seji niko mkosi.,noko,60,Msakeghada sa w'ana w'a noko.,,,
auto,substitution,k/f,19.6,fii,8,Olua fii sa kira.,kii,157,Nikuneke kii awai.,,,
review,indel,k,1.2,koko,76,Kunoneka koko aghadi.,oko,88,Mlungu oko moyo.,,,
review,substitution,l/m,2.2,kala,113,Sere yake idadua kwa kala na kala.,kama,51,Nawenda kama Ng'ombe,,,
auto,substitution,l/k,13.9,kuka,11,Deko na bahati kuka na afya ipoiye,kula,153,Nyonyi ridima kusafiri kula,,,
auto,substitution,o/a,22.4,agha,157,Agha ni matuku gha kutua mbai.,ogha,7,Kaenda Mombasa na kwende baharinyi kwa ogha na machi gha chumbi,,,
review,substitution,i/e,1.3,eri,92,Wandu wamu wadakaiya nyumbenyi rawo eri kuepuka hali rizamie ra hewa,iri,72,Ola kurighore maza iri.,,,
review,substitution,a/o,2.6,ija,45,Skulu ija yeaghwa kavui na moda,ijo,119,Ituku ijo.,,,
review,substitution,u/a,3.1,aja,40,Neshomea skulu aja____,uja,124,Mwanafunzi upoiye ni uja uko na tabia ripoiye na ishima ja hali ya ighu,,,
review,substitution,k/y,4.3,iko,31,Chovu mbaa yawesela msidunyi iko na wana wake wadadu,iyo,133,Igho jiko moyo na iyo mbari ya wueli.,,,
auto,indel,i,26.2,agha,157,Agha ni matuku gha kutua mbai.,aghia,6,Aghia irughudia.,,,
auto,indel,e,15.3,kuela,10,Idime ni ituku jipoiye ja iruwa na ndoo kuela kabisa,kula,153,Nyonyi ridima kusafiri kula,,,
auto,substitution,a/i,19.4,ndigha,8,"Dedimeghe kuwona shimba, chovu, ndigha katika mazingira ghawo",ndighi,155,Kusekebonya iriso na mndu otumia ndighi.,,,
auto,indel,b,10.6,mao,148,Lukundo lwa mao ni lwa kipekee,mbao,14,Kuseide mbao kima,,,
auto,indel,o,39.2,agha,157,Agha ni matuku gha kutua mbai.,oagha,4,Oagha nyumba ya chumba chimweri.,,,
auto,indel,e,39.2,agha,157,Agha ni matuku gha kutua mbai.,eagha,4,Chongo capo cheka na maghesho eagha choro Mwatate,,,
review,substitution,w/r,1.4,radima,93,Ndodo rako radima kuka loli,wadima,68,"Kusakeobua, wadima kukaia moyo.",,,
review,substitution,w/b,7.0,mbai,20,Agha ni matuku gha kutua mbai.,mwai,141,Mwai wapo waghalie kwawo.,,,
auto,indel,l,52.3,agha,157,Agha ni matuku gha kutua mbai.,lagha,3,Wakabwa ngonde ya Kidari/lagha,,,
auto,substitution,l/w,21.9,kula,153,Nyonyi ridima kusafiri kula,kuwa,7,Kuwa mbogha,,,
auto,substitution,o/a,31.0,vilamba,5,Ihii skulu eko na vilamba vya itana sana.,vilambo,155,Kuaeliwe kughua vilambo va fwana,,,
review,substitution,a/i,2.5,ija,45,Skulu ija yeaghwa kavui na moda,iji,114,Iji w'aw'onyera lubando uchaainjwa.,,,
auto,substitution,l/v,25.5,kula,153,Nyonyi ridima kusafiri kula,kuva,6,Mbuwa yadakunda kualilwa eri kuva mapato malazi.,,,
auto,substitution,k/b,25.5,bula,6,Awongo udeniguya bula wa chilu.,kula,153,Nyonyi ridima kusafiri kula,,,
review,substitution,r/y,2.4,rose,112,Nyonyi rose ra mbeonyi nariichi.,yose,46,Odaika chofi yose.,,,
auto,indel,a,38.2,kuala,4,Idime ni oho kuala w'uli.,kula,153,Nyonyi ridima kusafiri kula,,,
review,indel,k,2.0,niko,105,Seji niko mkosi.,nio,52,Aho nio dawona yawaumiza wandu zaidi.,,,
review,substitution,k/v,2.6,kala,113,Sere yake idadua kwa kala na kala.,vala,44,Bonya kazi na vala vako veni.,,,
auto,substitution,y/d,13.3,ndonyi,11,Umeme ghobara ndonyi.,nyonyi,146,Nyonyi ridima kurama ighu,,,
review,substitution,k/n,3.6,maka,34,Nazoe kukora maka,mana,123,Msinde mana.,,,
auto,substitution,k/v,10.2,kichuku,143,Ni suti iyo ni ya kichuku.,vichuku,14,Tesia wakiwa eri kughaluse maisha ghawo nagha vichuku vawo.,,,
review,substitution,v/y,5.5,ivo,24,Ivo vindo vaka na msingo ghupoie.,iyo,133,Igho jiko moyo na iyo mbari ya wueli.,,,
review,indel,m,9.4,mwai,141,Mwai wapo waghalie kwawo.,wai,15,Ni ncha wai na wadawana wishome,,,
auto,indel,d,12.0,duhu,12,Iji igare jadatesia wandu duhu.,uhu,144,Uhu orekoghe uniereshere udehamishwa.,,,
review,substitution,m/r,9.4,mwai,141,Mwai wapo waghalie kwawo.,rwai,15,Rwai yadareda makongo,,,
auto,indel,n,21.1,mano,7,Wona ghimbe ikineng'ena kusewone mano ghikitifuka.,mao,148,Lukundo lwa mao ni lwa kipekee,,,
review,indel,a,5.7,mabaa,23,Wukame ghukazidi ghwadareda maafa mabaa kwa wakulima na walisha,mbaa,132,Lukundo ni nguvu mbaa,,,
review,substitution,v/s,2.6,w'asi,112,Ilombi jelomba w'utesia ngelo kwapata w'asi.,w'avi,43,"W'ana w'esighwa w'akiw'a, ndew'ine w'avi w'awo",,,
review,substitution,r/k,2.6,kose,43,Teknologia yarahisisha mawasiiano kose wurumwengunyi,rose,112,Nyonyi rose ra mbeonyi nariichi.,,,
review,substitution,o/i,1.2,iri,72,Ola kurighore maza iri.,iro,83,Nichaamumanyisha iro maza.,,,
review,substitution,k/p,2.9,wake,114,Mumi wake ni kitoi.,wape,40,Mkeku wawamnosa mwana wape.,,,
review,substitution,y/j,6.0,jadima,22,Iji itunda jadima kujighwa kwa mda ghose.,yadima,132,Kazi ya ikwanyiko yadima kuka ipoiye zaidi,,,
review,indel,m,2.5,agho,109,Maw'iw'i agho.,magho,43,Nyumba ya magho.,,,
review,indel,k,1.9,kuko,53,Ndokukundikie kuobuo kuko nani.,uko,99,Mwanafunzi upoiye ni uja uko na tabia ripoiye na ishima ja hali ya ighu,,,
review,substitution,j/v,3.0,iji,114,Iji w'aw'onyera lubando uchaainjwa.,ivi,38,Ivi vindo vasinga.,,,
review,substitution,a/i,6.6,mbaa,132,Lukundo ni nguvu mbaa,mbai,20,Agha ni matuku gha kutua mbai.,,,
review,substitution,y/v,6.6,vadima,20,Vichuku vadima kureda maghaluso ghiboie.,yadima,132,Kazi ya ikwanyiko yadima kuka ipoiye zaidi,,,
review,indel,',2.9,w'asi,112,Ilombi jelomba w'utesia ngelo kwapata w'asi.,wasi,39,Wasi ghwapo ghwanikata.,,,
review,substitution,y/n,6.9,nadima,19,Nadima kusikira lwaka lwa ndege,yadima,132,Kazi ya ikwanyiko yadima kuka ipoiye zaidi,,,
review,indel,n,1.1,ani,79,Kukasighwa ni fumanya na ani.,nani,71,Wele nani orelodieghe maza iro?,,,
review,substitution,k/p,1.6,yako,58,Tumia muda na familia yako,yapo,92,Nyumba yapo yeka kavui na moda,,,
review,substitution,d/n,1.8,wada,53,Da dibonyaa wada.,wana,97,Wana wawecheza kiwachenyi,,,
auto,substitution,o/u,24.0,uho,6,Ni'ini narughua uho mnyango.,uhu,144,Uhu orekoghe uniereshere udehamishwa.,,,
review,substitution,j/k,1.8,w'aja,53,Paulo na w'aja w'adumi w'azima.,w'aka,97,W'aka w'eka na ghawo.,,,
review,substitution,k/j,3.8,ijo,119,Ituku ijo.,iko,31,Chovu mbaa yawesela msidunyi iko na wana wake wadadu,,,
review,substitution,k/p,1.3,ghako,66,Maghesho ghako ni muhimu,ghapo,84,Sikira nicha madongozo ghapo,,,
review,substitution,d/y,4.8,modo,124,Ngelo ra mruke ni ra modo saana,moyo,26,Igho jiko moyo na iyo mbari ya wueli.,,,
review,indel,a,8.3,iyao,16,Shekeria yelwa ni ki/ iyao?,iyo,133,Igho jiko moyo na iyo mbari ya wueli.,,,
review,indel,n,8.3,iyo,133,Igho jiko moyo na iyo mbari ya wueli.,niyo,16,Ija niyo mali ivisiro.,,,
review,indel,',1.9,iruw'a,51,Iruw'a jhadabia nandighi dimeghadi,iruwa,98,"Iruwa jikatua, ndoe yakaia na rangi ighokie",,,
auto,indel,i,36.2,mizinyi,4,Nashinikie hata skulu ra mizinyi w'ana w'iadeda Kiswahili na Kizungu,mzinyi,145,Ndekuna anduangi kupoiye sa mzinyi,,,
auto,substitution,w/h,28.8,uhu,144,Uhu orekoghe uniereshere udehamishwa.,uwu,5,Nawaenja mwana skuli ngelo ra saa ikenda uwu.,,,
auto,substitution,i/o,48.7,nyonyi,146,Nyonyi ridima kurama ighu,nyonyo,3,Nyonyo rabwaghwa,,,
review,substitution,g/c,1.3,chapo,65,Charo chapo chedeka kilacha na chechokesha,ghapo,84,Sikira nicha madongozo ghapo,,,
review,substitution,e/o,1.6,yape,57,Walaghasha ndagha yape,yapo,92,Nyumba yapo yeka kavui na moda,,,
auto,indel,r,20.1,mwai,141,Mwai wapo waghalie kwawo.,mwari,7,Mterengo ghwasighwa ghwari/mwari,,,
review,indel,n,1.5,noko,60,Msakeghada sa w'ana w'a noko.,oko,88,Mlungu oko moyo.,,,
review,substitution,o/u,1.2,huw'o,66,Kwaki waweadeda huw'o?,huw'u,82,Hata niseendajoka Dawida huw'u.,,,
auto,substitution,u/s,36.0,shu,4,Wana wapoilwagha ni kusarigha shu,uhu,144,Uhu orekoghe uniereshere udehamishwa.,,,
review,substitution,w/j,3.4,jake,34,Ukajikoja isu jake.,wake,114,Mumi wake ni kitoi.,,,
review,substitution,d/y,4.3,w'ada,120,W'adaw'ida w'ada poilwa ni chai,w'aya,28,Orekoghe na w'wana ghodeda ghuseko na w'aya.,,,
review,substitution,a/e,8.2,kubonya,132,Mando ghamu ni ncha kubonya mazoezi,kubonye,16,Matuku ghose tima kubonye mecha.,,,
review,indel,k,3.5,kwake,33,Mkelu wadaghamba ngolonyi kwake.,wake,114,Mumi wake ni kitoi.,,,
auto,indel,u,15.3,hata,138,Midi riseko hata kiju ndechikaa.,hatua,9,Poilwa ni nila hatua ya maisha ghako,,,
auto,substitution,l/h,48.0,uhu,144,Uhu orekoghe uniereshere udehamishwa.,ulu,3,Sigheshaa nipataa magome ghangi ulu luma lwa penyu.,,,
review,substitution,h/v,2.9,ihi,109,Mruke ni ghwa ighu nadime ihi,ivi,38,Ivi vindo vasinga.,,,
review,substitution,o/e,1.3,ndee,83,Ghuw'ikilo ni ndee.,ndoe,64,"Iruwa jikatua, ndoe yakaia na rangi ighokie",,,
review,indel,',8.1,w'engi,130,Ngera ni angu lukundo lwa w'engi losia,wengi,16,Wandu wengi wadapoilwaa ni kusafiri,,,
auto,indel,m,47.7,kichuku,143,Ni suti iyo ni ya kichuku.,mkichuku,3,Kula mkichuku oka na igare.,,,
review,substitution,m/i,9.4,ibaa,14,Iji igare jeka na injini ibaa.,mbaa,132,Lukundo ni nguvu mbaa,,,
review,substitution,a/o,9.4,mbaa,132,Lukundo ni nguvu mbaa,mbao,14,Kuseide mbao kima,,,
review,substitution,u/e,2.1,eko,47,Ihii kalamu eko na wino ghupoie.,uko,99,Mwanafunzi upoiye ni uja uko na tabia ripoiye na ishima ja hali ya ighu,,,
auto,substitution,t/s,19.7,hasa,7,W'andu hasa w'a kiw'omi kughochuaghochua chienyi ni w'aya.,hata,138,Midi riseko hata kiju ndechikaa.,,,
auto,substitution,t/j,19.7,haja,7,Sine haja na njau.,hata,138,Midi riseko hata kiju ndechikaa.,,,
auto,substitution,y/d,10.2,dadima,13,Dadima ngera dizere hali ya agho makongo yakundikie wandu wibonye wada?,yadima,132,Kazi ya ikwanyiko yadima kuka ipoiye zaidi,,,
review,indel,',3.8,w'ake,30,W'aw'ibonya malaika w'ake w'iw'uye mbeo.,wake,114,Mumi wake ni kitoi.,,,
review,substitution,e/i,2.7,neko,39,Neko na kutatizika kwa kujifundisha lugha mbishi,niko,105,Seji niko mkosi.,,,
review,substitution,v/j,5.0,ijo,119,Ituku ijo.,ivo,24,Ivo vindo vaka na msingo ghupoie.,,,
review,substitution,u/a,5.2,w'ada,120,W'adaw'ida w'ada poilwa ni chai,w'uda,23,W'andu w'elwa w'atesiagha nandighi ngelo ra w'uda.,,,
review,substitution,e/a,3.9,waka,29,Washomi waka wengi wa mashomo tofauti,wake,114,Mumi wake ni kitoi.,,,
review,indel,',2.5,mbuw'enyi,101,Dende mbuw'enyi.,mbuwenyi,41,Naweghenda mbuwenyi nienda lola mbogha na wijomba veja lumalwakenyi.,,,
review,indel,a,6.5,maana,19,Wufundi ni wujuzi ghwa maana,mana,123,Msinde mana.,,,
review,substitution,a/o,1.2,koka,66,Andenyi ya Nyumba koka na choka,koko,76,Kunoneka koko aghadi.,,,
review,substitution,n/r,1.8,moni,51,Mndu uamue moni ichi uchaja.,mori,91,Vua mbaha yaw'esuw'irilwa mori ghuchagha.,,,
auto,indel,w,14.7,kubonya,132,Mando ghamu ni ncha kubonya mazoezi,kubonywa,9,Maghaluso ghadima kubonywa ni wandu wa kawaida.,,,
review,substitution,l/n,1.2,leka,65,Leka w'iniloghe.,neka,76,Neka kula umweri maghana ghake masanu.,,,
review,substitution,v/m,6.8,mana,123,Msinde mana.,vana,18,Vana vakongodwa,,,
review,substitution,a/i,7.3,uja,124,Mwanafunzi upoiye ni uja uko na tabia ripoiye na ishima ja hali ya ighu,uji,17,Kuweseree uji uhoo,,,
review,substitution,o/e,1.1,ghake,75,Ndoe yafunya mavalo ghake.,ghako,66,Maghesho ghako ni muhimu,,,
review,substitution,r/s,1.0,iri,72,Ola kurighore maza iri.,isi,69,Isi ni raiya wa dunia ihi,,,
auto,indel,u,45.7,omoni,137,Ngelo yeghala ni omoni okirieghe.,uomoni,3,Walowolwa ni mndu oka kavui na uomoni.,,,
auto,indel,m,16.5,baa,8,Baa w'awi kuchumba umweri.,mbaa,132,Lukundo ni nguvu mbaa,,,
review,substitution,l/k,1.0,w'eke,69,"Na mbogha, w'andu kala w'edojha w'eke kabeji?",w'ele,71,"W'ele, ta nani ubonyagha iyo kazi yeandika?",,,
review,substitution,d/z,3.4,midi,108,Midi idareda vua.,mizi,32,W'andu w'engi idakoni w'angirilo modo kwa mizi raw'o.,,,
review,substitution,v/w,4.4,vake,26,Vuo vake verashuka,wake,114,Mumi wake ni kitoi.,,,
review,substitution,d/n,7.2,mada,17,Chuilwa mada.,mana,123,Msinde mana.,,,
review,substitution,e/a,1.0,w'eka,71,W'andu w'eka na w'uya mzima mzima.,w'eke,69,"Na mbogha, w'andu kala w'edojha w'eke kabeji?",,,
review,substitution,y/w,1.4,wako,81,Kunda jirani wako seji kujikunde,yako,58,Tumia muda na familia yako,,,
review,substitution,y/j,2.0,japo,47,Irina Japo ni Mwamburi,yapo,92,Nyumba yapo yeka kavui na moda,,,
review,substitution,g/c,4.1,icho,112,Nasowie dilo kufuma icho.,igho,27,Igho jiko moyo na iyo mbari ya wueli.,,,
auto,substitution,a/u,18.9,mbaa,132,Lukundo ni nguvu mbaa,mbau,7,Mbau rejighwa ni msaghu,,,
auto,substitution,u/a,22.0,kabonya,6,Kuhee kabonya kaung'a,kubonya,132,Mando ghamu ni ncha kubonya mazoezi,,,
auto,substitution,a/u,22.0,mbaa,132,Lukundo ni nguvu mbaa,mbua,6,Mbvua yake yawerucha pagha/ Msanga mbua,,,
review,indel,l,5.0,lwake,23,Lwembe lwake lumweri lochika.,wake,114,Mumi wake ni kitoi.,,,
auto,indel,i,26.4,kubonya,132,Mando ghamu ni ncha kubonya mazoezi,kuibonya,5,Kwaw'aie kuibonya aho nanyuma?,,,
review,indel,k,3.9,ihi,109,Mruke ni ghwa ighu nadime ihi,kihi,28,Daw'ida mwaw'aa kihi?,,,
auto,indel,i,26.4,mbaa,132,Lukundo ni nguvu mbaa,mibaa,5,Iji isanga jeko na mighondi mibaa.,,,
review,substitution,i/u,3.3,ighu,32,Nyonyi ridima kurama ighu,ughu,105,Mzi ughu ghoko na skulu nyinyi,,,
review,substitution,k/p,1.6,rako,52,Kusesighe ndodo rako rifo,rapo,85,Nguwo rapo rachafuka,,,
auto,substitution,d/r,26.4,yadima,132,Kazi ya ikwanyiko yadima kuka ipoiye zaidi,yarima,5,Taa yarima.,,,
review,indel,n,3.4,iko,31,Chovu mbaa yawesela msidunyi iko na wana wake wadadu,niko,105,Seji niko mkosi.,,,
auto,substitution,e/u,21.7,w'engi,130,Ngera ni angu lukundo lwa w'engi losia,w'ungi,6,Mwalughongo wa kifumbu oreka na mbuw'a mbaa iko na mbogha mbogha na matunda kwa w'ungi.,,,
auto,substitution,m/a,33.0,abaa,4,Abaa wapo,mbaa,132,Lukundo ni nguvu mbaa,,,
review,substitution,n/u,9.5,mana,123,Msinde mana.,maua,13,Magome ni maua sena ghadabwagha.,,,
review,substitution,k/n,1.3,koko,76,Kunoneka koko aghadi.,noko,60,Msakeghada sa w'ana w'a noko.,,,
review,substitution,k/m,9.5,kana,13,Nalomba kunidumie aghaje magome gheenda whughangenyi nakunda nifume aha kiramka kana.,mana,123,Msinde mana.,,,
review,substitution,a/i,4.0,agho,109,Maw'iw'i agho.,igho,27,Igho jiko moyo na iyo mbari ya wueli.,,,
review,substitution,n/r,1.3,neka,76,Neka kula umweri maghana ghake masanu.,reka,60,"Ndodo ndazi nderilikumbukwa,ela ramu kwariloda na reka nderiliwikagha.",,,
review,substitution,y/v,2.1,vapo,44,Mbori raaw'uya vindo vapo.,yapo,92,Nyumba yapo yeka kavui na moda,,,
auto,indel,w,44.0,mbaa,132,Lukundo ni nguvu mbaa,mbawa,3,Nyonyi radima kukaia na mbawa ndacha.,,,
review,substitution,o/e,1.9,eko,47,Ihii kalamu eko na wino ghupoie.,oko,88,Mlungu oko moyo.,,,
auto,substitution,a/i,44.0,mbaa,132,Lukundo ni nguvu mbaa,mbia,3,Daweenda kota mbia,,,
auto,substitution,y/m,44.0,madima,3,Madima gha mburi ghesinga,yadima,132,Kazi ya ikwanyiko yadima kuka ipoiye zaidi,,,
auto,substitution,b/m,10.2,bana,12,Neka na wada bana,mana,123,Msinde mana.,,,
auto,substitution,s/n,10.2,mana,123,Msinde mana.,masa,12,Mka wakufungua masa,,,
review,indel,k,1.0,kwadima,66,Kusikira mziki na kughucheza kwadima kukuburudisha na kukupumzisha akili,wadima,68,"Kusakeobua, wadima kukaia moyo.",,,
review,substitution,j/w,5.7,iji,114,Iji w'aw'onyera lubando uchaainjwa.,iwi,20,Nichamshana mao shilingi mirongo iwi.,,,
auto,substitution,d/k,12.4,modo,124,Ngelo ra mruke ni ra modo saana,moko,10,W'omi moko na ndighi.,,,
auto,indel,k,15.6,imbiri,125,Lukundo lwa imbiri,kimbiri,8,Uhuu muisanga wakunde kwenda kimbiri.,,,
review,indel,w,1.3,ghake,75,Ndoe yafunya mavalo ghake.,ghwake,58,Kila jamii yeko na wutamaduni ghwake,,,
auto,indel,a,43.3,w'engi,130,Ngera ni angu lukundo lwa w'engi losia,w'engia,3,"Kwafwani koni icho icho, vilongozi vimu va ikanisa w'engia siasa.",,,
review,indel,b,2.7,bwana,36,Kukaia na irumirio na Bwana.,wana,97,Wana wawecheza kiwachenyi,,,
review,substitution,l/b,5.7,kaba,20,Diende kaba mpira,kala,113,Sere yake idadua kwa kala na kala.,,,
auto,substitution,e/a,43.3,w'angi,3,W'aja ni w'avi w'ape w'angi.,w'engi,130,Ngera ni angu lukundo lwa w'engi losia,,,
review,substitution,w/n,2.7,wana,97,Wana wawecheza kiwachenyi,wawa,36,Neenda roghua wawa wapo nikamdwaia mbogha.,,,
review,substitution,r/w,1.6,rako,52,Kusesighe ndodo rako rifo,wako,81,Kunda jirani wako seji kujikunde,,,
review,substitution,r/y,1.0,rake,66,Mbenge rake rachikanya.,yake,67,Kila mndu woko na miri na asili yake,,,
review,substitution,r/j,1.8,japo,47,Irina Japo ni Mwamburi,rapo,85,Nguwo rapo rachafuka,,,
auto,indel,m,15.4,ana,8,Maghi ana ghachika.,mana,123,Msinde mana.,,,
auto,indel,u,42.7,nyamandu,128,Shimba ni nyamandu ibirie,nyamanduu,3,Nyamanduu ra isakenyi radared magome kwa surukale,,,
auto,indel,i,20.8,mirongo,6,Nichamshana mao shilingi mirongo iwi.,mrongo,125,Africa yeka na mazanga mrongo isanu na inya,,,
auto,indel,y,15.4,mana,123,Msinde mana.,manya,8,Manya mazingira ghako,,,
review,substitution,l/m,1.8,lwaka,47,Nadima kusikira lwaka lwa ndege,mwaka,84,Mwaka mbishi ni nafasi yezoya wuwishi,,,
review,substitution,d/s,2.9,jedu,34,Wutamaduni ghwa isanga jedu ni wuzuri,jesu,97,Dimkase Jesu.,,,
review,substitution,r/p,1.0,chapo,65,Charo chapo chedeka kilacha na chechokesha,charo,66,Charo chapo chedeka kilacha na chechokesha,,,
review,substitution,i/u,6.7,iji,114,Iji w'aw'onyera lubando uchaainjwa.,uji,17,Kuweseree uji uhoo,,,
review,substitution,a/e,6.7,wake,114,Mumi wake ni kitoi.,weke,17,Yeko ng'ombe ya weke mwaawu kuserefunyireghe.,,,
review,indel,n,1.4,eka,54,Eka ghadi na ghadi ya bahari.,neka,76,Neka kula umweri maghana ghake masanu.,,,
review,substitution,i/u,3.2,iko,31,Chovu mbaa yawesela msidunyi iko na wana wake wadadu,uko,99,Mwanafunzi upoiye ni uja uko na tabia ripoiye na ishima ja hali ya ighu,,,
review,substitution,i/u,4.9,midi,108,Midi idareda vua.,mudi,22,Matuku ghose mwadeda ngelo rose kavui ya mudi ughu.,,,
auto,substitution,o/a,17.6,mana,123,Msinde mana.,mano,7,Wona ghimbe ikineng'ena kusewone mano ghikitifuka.,,,
review,indel,p,2.8,maka,34,Nazoe kukora maka,mpaka,95,Nawona mundu wakimbia kufuma voi mpaka Mwatate usehoreshere anduangi,,,
review,substitution,u/o,1.4,koko,76,Kunoneka koko aghadi.,kuko,53,Ndokukundikie kuobuo kuko nani.,,,
review,substitution,h/w,5.5,ihi,109,Mruke ni ghwa ighu nadime ihi,iwi,20,Nichamshana mao shilingi mirongo iwi.,,,
review,substitution,n/d,1.4,deka,53,Deka na nafasi imweri tu yeishi,neka,76,Neka kula umweri maghana ghake masanu.,,,
review,substitution,r/v,1.9,rapo,85,Nguwo rapo rachafuka,vapo,44,Mbori raaw'uya vindo vapo.,,,
auto,substitution,u/o,24.8,oja,5,Uja mwanawaka oja magome ghapo.,uja,124,Mwanafunzi upoiye ni uja uko na tabia ripoiye na ishima ja hali ya ighu,,,
review,substitution,z/d,1.1,mdi,60,Mdi ghwadamanyika kwa matunda gharo.,mzi,68,Mzi ughu ghoko na skulu nyinyi,,,
review,substitution,j/z,8.1,iji,114,Iji w'aw'onyera lubando uchaainjwa.,izi,14,Kidasi cha mawora ndechitanya na izi.,,,
review,indel,n,6.1,agho,109,Maw'iw'i agho.,nagho,18,Ghuja wasi kuko nagho kughorie Mlingu ukutesie,,,
auto,indel,w,41.3,uja,124,Mwanafunzi upoiye ni uja uko na tabia ripoiye na ishima ja hali ya ighu,wuja,3,Ruwukenyi wuja mpande.,,,
auto,indel,l,41.3,luja,3,Luja lose ni lwala,uja,124,Mwanafunzi upoiye ni uja uko na tabia ripoiye na ishima ja hali ya ighu,,,
review,indel,i,2.7,maka,34,Nazoe kukora maka,miaka,93,Karne ni miaka ighana jimweri,,,
review,substitution,r/j,7.5,jose,15,Irughu Jose jawurwa,rose,112,Nyonyi rose ra mbeonyi nariichi.,,,
auto,substitution,e/a,41.3,uja,124,Mwanafunzi upoiye ni uja uko na tabia ripoiye na ishima ja hali ya ighu,uje,3,Angu uje aba wamkunde mwana,,,
review,substitution,i/o,4.8,niki,22,Ighuri jaro niki??,niko,105,Seji niko mkosi.,,,
review,substitution,e/a,3.2,w'aka,97,W'aka w'eka na ghawo.,w'ake,30,W'aw'ibonya malaika w'ake w'iw'uye mbeo.,,,
review,indel,',3.3,w'aka,97,W'aka w'eka na ghawo.,waka,29,Washomi waka wengi wa mashomo tofauti,,,
auto,indel,i,20.0,w'ada,120,W'adaw'ida w'ada poilwa ni chai,w'adia,6,W'adia kilambo kizima.,,,
auto,indel,i,20.0,w'ada,120,W'adaw'ida w'ada poilwa ni chai,w'aida,6,W'aida naro naisi,,,
review,substitution,n/k,3.3,waka,29,Washomi waka wengi wa mashomo tofauti,wana,97,Wana wawecheza kiwachenyi,,,
review,substitution,e/o,2.0,ghape,42,Kula manake oko na ndodo na malengo ghape.,ghapo,84,Sikira nicha madongozo ghapo,,,
review,substitution,n/l,8.7,kala,113,Sere yake idadua kwa kala na kala.,kana,13,Nalomba kunidumie aghaje magome gheenda whughangenyi nakunda nifume aha kiramka kana.,,,
auto,substitution,r/n,41.0,mana,123,Msinde mana.,mara,3,W'andu w'anekwa kumara-mara ichia na ichia.,,,
review,substitution,z/k,2.7,maka,34,Nazoe kukora maka,maza,92,Ini ni mshomi wa maza ra sayansi,,,
review,substitution,k/y,3.5,w'aka,97,W'aka w'eka na ghawo.,w'aya,28,Orekoghe na w'wana ghodeda ghuseko na w'aya.,,,
review,substitution,l/r,1.1,leka,65,Leka w'iniloghe.,reka,60,"Ndodo ndazi nderilikumbukwa,ela ramu kwariloda na reka nderiliwikagha.",,,
review,substitution,o/e,1.2,yake,67,Kila mndu woko na miri na asili yake,yako,58,Tumia muda na familia yako,,,
review,indel,n,6.8,midi,108,Midi idareda vua.,mindi,16,Mchezo gwa moira ghwa mindi ghwmanyikie,,,
review,substitution,p/k,1.2,yake,67,Kila mndu woko na miri na asili yake,yape,57,Walaghasha ndagha yape,,,
review,substitution,v/m,1.5,madu,50,Uhu oka na madu ghesikira usikire.,vadu,74,Kuseliwe kurwa vadu va wusalama,,,
auto,indel,u,40.0,w'ada,120,W'adaw'ida w'ada poilwa ni chai,w'uada,3,W'uada vindo vako.,,,
auto,indel,n,10.2,icho,112,Nasowie dilo kufuma icho.,nicho,11,Icho nicho chichanitesia kufuma aha.,,,
review,substitution,h/z,7.8,ihi,109,Mruke ni ghwa ighu nadime ihi,izi,14,Kidasi cha mawora ndechitanya na izi.,,,
review,substitution,o/u,4.3,mbeo,100,"Mbeo ikavida, didapata theluji",mbeu,23,Iji itunda ndejine mbeu.,,,
review,substitution,k/f,1.9,chofi,81,Chofi yadareda zua.,choki,42,Choki reka mwadunyi,,,
review,substitution,c/g,1.6,chake,48,Kifumbi chake cha nguma.,ghake,75,Ndoe yafunya mavalo ghake.,,,
auto,indel,h,14.2,ijhi,8,Ikanisa ijhi jhe kaba makofi Jiwangwagha,iji,114,Iji w'aw'onyera lubando uchaainjwa.,,,
review,indel,',1.9,daw'ida,80,Makanisa gha Daw'ida gheka pacha,dawida,42,Hata niseendajoka Dawida huw'u.,,,
auto,indel,h,39.7,ijho,3,Ijho nijho irumirio,ijo,119,Ituku ijo.,,,
review,substitution,r/d,7.7,midi,108,Midi idareda vua.,miri,14,Kila mndu woko na miri na asili yake,,,
review,substitution,n/y,1.7,neka,76,Neka kula umweri maghana ghake masanu.,yeka,46,Nyumba yapo yeka kavui na moda,,,
review,substitution,o/a,1.4,w'eka,71,W'andu w'eka na w'uya mzima mzima.,w'eko,50,W'andu w'eko na hachi esaghua.,,,
review,substitution,y/k,6.6,niko,105,Seji niko mkosi.,niyo,16,Ija niyo mali ivisiro.,,,
review,substitution,o/a,4.0,w'aka,97,W'aka w'eka na ghawo.,w'ako,24,Dedanya na w'ana w'ako,,,
review,indel,b,3.1,mbori,29,Mbori raaw'uya vindo vapo.,mori,91,Vua mbaha yaw'esuw'irilwa mori ghuchagha.,,,
review,indel,a,3.6,ichi,94,Nalomba kunitesie na chaghu ichi,ichia,26,Mokunda kukaba mori ichia mwawedafuna boboro.,,,
review,indel,j,3.1,ingi,29,Ndeekoghe chia ingi zima ela kulala isakenyi.,jingi,91,Lukundo lwa loli jingi ndelufue,,,
review,substitution,n/w,7.0,niko,105,Seji niko mkosi.,wiko,15,Awo wose wiko moyo.,,,
review,substitution,p/b,9.9,kuboilwa,109,Kuboilwa kwa loli.,kupoilwa,11,Ituku jako jike na kupoilwa,,,
auto,substitution,i/l,16.1,kaia,7,Kaia na mawono mecha kwa malagho ghose kubonyagha kudafanikilwa.,kala,113,Sere yake idadua kwa kala na kala.,,,
review,substitution,n/d,7.0,diko,15,Mao odeka ukighora nandighi diko shighadi dikimsikira,niko,105,Seji niko mkosi.,,,
review,indel,l,1.2,eka,54,Eka ghadi na ghadi ya bahari.,leka,65,Leka w'iniloghe.,,,
review,substitution,o/e,1.4,w'eke,69,"Na mbogha, w'andu kala w'edojha w'eke kabeji?",w'eko,50,W'andu w'eko na hachi esaghua.,,,
review,substitution,i/o,2.8,iko,31,Chovu mbaa yawesela msidunyi iko na wana wake wadadu,oko,88,Mlungu oko moyo.,,,
review,substitution,n/r,7.5,niko,105,Seji niko mkosi.,riko,14,Nguwo riko rielie ni muhimu,,,
review,substitution,r/k,7.5,niko,105,Seji niko mkosi.,niro,14,Aha dalima sukuma na tindi niro niwonagha rawebonya nicha zaidi aha dawida.,,,
review,indel,',3.1,mbuw'a,89,Mbuw'a ra w'adaw'ida,mbuwa,29,Mbuwa ijilo vindo yadamanyika matasa.,,,
auto,indel,i,18.7,cho,6,Cho dije dadeka mswara na mnavu.,icho,112,Nasowie dilo kufuma icho.,,,
auto,indel,r,18.7,ose,6,Mngulu wape ose ononeka kuzoyenyi kwa kimu chekuw'ida.,rose,112,Nyonyi rose ra mbeonyi nariichi.,,,
review,indel,w,2.5,ghapo,84,Sikira nicha madongozo ghapo,ghwapo,34,Wasi ghwapo ghwanikata.,,,
review,indel,w,2.5,maka,34,Nazoe kukora maka,mwaka,84,Mwaka mbishi ni nafasi yezoya wuwishi,,,
auto,indel,b,22.6,kabla,5,Dakundikie dirighite machi kabla yeghinywa.,kala,113,Sere yake idadua kwa kala na kala.,,,
review,substitution,l/d,1.2,deka,53,Deka na nafasi imweri tu yeishi,leka,65,Leka w'iniloghe.,,,
auto,substitution,k/l,22.6,kala,113,Sere yake idadua kwa kala na kala.,lala,5,W'andu w'ose w'aw'eghenda lala nokoo,,,
auto,substitution,k/j,28.5,waje,4,Waje wai waichi kuvina,wake,114,Mumi wake ni kitoi.,,,
auto,substitution,l/j,22.6,kaja,5,Kaja manga kunyo machi malazi,kala,113,Sere yake idadua kwa kala na kala.,,,
review,substitution,o/e,1.3,rake,66,Mbenge rake rachikanya.,rako,52,Kusesighe ndodo rako rifo,,,
auto,indel,a,22.4,w'aasi,5,W'utesia ghwa w'aasi ghodumbulwa.,w'asi,112,Ilombi jelomba w'utesia ngelo kwapata w'asi.,,,
auto,indel,u,22.4,w'asi,112,Ilombi jelomba w'utesia ngelo kwapata w'asi.,w'uasi,5,Sikunde w'uasi ghungi na oho.,,,
auto,indel,m,38.0,iji,114,Iji w'aw'onyera lubando uchaainjwa.,miji,3,Ndekune miji iboie skulu ra cha mzinyi.,,,
auto,indel,j,13.6,ihi,109,Mruke ni ghwa ighu nadime ihi,ijhi,8,Ikanisa ijhi jhe kaba makofi Jiwangwagha,,,
auto,indel,u,28.2,kala,113,Sere yake idadua kwa kala na kala.,kuala,4,Idime ni oho kuala w'uli.,,,
review,substitution,h/w,6.3,aho,101,Aho niko kuchaadima kutala.,awo,16,Awo wose ni wawiwi.,,,
auto,substitution,l/r,28.2,kala,113,Sere yake idadua kwa kala na kala.,kara,4,Kara kara na mabonyo ghako,,,
review,substitution,p/k,1.8,ghake,75,Ndoe yafunya mavalo ghake.,ghape,42,Kula manake oko na ndodo na malengo ghape.,,,
review,substitution,h/m,6.3,hae,16,Hae hae,mae,101,Mae wafwa imbe.,,,
review,substitution,t/b,1.0,aba,59,Ghenda kwa aba kumkotie uche na iseghe.,ata,58,"Ghenda ata kwake,oka andenyi nyumbeni",,,
auto,substitution,l/k,28.2,kaka,4,Nyumba ya kaka erew'ada modo.,kala,113,Sere yake idadua kwa kala na kala.,,,
review,substitution,z/d,1.4,wadima,68,"Kusakeobua, wadima kukaia moyo.",wazima,48,Dekona ifungu jetesia wazima,,,
auto,substitution,o/a,28.0,icha,4,Dibora chumbo ilinga njumwa icha ikanisenyi?,icho,112,Nasowie dilo kufuma icho.,,,
review,substitution,v/w,1.1,vose,61,Dichatesia vipughi venyu vose.,wose,55,Wusafiri ghwa wandu wose ni chia ipoiye yesafiri,,,
auto,substitution,k/w,37.7,kala,113,Sere yake idadua kwa kala na kala.,wala,3,Nausikira wala neusikira.,,,
auto,indel,g,18.2,ighi,6,Nawalindia ighi mapemba ghisejigho ni fuwe.,ihi,109,Mruke ni ghwa ighu nadime ihi,,,
auto,indel,a,18.2,agho,109,Maw'iw'i agho.,gho,6,Ihii nyumba eko na wulalo gho horesha.,,,
auto,indel,y,22.0,nyumbeni,5,"Ghenda ata kwake,oka andenyi nyumbeni",nyumbenyi,110,Wandu wamu wadakaiya nyumbenyi rawo eri kuepuka hali rizamie ra hewa,,,
review,substitution,j/r,4.2,jadima,22,Iji itunda jadima kujighwa kwa mda ghose.,radima,93,Ndodo rako radima kuka loli,,,
review,substitution,a/o,1.9,neka,76,Neka kula umweri maghana ghake masanu.,neko,39,Neko na kutatizika kwa kujifundisha lugha mbishi,,,
auto,substitution,c/j,37.3,icho,112,Nasowie dilo kufuma icho.,ijho,3,Ijho nijho irumirio,,,
review,substitution,v/w,5.4,vana,18,Vana vakongodwa,wana,97,Wana wawecheza kiwachenyi,,,
review,substitution,l/p,2.6,malemba,32,Mdi ghukademwa malemba ghadaoma.,mapemba,83,Mapemba ghaw'urwa.,,,
review,substitution,o/e,1.1,tee,55,W'alodi w'a tee w'echachurikia.,toe,60,Nadakunugha toe kwa loli.,,,
review,substitution,w/n,7.8,nakio,102,Nyerinyeri raweaka nakio,wakio,13,Ambango udawangw wakio,,,
review,indel,r,1.1,eka,54,Eka ghadi na ghadi ya bahari.,reka,60,"Ndodo ndazi nderilikumbukwa,ela ramu kwariloda na reka nderiliwikagha.",,,
review,substitution,k/r,2.7,iko,31,Chovu mbaa yawesela msidunyi iko na wana wake wadadu,iro,83,Nichaamumanyisha iro maza.,,,
review,substitution,e/a,7.1,mbao,14,Kuseide mbao kima,mbeo,100,"Mbeo ikavida, didapata theluji",,,
auto,substitution,v/n,11.7,niko,105,Seji niko mkosi.,viko,9,Wandu wakundikia vilambo viko navo karibu na eweweni.,,,
review,substitution,b/p,1.1,aba,59,Ghenda kwa aba kumkotie uche na iseghe.,apa,55,Dikaghenda hotelinyi na apa.,,,
review,indel,',5.3,w'amu,95,W'adedi w'amu w'adaghora Aba na w'azima Apa--mvi wa w'omi,wamu,18,Wandu wamu wadakaiya nyumbenyi rawo eri kuepuka hali rizamie ra hewa,,,
review,indel,m,2.9,mwaka,84,Mwaka mbishi ni nafasi yezoya wuwishi,waka,29,Washomi waka wengi wa mashomo tofauti,,,
auto,indel,l,27.2,ihi,109,Mruke ni ghwa ighu nadime ihi,lihi,4,Kovalo lihi?,,,
review,substitution,d/r,1.1,deka,53,Deka na nafasi imweri tu yeishi,reka,60,"Ndodo ndazi nderilikumbukwa,ela ramu kwariloda na reka nderiliwikagha.",,,
review,substitution,m/w,6.1,mengi,97,Kushoma ni chia yejifundisha mengi,wengi,16,Wandu wengi wadapoilwaa ni kusafiri,,,
review,substitution,v/r,4.7,radima,93,Ndodo rako radima kuka loli,vadima,20,Vichuku vadima kureda maghaluso ghiboie.,,,
review,substitution,b/p,2.8,mabemba,30,Mfu ghwa mapemba/mabemba ghwasia,mapemba,83,Mapemba ghaw'urwa.,,,
auto,substitution,w/k,13.1,niko,105,Seji niko mkosi.,niwo,8,Uo niwo uwiseragha wabaa.,,,
review,substitution,t/p,1.1,apa,55,Dikaghenda hotelinyi na apa.,ata,58,"Ghenda ata kwake,oka andenyi nyumbeni",,,
review,indel,w,1.4,ghako,66,Maghesho ghako ni muhimu,ghwako,46,Kuseobuo kuzoya mradi ghwako,,,
auto,substitution,l/s,36.3,kuboilwa,109,Kuboilwa kwa loli.,kuboiswa,3,Ijo ilagho jameria kuboiswa ni w'abaa w'aro.,,,
review,substitution,b/m,6.5,bengi,15,Enja magome bengi,mengi,97,Kushoma ni chia yejifundisha mengi,,,
review,substitution,n/r,4.9,nadima,19,Nadima kusikira lwaka lwa ndege,radima,93,Ndodo rako radima kuka loli,,,
review,indel,f,6.9,fwana,14,Kuaeliwe kughua vilambo va fwana,wana,97,Wana wawecheza kiwachenyi,,,
auto,substitution,n/j,17.5,jiko,6,Igho jiko moyo na iyo mbari ya wueli.,niko,105,Seji niko mkosi.,,,
review,substitution,l/y,1.4,leka,65,Leka w'iniloghe.,yeka,46,Nyumba yapo yeka kavui na moda,,,
auto,substitution,d/j,36.0,midi,108,Midi idareda vua.,miji,3,Ndekune miji iboie skulu ra cha mzinyi.,,,
review,substitution,a/u,6.9,w'aka,97,W'aka w'eka na ghawo.,w'uka,14,W'uka shalu shalu,,,
auto,substitution,l/k,17.5,niko,105,Seji niko mkosi.,nilo,6,Lukundo nilo lupoie,,,
auto,indel,l,21.0,lughu,5,W'andu w'a noko lughu w'adeda kiteto chifwanane.,ughu,105,Mzi ughu ghoko na skulu nyinyi,,,
review,substitution,o/a,2.8,waka,29,Washomi waka wengi wa mashomo tofauti,wako,81,Kunda jirani wako seji kujikunde,,,
review,substitution,i/a,5.5,radima,93,Ndodo rako radima kuka loli,ridima,17,Nyonyi ridima kurama ighu,,,
review,substitution,i/a,7.5,w'aka,97,W'aka w'eka na ghawo.,w'ika,13,Kusekecha w'ika mundu wa w'andu,,,
review,substitution,r/v,1.9,iri,72,Ola kurighore maza iri.,ivi,38,Ivi vindo vasinga.,,,
review,substitution,e/u,7.5,mengi,97,Kushoma ni chia yejifundisha mengi,mungi,13,Io mizi erekoghe na wasi mungi.,,,
review,substitution,u/o,1.2,choo,61,Choo mzinyi.,chuo,49,Chuo kibaa ni andu kupoiye kushoma,,,
review,substitution,r/m,3.4,w'omi,85,W'omi moko na ndighi.,w'ori,25,Na vuo vefundisha w'ori viandiko,,,
review,substitution,y/r,1.1,rako,52,Kusesighe ndodo rako rifo,yako,58,Tumia muda na familia yako,,,
review,substitution,k/w,7.5,kana,13,Nalomba kunidumie aghaje magome gheenda whughangenyi nakunda nifume aha kiramka kana.,wana,97,Wana wawecheza kiwachenyi,,,
review,indel,',3.0,huw'u,82,Hata niseendajoka Dawida huw'u.,huwu,27,Maisha ghikaendelia huwu didafuma dende kuzima.,,,
auto,substitution,k/v,26.2,niko,105,Seji niko mkosi.,nivo,4,Sere na wutulivu nivo vilambo suti isangenyi.,,,
review,substitution,f/m,1.3,kifu,62,Saa muka uko na kifu.,kimu,47,Kimu cha vifurute.,,,
auto,substitution,v/k,35.3,nguku,106,Naweshama nguku ra magi,nguvu,3,Lukundo ni nguvu mbaa,,,
auto,substitution,o/a,17.2,mbogha,103,Matunda na mbogha ni muhimu kwa afya,mbogho,6,Mbogho yemchikanya uja mghosi mghongo.,,,
review,substitution,b/w,8.1,bana,12,Neka na wada bana,wana,97,Wana wawecheza kiwachenyi,,,
auto,substitution,s/n,26.2,niko,105,Seji niko mkosi.,siko,4,Siko tayari nikulaghashe angu konikata.,,,
review,substitution,z/d,5.4,mada,17,Chuilwa mada.,maza,92,Ini ni mshomi wa maza ra sayansi,,,
auto,indel,o,35.0,ughu,105,Mzi ughu ghoko na skulu nyinyi,ughuo,3,Uhu usewadie lufu ndeuze nguwo yake ughuo lufu.,,,
review,substitution,e/a,5.8,maza,92,Ini ni mshomi wa maza ra sayansi,meza,16,Soghora meza,,,
review,substitution,u/i,1.1,maghi,52,Maghi ana ghachika.,maghu,56,Wana wawecheza mpira ghwa maghu.,,,
review,substitution,r/y,1.2,raw'o,58,Ndana raw'o rafungilo.,yaw'o,50,Kusughuse mighongo yaw'o.,,,
auto,substitution,i/a,35.0,nako,3,Na uko kukaia moyo niko nako mumbinyi.,niko,105,Seji niko mkosi.,,,
review,substitution,i/u,3.0,igho,27,Igho jiko moyo na iyo mbari ya wueli.,ugho,81,Ugho ni w'ukelu.,,,
auto,indel,y,16.8,mae,101,Mae wafwa imbe.,maye,6,Ihi ndunda idewalwa ni Caleb maye .,,,
review,indel,d,1.0,deka,53,Deka na nafasi imweri tu yeishi,eka,54,Eka ghadi na ghadi ya bahari.,,,
auto,substitution,u/a,16.8,aho,101,Aho niko kuchaadima kutala.,uho,6,Ni'ini narughua uho mnyango.,,,
review,substitution,j/n,9.7,waja,10,Awa wabonya nicha ela waja wabonya nicha na ndighi.,wana,97,Wana wawecheza kiwachenyi,,,
review,substitution,s/v,1.8,isi,69,Isi ni raiya wa dunia ihi,ivi,38,Ivi vindo vasinga.,,,
auto,substitution,a/g,16.8,aho,101,Aho niko kuchaadima kutala.,gho,6,Ihii nyumba eko na wulalo gho horesha.,,,
auto,substitution,e/i,14.3,mbeo,100,"Mbeo ikavida, didapata theluji",mbio,7,Iri igare jaweenda mbio.,,,
review,substitution,v/r,3.5,iro,83,Nichaamumanyisha iro maza.,ivo,24,Ivo vindo vaka na msingo ghupoie.,,,
review,substitution,j/w,3.1,jako,26,Ituku jako jike na kupoilwa,wako,81,Kunda jirani wako seji kujikunde,,,
review,substitution,y/v,1.3,vose,61,Dichatesia vipughi venyu vose.,yose,46,Odaika chofi yose.,,,
auto,substitution,c/a,16.8,aho,101,Aho niko kuchaadima kutala.,cho,6,Cho dije dadeka mswara na mnavu.,,,
review,substitution,a/e,1.2,yako,58,Tumia muda na familia yako,yeko,49,Bahari yeko na mawimbi ghipoiye,,,
auto,substitution,h/d,16.8,ado,6,Ado bengi ya w'urumwengu eko isanga jiao?,aho,101,Aho niko kuchaadima kutala.,,,
review,indel,',2.7,mariw'a,77,Mariw'a ni gha w'abonjo.,mariwa,29,Nadeka mswara nighuje na mariwa ghivimbie idime.,,,
review,substitution,s/r,6.1,mori,91,Vua mbaha yaw'esuw'irilwa mori ghuchagha.,mosi,15,Mosi ghwa igari ni ghwa chilu,,,
review,substitution,e/o,4.0,rape,21,W'uja Mbaa wa isanga oko na wuhuru ghotumia mali ra isanga seji ni rape?,rapo,85,Nguwo rapo rachafuka,,,
review,substitution,y/r,1.3,reka,60,"Ndodo ndazi nderilikumbukwa,ela ramu kwariloda na reka nderiliwikagha.",yeka,46,Nyumba yapo yeka kavui na moda,,,
auto,substitution,o/a,34.3,mbagha,3,Msidu ghokorwa mbagha ni w'andu w'ediw'a.,mbogha,103,Matunda na mbogha ni muhimu kwa afya,,,
review,substitution,j/v,6.1,jingi,91,Lukundo lwa loli jingi ndelufue,vingi,15,Bei ra vindo vingi ramerie kujoka.,,,
review,substitution,e/u,5.2,mbew'a,17,Mbew'a yaw'adwa ni mdegho,mbuw'a,89,Mbuw'a ra w'adaw'ida,,,
review,substitution,d/r,7.2,dadima,13,Dadima ngera dizere hali ya agho makongo yakundikie wandu wibonye wada?,radima,93,Ndodo rako radima kuka loli,,,
review,substitution,a/e,1.0,w'ai,53,W'ai w'adadu w'aghenda mbuw'enyi kuw'waya mbogha,w'ei,53,"Kedi w'ei kaw'ona wikunde w'iide mitihani, ni suti w'imanye ivo viteto",,,
review,substitution,o/a,1.3,reka,60,"Ndodo ndazi nderilikumbukwa,ela ramu kwariloda na reka nderiliwikagha.",reko,46,Tanu mburi reko hao.,,,
review,indel,k,3.4,kwako,24,Nido kwako.,wako,81,Kunda jirani wako seji kujikunde,,,
auto,indel,w,12.1,ana,8,Maghi ana ghachika.,wana,97,Wana wawecheza kiwachenyi,,,
review,indel,',3.4,w'ako,24,Dedanya na w'ana w'ako,wako,81,Kunda jirani wako seji kujikunde,,,
auto,indel,i,34.0,nakio,102,Nyerinyeri raweaka nakio,nako,3,Na uko kukaia moyo niko nako mumbinyi.,,,
review,substitution,i/o,6.5,miri,14,Kila mndu woko na miri na asili yake,mori,91,Vua mbaha yaw'esuw'irilwa mori ghuchagha.,,,
review,substitution,i/a,1.5,choka,63,Lolia m'mbenyu marina gha choka dighimanye.,choki,42,Choki reka mwadunyi,,,
review,substitution,a/i,1.0,nao,53,Nao jesu ukawizera wanughi wake.,nio,52,Aho nio dawona yawaumiza wandu zaidi.,,,
review,substitution,i/a,2.9,aw'i,27,Charo cheghenda Amerika ni matuku aw'i,iw'i,78,Chia iw'i ralemie mbisi.,,,
auto,substitution,h/k,16.5,uho,6,Ni'ini narughua uho mnyango.,uko,99,Mwanafunzi upoiye ni uja uko na tabia ripoiye na ishima ja hali ya ighu,,,
review,substitution,v/k,1.2,kilongozi,57,Mmangi wa isanga nuo kilongozi mbaa zaidi isangenyi,vilongozi,48,Wufisadi kati ya vilongozi kwareda hasarambaa,,,
review,substitution,a/e,1.7,ghako,66,Maghesho ghako ni muhimu,gheko,39,Machi gheko ngarainyi,,,
review,substitution,z/u,7.1,maua,13,Magome ni maua sena ghadabwagha.,maza,92,Ini ni mshomi wa maza ra sayansi,,,
auto,substitution,h/b,25.2,abo,4,Nadema mudi gha abo ghuko modenyi,aho,101,Aho niko kuchaadima kutala.,,,
auto,substitution,k/l,16.5,uko,99,Mwanafunzi upoiye ni uja uko na tabia ripoiye na ishima ja hali ya ighu,ulo,6,Ulo lumbo siluichi.,,,
review,indel,a,2.9,matini,27,"Isanga jakaya na malagho, Vilambo vajoka, Vilongozi wawoka malagho matini matini, njala yakaiya na malagho ghaka ghikurie.",mtini,77,Mwana mtini ukalila mbori.,,,
review,indel,',2.2,w'ele,71,"W'ele, ta nani ubonyagha iyo kazi yeandika?",wele,33,Wele nani orelodieghe maza iro?,,,
review,indel,',4.5,w'omi,85,W'omi moko na ndighi.,womi,19,Wawa wa womi okunda chughano ra kitambo.,,,
review,substitution,s/z,7.7,masa,12,Mka wakufungua masa,maza,92,Ini ni mshomi wa maza ra sayansi,,,
auto,substitution,e/a,33.7,mae,101,Mae wafwa imbe.,mee,3,Mee mwana,,,
review,substitution,p/r,7.7,yapo,92,Nyumba yapo yeka kavui na moda,yaro,12,Midi yaro ikaoma.,,,
review,substitution,v/w,3.5,vako,23,Vindo vako vaka tayari,wako,81,Kunda jirani wako seji kujikunde,,,
review,substitution,v/k,1.4,kose,43,Teknologia yarahisisha mawasiiano kose wurumwengunyi,vose,61,Dichatesia vipughi venyu vose.,,,
auto,substitution,e/i,10.6,igare,95,Madereva ndewifwane kunywa na kuendesha igare,igari,9,Iji igari jaweenda ncha bila kusumbua mndu ungi.,,,
review,substitution,e/o,1.3,ghwake,58,Kila jamii yeko na wutamaduni ghwake,ghwako,46,Kuseobuo kuzoya mradi ghwako,,,
auto,indel,f,24.8,fuko,4,Dalela w'eke fuko mzinyi.,uko,99,Mwanafunzi upoiye ni uja uko na tabia ripoiye na ishima ja hali ya ighu,,,
review,substitution,f/l,3.9,fuma,21,Fuma shighadi kukabo ni mbeo,luma,82,Luma lwa nakesho ukawuka na kulomba.,,,
review,substitution,j/l,3.9,juma,21,Dakumbie kura juma isirie.,luma,82,Luma lwa nakesho ukawuka na kulomba.,,,
auto,substitution,o/a,16.2,wana,97,Wana wawecheza kiwachenyi,wona,6,Wekunda kuenda mlimenyi wende wona masaka.,,,
review,substitution,u/i,1.9,imweri,67,Isi ni familia imweri,umweri,36,Kughitunza mazingira ni ijukumu ja kila umweri,,,
review,indel,s,6.3,oko,88,Mlungu oko moyo.,soko,14,Boboro ya soko ni vindo vineka mundu ndighi.,,,
review,indel,',2.6,w'aghenyi,28,Ow'ilegha w'aghenyi w'aw'ongeri.,waghenyi,74,Mkulindie na awo waghenyi wenyu mkanye nawo.,,,
auto,substitution,a/u,10.3,chaghu,93,Nalomba kunitesie na chaghu ichi,chughu,9,"Sena dedojha vindo viboie, marenge, maduma, mwemba, marughu na chughu",,,
auto,substitution,k/w,33.0,uko,99,Mwanafunzi upoiye ni uja uko na tabia ripoiye na ishima ja hali ya ighu,uwo,3,Uwo nuo mwai kuko nao.,,,
auto,substitution,d/k,33.0,udo,3,Niko idana nawizera awo wiko na kikuchu angu mfuko udo.,uko,99,Mwanafunzi upoiye ni uja uko na tabia ripoiye na ishima ja hali ya ighu,,,
review,substitution,a/u,5.0,chai,85,Chai chapo wele chaenda hao chikoghe anyaa.,chui,17,Wakabilwa chui,,,
auto,substitution,c/j,11.8,ichi,94,Nalomba kunitesie na chaghu ichi,ijhi,8,Ikanisa ijhi jhe kaba makofi Jiwangwagha,,,
auto,indel,m,15.8,mpaka,95,Nawona mundu wakimbia kufuma voi mpaka Mwatate usehoreshere anduangi,paka,6,Okabwa paka ovimba w'ushu,,,
review,indel,n,1.1,w'ei,53,"Kedi w'ei kaw'ona wikunde w'iide mitihani, ni suti w'imanye ivo viteto",w'eni,48,W'eni mwana mkelie inyo.,,,
auto,indel,m,10.2,eri,92,Wandu wamu wadakaiya nyumbenyi rawo eri kuepuka hali rizamie ra hewa,meri,9,Oka na meri ikenda.,,,
auto,substitution,y/n,24.2,wana,97,Wana wawecheza kiwachenyi,waya,4,Mwaawu waweenda waya mbogha,,,
review,substitution,j/n,3.0,jeka,25,Iji igare jeka na injini ibaa.,neka,76,Neka kula umweri maghana ghake masanu.,,,
review,substitution,a/o,1.1,eka,54,Eka ghadi na ghadi ya bahari.,eko,47,Ihii kalamu eko na wino ghupoie.,,,
auto,substitution,e/i,24.2,mengi,97,Kushoma ni chia yejifundisha mengi,mingi,4,W'ana ndew'ikaiaa miaka mingi skulu.,,,
review,substitution,y/w,1.2,wose,55,Wusafiri ghwa wandu wose ni chia ipoiye yesafiri,yose,46,Odaika chofi yose.,,,
review,substitution,y/j,2.0,jake,34,Ukajikoja isu jake.,yake,67,Kila mndu woko na miri na asili yake,,,
review,indel,y,1.2,eka,54,Eka ghadi na ghadi ya bahari.,yeka,46,Nyumba yapo yeka kavui na moda,,,
review,indel,i,2.1,mizi,32,W'andu w'engi idakoni w'angirilo modo kwa mizi raw'o.,mzi,68,Mzi ughu ghoko na skulu nyinyi,,,
review,indel,r,1.4,aw'o,42,Na aw'o w'inughagha bea ra mumbi ndew'idimagha kumrira Mlungu.,raw'o,58,Ndana raw'o rafungilo.,,,
auto,indel,k,32.3,kwana,3,Dedeka dikwane lakini ndediche kwana,wana,97,Wana wawecheza kiwachenyi,,,
auto,substitution,g/c,15.7,ichi,94,Nalomba kunitesie na chaghu ichi,ighi,6,Nawalindia ighi mapemba ghisejigho ni fuwe.,,,
review,substitution,a/o,1.9,ghako,66,Maghesho ghako ni muhimu,ghoko,34,Mzi ughu ghoko na skulu nyinyi,,,
auto,substitution,r/j,10.1,jingi,91,Lukundo lwa loli jingi ndelufue,ringi,9,Kubulana ndekuw'etesia ringi,,,
review,substitution,r/j,1.9,jake,34,Ukajikoja isu jake.,rake,66,Mbenge rake rachikanya.,,,
auto,substitution,l/n,32.3,wala,3,Nausikira wala neusikira.,wana,97,Wana wawecheza kiwachenyi,,,
auto,substitution,e/o,10.1,meri,9,Oka na meri ikenda.,mori,91,Vua mbaha yaw'esuw'irilwa mori ghuchagha.,,,
auto,indel,h,11.4,jhingi,8,Mndu wadima ukaiye Mwisilamu amu Mkristo na usekaiye na irumiro jhingi,jingi,91,Lukundo lwa loli jingi ndelufue,,,
review,substitution,c/g,2.0,chako,33,Kuseliwe kuduka kiisanduku chako cha vindo va nadime,ghako,66,Maghesho ghako ni muhimu,,,
review,substitution,p/w,5.6,ghapo,84,Sikira nicha madongozo ghapo,ghawo,15,"Dedimeghe kuwona shimba, chovu, ndigha katika mazingira ghawo",,,
review,substitution,u/o,1.3,magho,43,Nyumba ya magho.,maghu,56,Wana wawecheza mpira ghwa maghu.,,,
auto,substitution,w/m,11.4,mori,91,Vua mbaha yaw'esuw'irilwa mori ghuchagha.,wori,8,Shimba idima kulasa iseghe shwa wori.,,,
auto,substitution,o/e,32.0,nguwe,3,Nguwe radaja maduma,nguwo,96,Nguwo rapo rachafuka,,,
review,substitution,e/a,2.3,w'ake,30,W'aw'ibonya malaika w'ake w'iw'uye mbeo.,w'eke,69,"Na mbogha, w'andu kala w'edojha w'eke kabeji?",,,
auto,substitution,w/r,32.0,nguro,3,Mjoka nguro mpaka usee.,nguwo,96,Nguwo rapo rachafuka,,,
review,substitution,r/k,2.0,chako,33,Kuseliwe kuduka kiisanduku chako cha vindo va nadime,charo,66,Charo chapo chedeka kilacha na chechokesha,,,
review,substitution,b/j,1.5,aba,59,Ghenda kwa aba kumkotie uche na iseghe.,aja,40,Neshomea skulu aja____,,,
review,substitution,o/e,5.2,ndee,83,Ghuw'ikilo ni ndee.,ndeo,16,Nechi ini ni ndeo?,,,
auto,substitution,m/f,23.8,w'afu,4,W'afu kuruka ni ifundisho ja Jesu.,w'amu,95,W'adedi w'amu w'adaghora Aba na w'azima Apa--mvi wa w'omi,,,
review,substitution,y/d,1.2,deka,53,Deka na nafasi imweri tu yeishi,yeka,46,Nyumba yapo yeka kavui na moda,,,
review,substitution,e/o,1.5,neko,39,Neko na kutatizika kwa kujifundisha lugha mbishi,noko,60,Msakeghada sa w'ana w'a noko.,,,
review,indel,g,5.5,ndee,83,Ghuw'ikilo ni ndee.,ndege,15,Nadima kusikira lwaka lwa ndege,,,
review,indel,',3.9,iw'i,78,Chia iw'i ralemie mbisi.,iwi,20,Nichamshana mao shilingi mirongo iwi.,,,
auto,indel,i,31.7,mipaka,3,Sena yazerekana angu mipaka ya idana ya kaunti si ya hachi ingi.,mpaka,95,Nawona mundu wakimbia kufuma voi mpaka Mwatate usehoreshere anduangi,,,
auto,indel,t,15.3,eri,92,Wandu wamu wadakaiya nyumbenyi rawo eri kuepuka hali rizamie ra hewa,teri,6,Kuboa kwaro ni vua ikanya yaenga yainja teri.,,,
review,indel,m,8.8,moko,10,W'omi moko na ndighi.,oko,88,Mlungu oko moyo.,,,
review,substitution,g/s,2.9,maghegho,25,Wandu wedeka wikiseka na ndighi wamu wikifunya maghegho shighadi,maghesho,73,Maghesho ghako ni muhimu,,,
auto,substitution,i/a,23.5,icha,4,Dibora chumbo ilinga njumwa icha ikanisenyi?,ichi,94,Nalomba kunitesie na chaghu ichi,,,
auto,substitution,w/p,15.3,yapo,92,Nyumba yapo yeka kavui na moda,yawo,6,Kila wandu weko na mizango yawo winugha,,,
review,substitution,a/e,1.1,rako,52,Kusesighe ndodo rako rifo,reko,46,Tanu mburi reko hao.,,,
review,substitution,k/p,2.0,chako,33,Kuseliwe kuduka kiisanduku chako cha vindo va nadime,chapo,65,Charo chapo chedeka kilacha na chechokesha,,,
review,substitution,t/j,1.4,aja,40,Neshomea skulu aja____,ata,58,"Ghenda ata kwake,oka andenyi nyumbeni",,,
review,substitution,k/w,1.3,kose,43,Teknologia yarahisisha mawasiiano kose wurumwengunyi,wose,55,Wusafiri ghwa wandu wose ni chia ipoiye yesafiri,,,
review,substitution,n/v,3.5,neka,76,Neka kula umweri maghana ghake masanu.,veka,22,Ivi vindo veka na harufu ipoie.,,,
review,substitution,k/p,1.4,ghwake,58,Kila jamii yeko na wutamaduni ghwake,ghwape,40,Nakotia wupe huwo kwachepata wujumbe ghwape kudumilo ni mundu wako kwa deiliane kwamba ukakuneka ghunivikiyagha kwa wuvui.,,,
review,substitution,e/o,1.2,w'ape,53,Warighita w'akongo w'ape na lukundo lubaa.,w'apo,45,Awa w'ose ni w'akinyumba w'apo,,,
auto,indel,u,31.3,ichi,94,Nalomba kunitesie na chaghu ichi,uichi,3,Na jhingi kwaw'onie Mzungu uichi Kidaw'ida?,,,
auto,indel,i,11.1,ikesho,8,Matuku ghose nawebonya mazoezi ikesho,kesho,89,Ndodo rako radima kuka wuloli ghwa kesho,,,
review,indel,n,5.9,iro,83,Nichaamumanyisha iro maza.,niro,14,Aha dalima sukuma na tindi niro niwonagha rawebonya nicha zaidi aha dawida.,,,
review,substitution,y/w,1.4,wape,40,Mkeku wawamnosa mwana wape.,yape,57,Walaghasha ndagha yape,,,
review,substitution,g/c,1.9,choka,63,Lolia m'mbenyu marina gha choka dighimanye.,ghoka,34,Mdi ghoka na malemba malazi.,,,
auto,indel,p,31.0,miaka,93,Karne ni miaka ighana jimweri,mipaka,3,Sena yazerekana angu mipaka ya idana ya kaunti si ya hachi ingi.,,,
review,indel,u,2.4,muzi,28,Muzi ghononwa.,mzi,68,Mzi ughu ghoko na skulu nyinyi,,,
review,indel,y,1.0,eko,47,Ihii kalamu eko na wino ghupoie.,yeko,49,Bahari yeko na mawimbi ghipoiye,,,
review,indel,v,1.2,w'ai,53,W'ai w'adadu w'aghenda mbuw'enyi kuw'waya mbogha,w'avi,43,"W'ana w'esighwa w'akiw'a, ndew'ine w'avi w'awo",,,
review,substitution,a/i,5.4,wako,81,Kunda jirani wako seji kujikunde,wiko,15,Awo wose wiko moyo.,,,
auto,substitution,m/r,31.0,madima,3,Madima gha mburi ghesinga,radima,93,Ndodo rako radima kuka loli,,,
review,indel,v,6.9,iro,83,Nichaamumanyisha iro maza.,viro,12,Mchakuw'ida viro.,,,
review,substitution,i/o,1.2,maghi,52,Maghi ana ghachika.,magho,43,Nyumba ya magho.,,,
auto,substitution,r/z,30.7,mara,3,W'andu w'anekwa kumara-mara ichia na ichia.,maza,92,Ini ni mshomi wa maza ra sayansi,,,
review,substitution,p/j,1.4,aja,40,Neshomea skulu aja____,apa,55,Dikaghenda hotelinyi na apa.,,,
review,substitution,r/y,1.1,reko,46,Tanu mburi reko hao.,yeko,49,Bahari yeko na mawimbi ghipoiye,,,
auto,substitution,m/k,18.0,kavui,90,Nyumba yapo yeka kavui na moda,mavui,5,Maisha ni mavui dighitumie nicha.,,,
review,substitution,a/o,1.1,yeka,46,Nyumba yapo yeka kavui na moda,yeko,49,Bahari yeko na mawimbi ghipoiye,,,
review,substitution,d/r,1.4,kudeda,39,Wa'mbenyi wadapoilwa ni kudeda.,kureda,56,Kazi ipoiye yadima kureda mafanikio,,,
auto,substitution,m/j,22.8,jingi,91,Lukundo lwa loli jingi ndelufue,mingi,4,W'ana ndew'ikaiaa miaka mingi skulu.,,,
review,substitution,k/r,1.0,kimu,47,Kimu cha vifurute.,rimu,48,Ndoria rimu reoma,,,
review,indel,i,6.2,wakio,13,Ambango udawangw wakio,wako,81,Kunda jirani wako seji kujikunde,,,
review,substitution,e/o,1.5,andenyi,56,Ishima ni suti andenyi ya mahusiano,andonyi,38,Diwose diwuya andonyi terinyi.,,,
review,substitution,o/a,1.3,deka,53,Deka na nafasi imweri tu yeishi,deko,41,Deko na bahati kuka na afya ipoiye,,,
review,substitution,g/j,8.4,ghapo,84,Sikira nicha madongozo ghapo,jhapo,10,Irumirio jhapo ini ni Mkristo,,,
review,substitution,r/t,6.2,bahari,81,Bahari yeko na mawimbi ghipoiye,bahati,13,Deko na bahati kuka na afya ipoiye,,,
review,substitution,k/m,1.2,koni,43,Seji koni mboi riangagha.,moni,51,Mndu uamue moni ichi uchaja.,,,
review,substitution,n/u,4.2,neka,76,Neka kula umweri maghana ghake masanu.,ueka,18,Nadamuobua mlungu ueka.,,,
review,indel,r,1.0,eko,47,Ihii kalamu eko na wino ghupoie.,reko,46,Tanu mburi reko hao.,,,
review,indel,a,1.3,makongo,41,Wadihoresha makongo.,mkongo,52,Ukakakongoma kumanye waw'uya mkongo.,,,
review,indel,',1.3,w'ape,53,Warighita w'akongo w'ape na lukundo lubaa.,wape,40,Mkeku wawamnosa mwana wape.,,,
review,indel,i,4.5,neka,76,Neka kula umweri maghana ghake masanu.,nieka,17,Naw'aenda idukeni nieka,,,
auto,indel,a,30.0,kaavui,3,Idana soghodenyi sena kaavui.,kavui,90,Nyumba yapo yeka kavui na moda,,,
review,substitution,v/y,2.6,vake,26,Vuo vake verashuka,yake,67,Kila mndu woko na miri na asili yake,,,
auto,substitution,p/w,10.6,rapo,85,Nguwo rapo rachafuka,rawo,8,Wandu wamu wadakaiya nyumbenyi rawo eri kuepuka hali rizamie ra hewa,,,
review,substitution,a/i,1.1,w'aw'a,49,W'aw'a walale mana?,w'aw'i,44,W'ana w'aw'i,,,
review,substitution,w/k,6.8,wako,81,Kunda jirani wako seji kujikunde,wawo,12,Waka wawo.,,,
auto,indel,w,22.0,oko,88,Mlungu oko moyo.,woko,4,Kila mndu woko na miri na asili yake,,,
review,indel,y,1.2,aw'o,42,Na aw'o w'inughagha bea ra mumbi ndew'idimagha kumrira Mlungu.,yaw'o,50,Kusughuse mighongo yaw'o.,,,
review,indel,j,2.7,imweri,67,Isi ni familia imweri,jimweri,25,Karne ni miaka ighana jimweri,,,
auto,indel,m,12.1,w'oi,7,Wabonya kazi W'oi.,w'omi,85,W'omi moko na ndighi.,,,
review,substitution,k/n,1.3,kio,40,Kio ichi chose kuendaa hao?,nio,52,Aho nio dawona yawaumiza wandu zaidi.,,,
review,substitution,v/r,2.5,rake,66,Mbenge rake rachikanya.,vake,26,Vuo vake verashuka,,,
review,substitution,a/o,2.5,charo,66,Charo chapo chedeka kilacha na chechokesha,choro,26,Ichi choro chawuduka mwachiwonieghe wele?,,,
review,substitution,r/w,3.6,iri,72,Ola kurighore maza iri.,iwi,20,Nichamshana mao shilingi mirongo iwi.,,,
review,indel,',2.8,w'undu,67,Narumaghia masholio kwa w'undu ghwako.,wundu,24,Mdamu oko na wundu miki ghukurie shuu.,,,
auto,substitution,p/r,12.0,ghapo,84,Sikira nicha madongozo ghapo,gharo,7,Mdi ghwadamanyika kwa matunda gharo.,,,
review,substitution,e/o,2.2,cheka,28,Kula kilambo cheka aho.,choka,63,Lolia m'mbenyu marina gha choka dighimanye.,,,
review,substitution,j/v,1.1,japo,47,Irina Japo ni Mwamburi,vapo,44,Mbori raaw'uya vindo vapo.,,,
auto,indel,h,10.2,huw'u,82,Hata niseendajoka Dawida huw'u.,uw'u,8,Ado nikii uw'u kwaw'esekia huw'u?,,,
review,indel,',2.6,w'aenda,25,W'andu mzinyi w'aenda varo vilacha kudaya machi.,waenda,65,Wele mayo waenda hao namulola nikamsowa idime.,,,
review,substitution,c/g,4.6,chiboie,16,Kiswahili ni kiteto chiboie.,ghiboie,74,Mrighiti wafunya maghesho ghiboie.,,,
review,substitution,j/w,3.1,jadima,22,Iji itunda jadima kujighwa kwa mda ghose.,wadima,68,"Kusakeobua, wadima kukaia moyo.",,,
review,substitution,d/y,1.2,deko,41,Deko na bahati kuka na afya ipoiye,yeko,49,Bahari yeko na mawimbi ghipoiye,,,
review,substitution,l/j,2.6,jeka,25,Iji igare jeka na injini ibaa.,leka,65,Leka w'iniloghe.,,,
review,substitution,j/g,5.0,ghake,75,Ndoe yafunya mavalo ghake.,jhake,15,Ishati jhake ni jha misharia,,,
review,substitution,a/e,9.0,wako,81,Kunda jirani wako seji kujikunde,weko,9,Weko Wadawida walazi wiko shighadi ya Dawida,,,
review,substitution,k/s,5.4,koko,76,Kunoneka koko aghadi.,soko,14,Boboro ya soko ni vindo vineka mundu ndighi.,,,
review,substitution,u/i,4.6,ghiboie,74,Mrighiti wafunya maghesho ghiboie.,ghuboie,16,Ihi bahari eko na mvuto ghuboie.,,,
auto,indel,l,10.1,lwako,8,Lukaso lwako,wako,81,Kunda jirani wako seji kujikunde,,,
auto,indel,b,13.8,mapema,6,Iduka jha vilole jharughwa mapema,mapemba,83,Mapemba ghaw'urwa.,,,
review,indel,w,1.5,nao,53,Nao jesu ukawizera wanughi wake.,nwao,36,Osirishwa ndighi ni w'abonyi biashara wimnekagha magome nwao nyuma yaro w'ekunda w'ibonyero ichi na chija.,,,
auto,indel,e,13.8,nde,6,Mkapo wapo woghenda kwa nde.,ndee,83,Ghuw'ikilo ni ndee.,,,
review,substitution,w/n,2.7,naenda,24,Naenda mbuwenyi,waenda,65,Wele mayo waenda hao namulola nikamsowa idime.,,,
review,substitution,y/k,1.1,kose,43,Teknologia yarahisisha mawasiiano kose wurumwengunyi,yose,46,Odaika chofi yose.,,,
auto,substitution,o/i,21.2,chai,85,Chai chapo wele chaenda hao chikoghe anyaa.,chao,4,Chao ichi cheko na malagho ghipoie.,,,
review,substitution,d/w,1.5,wada,53,Da dibonyaa wada.,wawa,36,Neenda roghua wawa wapo nikamdwaia mbogha.,,,
review,substitution,u/i,3.5,isi,69,Isi ni raiya wa dunia ihi,isu,20,Ukajikoja isu jake.,,,
review,substitution,s/w,3.5,isi,69,Isi ni raiya wa dunia ihi,iwi,20,Nichamshana mao shilingi mirongo iwi.,,,
review,indel,',3.0,huw'o,66,Kwaki waweadeda huw'o?,huwo,22,Nakotia wupe huwo kwachepata wujumbe ghwape kudumilo ni mundu wako kwa deiliane kwamba ukakuneka ghunivikiyagha kwa wuvui.,,,
review,indel,d,1.1,deko,41,Deko na bahati kuka na afya ipoiye,eko,47,Ihii kalamu eko na wino ghupoie.,,,
auto,indel,m,10.0,daw'ida,80,Makanisa gha Daw'ida gheka pacha,mdaw'ida,8,Ini ne Mdaw'ida tiki,,,
review,substitution,a/e,2.7,ndekuna,24,Ndekuna anduangi kupoiye sa mzinyi,ndekune,64,Ndekune bahati.,,,
auto,substitution,k/r,11.6,wako,81,Kunda jirani wako seji kujikunde,waro,7,Pusi otoroka mndu waro.,,,
review,substitution,v/w,3.4,vadima,20,Vichuku vadima kureda maghaluso ghiboie.,wadima,68,"Kusakeobua, wadima kukaia moyo.",,,
review,substitution,n/y,1.3,neko,39,Neko na kutatizika kwa kujifundisha lugha mbishi,yeko,49,Bahari yeko na mawimbi ghipoiye,,,
auto,substitution,k/m,21.0,kwaka,4,Kwaki kwaka na machu,mwaka,84,Mwaka mbishi ni nafasi yezoya wuwishi,,,
auto,substitution,i/u,13.7,lima,6,Wandu irandadu waenda lima mbuwa,luma,82,Luma lwa nakesho ukawuka na kulomba.,,,
review,substitution,p/b,5.3,ghiboie,74,Mrighiti wafunya maghesho ghiboie.,ghipoie,14,Iihi skulu yaka na mafundisho ghipoie.,,,
review,substitution,e/a,5.3,vadu,74,Kuseliwe kurwa vadu va wusalama,vedu,14,Vadu vedu valaghaya.,,,
auto,indel,g,13.5,ugho,81,Ugho ni w'ukelu.,uho,6,Ni'ini narughua uho mnyango.,,,
review,indel,r,2.3,choo,61,Choo mzinyi.,choro,26,Ichi choro chawuduka mwachiwonieghe wele?,,,
auto,indel,u,13.5,gho,6,Ihii nyumba eko na wulalo gho horesha.,ugho,81,Ugho ni w'ukelu.,,,
review,substitution,w/n,3.6,nadima,19,Nadima kusikira lwaka lwa ndege,wadima,68,"Kusakeobua, wadima kukaia moyo.",,,
review,substitution,i/a,9.9,ana,8,Maghi ana ghachika.,ani,79,Kukasighwa ni fumanya na ani.,,,
review,substitution,t/s,4.8,saa,72,Saa muka uko na kifu.,taa,15,Ihii chia yeko na taa ra chienyi.,,,
review,substitution,i/u,5.7,waghenyi,74,Mkulindie na awo waghenyi wenyu mkanye nawo.,waghenyu,13,Waghenyu wadaboilwa andukumweri.,,,
review,substitution,a/e,4.8,saa,72,Saa muka uko na kifu.,sea,15,Sea kidombo aha,,,
review,substitution,a/e,6.2,ghaka,12,"Isanga jakaya na malagho, Vilambo vajoka, Vilongozi wawoka malagho matini matini, njala yakaiya na malagho ghaka ghikurie.",ghake,75,Ndoe yafunya mavalo ghake.,,,
review,substitution,d/r,1.1,deko,41,Deko na bahati kuka na afya ipoiye,reko,46,Tanu mburi reko hao.,,,
review,substitution,l/v,3.0,leka,65,Leka w'iniloghe.,veka,22,Ivi vindo veka na harufu ipoie.,,,
review,substitution,a/i,3.1,ghako,66,Maghesho ghako ni muhimu,ghiko,21,Na nikekotia kwa makongo agha ghiko sana sana ni makongo ghiao,,,
review,substitution,n/d,8.7,dekunda,9,dekunda kughala,nekunda,78,Nekunda kukia.,,,
review,substitution,n/w,6.9,neka,76,Neka kula umweri maghana ghake masanu.,weka,11,Wandu weka na kiwiwi na isi.,,,
review,substitution,p/k,3.1,rake,66,Mbenge rake rachikanya.,rape,21,W'uja Mbaa wa isanga oko na wuhuru ghotumia mali ra isanga seji ni rape?,,,
review,indel,',4.1,w'eke,69,"Na mbogha, w'andu kala w'edojha w'eke kabeji?",weke,17,Yeko ng'ombe ya weke mwaawu kuserefunyireghe.,,,
review,indel,n,1.2,eko,47,Ihii kalamu eko na wino ghupoie.,neko,39,Neko na kutatizika kwa kujifundisha lugha mbishi,,,
review,indel,m,5.1,iri,72,Ola kurighore maza iri.,miri,14,Kila mndu woko na miri na asili yake,,,
review,indel,',2.3,w'ulalo,26,Saghua mafundisho w'ulalo ghwa feza.,wulalo,60,Wulalo ghosikira chughano.,,,
auto,indel,n,27.7,ndee,83,Ghuw'ikilo ni ndee.,ndene,3,Mwanwako ndene akili.,,,
review,substitution,k/m,7.6,koko,76,Kunoneka koko aghadi.,moko,10,W'omi moko na ndighi.,,,
review,substitution,r/z,5.1,iri,72,Ola kurighore maza iri.,izi,14,Kidasi cha mawora ndechitanya na izi.,,,
auto,substitution,m/d,20.5,luda,4,Mndu wa isu wawedikwa ni luda,luma,82,Luma lwa nakesho ukawuka na kulomba.,,,
review,substitution,a/u,1.6,w'aja,53,Paulo na w'aja w'adumi w'azima.,w'uja,33,W'uja Mbaa wa isanga oko na wuhuru ghotumia mali ra isanga seji ni rape?,,,
review,substitution,e/a,9.8,nakunda,8,Nalomba kunidumie aghaje magome gheenda whughangenyi nakunda nifume aha kiramka kana.,nekunda,78,Nekunda kukia.,,,
review,substitution,n/y,9.8,nekunda,78,Nekunda kukia.,yekunda,8,Ihii kazi yekunda kuvumilia.,,,
review,substitution,i/m,8.6,itini,9,Igho itini jakumbagha mburi kula.,mtini,77,Mwana mtini ukalila mbori.,,,
auto,substitution,w/n,11.3,ani,79,Kukasighwa ni fumanya na ani.,awi,7,Midi maghana awi ghademwa ni waisanga kutesea iaghi ja skulu,,,
review,substitution,i/e,1.4,w'eko,50,W'andu w'eko na hachi esaghua.,w'iko,36,Jesu oreboisireghe w'andu w'iko na sima.,,,
review,indel,e,5.1,w'ele,71,"W'ele, ta nani ubonyagha iyo kazi yeandika?",w'elee,14,"W'elee, mkwako nduendietasa ikanisenyi?",,,
auto,indel,e,13.2,aeni,6,Koko aeni aghadi yedu.,ani,79,Kukasighwa ni fumanya na ani.,,,
review,indel,w,2.1,ghaw'o,58,Maw'anu ghaw'o ghikalie.,ghwaw'o,27,W'uw'iw'i ghwaw'o ghose.,,,
review,indel,o,1.7,deka,53,Deka na nafasi imweri tu yeishi,odeka,32,Odeka na w'aruna w'a tee.,,,
auto,substitution,j/m,27.3,luja,3,Luja lose ni lwala,luma,82,Luma lwa nakesho ukawuka na kulomba.,,,
auto,substitution,v/l,27.3,luma,82,Luma lwa nakesho ukawuka na kulomba.,vuma,3,W'andu w'ekufundisha kuboisa vilambo va vuma.,,,
review,substitution,a/o,2.3,mayo,59,Wele mayo waenda hao namulola nikamsowa idime.,moyo,26,Igho jiko moyo na iyo mbari ya wueli.,,,
review,substitution,e/u,5.1,w'eka,71,W'andu w'eka na w'uya mzima mzima.,w'uka,14,W'uka shalu shalu,,,
review,substitution,p/k,2.5,kwako,24,Nido kwako.,kwapo,61,Sikira kuruma kwapo.,,,
review,substitution,a/e,3.5,kuenda,66,Wnake wefwana kuenda skulu,kuende,19,Mao waghora kuende deka wazughwa.,,,
review,substitution,n/r,1.2,neko,39,Neko na kutatizika kwa kujifundisha lugha mbishi,reko,46,Tanu mburi reko hao.,,,
review,substitution,i/a,1.1,aja,40,Neshomea skulu aja____,ija,45,Skulu ija yeaghwa kavui na moda,,,
auto,substitution,o/a,20.2,wako,81,Kunda jirani wako seji kujikunde,woko,4,Kila mndu woko na miri na asili yake,,,
review,substitution,j/r,2.4,jeka,25,Iji igare jeka na injini ibaa.,reka,60,"Ndodo ndazi nderilikumbukwa,ela ramu kwariloda na reka nderiliwikagha.",,,
auto,indel,v,13.0,iw'i,78,Chia iw'i ralemie mbisi.,viw'i,6,Odumbua kitambaa cha naisi eri vikaie viw'i..,,,
auto,indel,u,27.0,ugho,81,Ugho ni w'ukelu.,ughuo,3,Uhu usewadie lufu ndeuze nguwo yake ughuo lufu.,,,
review,substitution,y/j,2.2,jako,26,Ituku jako jike na kupoilwa,yako,58,Tumia muda na familia yako,,,
auto,substitution,w/n,27.0,nako,3,Na uko kukaia moyo niko nako mumbinyi.,wako,81,Kunda jirani wako seji kujikunde,,,
review,substitution,i/e,5.5,w'eka,71,W'andu w'eka na w'uya mzima mzima.,w'ika,13,Kusekecha w'ika mundu wa w'andu,,,
review,substitution,a/u,3.7,ghako,66,Maghesho ghako ni muhimu,ghuko,18,Mufu na mnavu ndo ghuko hata machi nighelola mwanedu.,,,
review,substitution,g/c,2.0,machu,28,Inja machu ghako.,maghu,56,Wana wawecheza mpira ghwa maghu.,,,
review,substitution,e/o,3.7,modenyi,66,Choo diende d'daya machi modenyi.,modonyi,18,Vindo vawelungua modonyi,,,
auto,indel,n,12.8,mgulu,6,Mgulu wabuka mboi,mngulu,77,Naendawa mngulu,,,
review,substitution,l/u,3.6,leka,65,Leka w'iniloghe.,ueka,18,Nadamuobua mlungu ueka.,,,
auto,substitution,k/m,10.9,neka,76,Neka kula umweri maghana ghake masanu.,nema,7,Najokieghe noko lungu nema ngachaseagha noko isi.,,,
review,substitution,k/p,1.8,w'ake,30,W'aw'ibonya malaika w'ake w'iw'uye mbeo.,w'ape,53,Warighita w'akongo w'ape na lukundo lubaa.,,,
review,substitution,d/k,2.6,reda,23,Reda magome ghapo.,reka,60,"Ndodo ndazi nderilikumbukwa,ela ramu kwariloda na reka nderiliwikagha.",,,
review,substitution,a/o,1.0,aw'a,41,Aw'a w'ikuserie w'ichapata maboilo.,aw'o,42,Na aw'o w'inughagha bea ra mumbi ndew'idimagha kumrira Mlungu.,,,
review,substitution,z/s,4.9,isi,69,Isi ni raiya wa dunia ihi,izi,14,Kidasi cha mawora ndechitanya na izi.,,,
auto,substitution,n/w,15.6,nekunda,78,Nekunda kukia.,wekunda,5,Wekunda kukira magome gha mavuda.,,,
auto,indel,i,15.4,mitini,5,Misele mitini mitini yadareda mafanikio mabaa.,mtini,77,Mwana mtini ukalila mbori.,,,
review,indel,u,2.7,mdi,60,Mdi ghwadamanyika kwa matunda gharo.,mudi,22,Matuku ghose mwadeda ngelo rose kavui ya mudi ughu.,,,
review,indel,w,1.1,ghape,42,Kula manake oko na ndodo na malengo ghape.,ghwape,40,Nakotia wupe huwo kwachepata wujumbe ghwape kudumilo ni mundu wako kwa deiliane kwamba ukakuneka ghunivikiyagha kwa wuvui.,,,
review,indel,',5.3,kidaw'ida,69,Na jhingi kwaw'onie Mzungu uichi Kidaw'ida?,kidawida,13,Malaji gha kidawida ghesinga na chai cha rangi,,,
review,indel,',6.5,w'eka,71,W'andu w'eka na w'uya mzima mzima.,weka,11,Wandu weka na kiwiwi na isi.,,,
review,substitution,m/i,4.9,izi,14,Kidasi cha mawora ndechitanya na izi.,mzi,68,Mzi ughu ghoko na skulu nyinyi,,,
review,substitution,y/j,2.3,jape,25,ishati jape jeka ja mkundu,yape,57,Walaghasha ndagha yape,,,
review,substitution,d/k,1.8,wada,53,Da dibonyaa wada.,waka,29,Washomi waka wengi wa mashomo tofauti,,,
review,substitution,v/r,2.7,reka,60,"Ndodo ndazi nderilikumbukwa,ela ramu kwariloda na reka nderiliwikagha.",veka,22,Ivi vindo veka na harufu ipoie.,,,
review,substitution,i/u,1.0,mghenyi,41,Neko na mghenyi.,mghenyu,41,Mghenyu wake ni mkongo,,,
review,substitution,e/o,3.6,ndoe,64,"Iruwa jikatua, ndoe yakaia na rangi ighokie",ndoo,18,Idime ni ituku jipoiye ja iruwa na ndoo kuela kabisa,,,
auto,indel,y,10.6,ghiboie,74,Mrighiti wafunya maghesho ghiboie.,ghiboiye,7,kichuku chadima kureda maghaluso ghiboiye.,,,
review,substitution,r/k,4.4,koka,66,Andenyi ya Nyumba koka na choka,kora,15,Kora modo kudeke,,,
review,substitution,d/k,1.1,kudeda,39,Wa'mbenyi wadapoilwa ni kudeda.,kudeka,42,Kudeka ni sanaa,,,
review,substitution,y/j,1.7,njama,30,Njama iboie idareda marasimio.,nyama,51,Iri nyamandu raweja nyama.,,,
review,substitution,v/n,1.9,nuo,28,Mmangi wa isanga nuo kilongozi mbaa zaidi isangenyi,vuo,53,Matuku ghose nadapoilwa ni kushoma vuo,,,
review,substitution,j/y,1.9,w'aja,53,Paulo na w'aja w'adumi w'azima.,w'aya,28,Orekoghe na w'wana ghodeda ghuseko na w'aya.,,,
review,substitution,o/a,1.1,gheka,42,Agha matunda gheka na madini.,gheko,39,Machi gheko ngarainyi,,,
review,substitution,w/p,1.9,pacha,53,Ngelo yapo ndeikunde kunonwa ni malagho pacha.,wacha,28,Wacha kurashua na kukora mudi ughu.,,,
review,substitution,k/w,4.4,ghako,66,Maghesho ghako ni muhimu,ghawo,15,"Dedimeghe kuwona shimba, chovu, ndigha katika mazingira ghawo",,,
review,substitution,o/e,1.5,chake,48,Kifumbi chake cha nguma.,chako,33,Kuseliwe kuduka kiisanduku chako cha vindo va nadime,,,
review,substitution,e/o,3.0,kwape,20,Kutiririka kwape kwashekeria kifwa chape.,kwapo,61,Sikira kuruma kwapo.,,,
review,substitution,d/w,5.2,dadima,13,Dadima ngera dizere hali ya agho makongo yakundikie wandu wibonye wada?,wadima,68,"Kusakeobua, wadima kukaia moyo.",,,
review,substitution,y/v,2.5,vako,23,Vindo vako vaka tayari,yako,58,Tumia muda na familia yako,,,
review,substitution,a/u,1.9,nao,53,Nao jesu ukawizera wanughi wake.,nuo,28,Mmangi wa isanga nuo kilongozi mbaa zaidi isangenyi,,,
review,indel,',9.0,ng'ombe,72,Yeko ng'ombe ya weke mwaawu kuserefunyireghe.,ngombe,8,Iri ngombe ni ra Mkamburi mae.,,,
auto,indel,e,19.0,eneka,4,Serikali eneka w'andu magome eri w'ibonyeghe biashara raw'o ndinindini,neka,76,Neka kula umweri maghana ghake masanu.,,,
review,substitution,p/b,3.4,mbande,62,Indoko diende shoa mbande noko cha kilembenyi,mpande,18,Dikengiria kwa wupande ghwa hali ya anga seji yabadilika ngera yakaiakaia wada isanga jaghaluka kiasiki kwa ughu mpande?,,,
auto,substitution,e/a,12.3,kushoma,74,Matuku ghose nadapoilwa ni kushoma vuo,kushome,6,Ni suit kushome vuo vako.,,,
auto,substitution,i/a,12.3,ghaboie,6,Machungwa ghaboie sana kwa muw'i.,ghiboie,74,Mrighiti wafunya maghesho ghiboie.,,,
review,substitution,e/o,4.3,chape,15,Kutiririka kwape kwashekeria kifwa chape.,chapo,65,Charo chapo chedeka kilacha na chechokesha,,,
auto,substitution,w/k,19.0,koko,76,Kunoneka koko aghadi.,woko,4,Kila mndu woko na miri na asili yake,,,
review,substitution,b/s,9.0,baa,8,Baa w'awi kuchumba umweri.,saa,72,Saa muka uko na kifu.,,,
review,substitution,i/u,1.9,nio,52,Aho nio dawona yawaumiza wandu zaidi.,nuo,28,Mmangi wa isanga nuo kilongozi mbaa zaidi isangenyi,,,
review,substitution,d/n,1.1,deko,41,Deko na bahati kuka na afya ipoiye,neko,39,Neko na kutatizika kwa kujifundisha lugha mbishi,,,
review,substitution,k/p,1.4,ghwako,46,Kuseobuo kuzoya mradi ghwako,ghwapo,34,Wasi ghwapo ghwanikata.,,,
review,substitution,l/m,1.7,njala,50,Wana wiko na njala.,njama,30,Njama iboie idareda marasimio.,,,
review,indel,',6.2,w'adima,11,W'ashomi na w'alimu w'adima kubonya ichi kibarua,wadima,68,"Kusakeobua, wadima kukaia moyo.",,,
review,indel,k,3.0,aba,59,Ghenda kwa aba kumkotie uche na iseghe.,kaba,20,Diende kaba mpira,,,
review,indel,j,3.2,iboie,60,Iri samaki reko na rangi iboie.,jiboie,19,Ituku jimu jiboie dimkase Mlungu.,,,
auto,indel,m,14.8,kushoa,5,Wafuma kilembenyi kushoa mbande,kushoma,74,Matuku ghose nadapoilwa ni kushoma vuo,,,
review,indel,j,2.2,eka,54,Eka ghadi na ghadi ya bahari.,jeka,25,Iji igare jeka na injini ibaa.,,,
review,substitution,b/w,3.0,aba,59,Ghenda kwa aba kumkotie uche na iseghe.,awa,20,Awa wiwae widima kupata.,,,
review,substitution,k/p,8.9,ikwau,71,Mori Lukombe lwabukie ikwau,ipwau,8,Ngamila ya sichiro ipwau ni wandu wadadu.,,,
review,substitution,o/a,1.6,w'aw'a,49,W'aw'a walale mana?,w'aw'o,30,W'abaa w'aja w'iandikagha w'andu niw'o w'ifwane kuzighana haja ra w'apakazi w'aw'o.,,,
auto,indel,i,12.0,isaa,6,Mka wamuongosha mwana kwa isaa jimweri.,saa,72,Saa muka uko na kifu.,,,
review,indel,w,4.2,choka,63,Lolia m'mbenyu marina gha choka dighimanye.,chokwa,15,Kipulupulu cha chokwa.,,,
review,indel,k,4.6,ndekune,64,Ndekune bahati.,ndeune,14,Omoni ndeune marasimio.,,,
review,substitution,y/j,1.7,jeko,29,Izangajedu jeko na andu kupoiye kwa wutalii,yeko,49,Bahari yeko na mawimbi ghipoiye,,,
review,substitution,r/y,2.7,rape,21,W'uja Mbaa wa isanga oko na wuhuru ghotumia mali ra isanga seji ni rape?,yape,57,Walaghasha ndagha yape,,,
review,substitution,j/d,2.1,deka,53,Deka na nafasi imweri tu yeishi,jeka,25,Iji igare jeka na injini ibaa.,,,
review,substitution,r/j,2.0,jako,26,Ituku jako jike na kupoilwa,rako,52,Kusesighe ndodo rako rifo,,,
review,substitution,j/r,1.6,jimu,30,Ituku jimu jiboie dimkase Mlungu.,rimu,48,Ndoria rimu reoma,,,
review,substitution,a/o,5.5,ghaka,12,"Isanga jakaya na malagho, Vilambo vajoka, Vilongozi wawoka malagho matini matini, njala yakaiya na malagho ghaka ghikurie.",ghako,66,Maghesho ghako ni muhimu,,,
review,substitution,i/e,1.5,eko,47,Ihii kalamu eko na wino ghupoie.,iko,31,Chovu mbaa yawesela msidunyi iko na wana wake wadadu,,,
review,substitution,t/w,2.9,ata,58,"Ghenda ata kwake,oka andenyi nyumbeni",awa,20,Awa wiwae widima kupata.,,,
review,substitution,u/r,3.3,reka,60,"Ndodo ndazi nderilikumbukwa,ela ramu kwariloda na reka nderiliwikagha.",ueka,18,Nadamuobua mlungu ueka.,,,
review,indel,a,8.6,aisi,8,Derekoghe dafungwa aisi ya sharia.,isi,69,Isi ni raiya wa dunia ihi,,,
auto,indel,s,14.4,saa,72,Saa muka uko na kifu.,sasa,5,Sasa vindo vakaiya vitini ndeviwekata wandu.,,,
review,indel,i,5.4,irangi,12,Machi ni irangi.,rangi,65,"Iruwa jikatua, ndoe yakaia na rangi ighokie",,,
review,indel,i,3.1,mikonu,19,Wawebonya kazi sa mundu ochukie mikonu.,mkonu,58,Mkonu ghwako ghonimazira.,,,
review,substitution,u/a,2.0,nyama,51,Iri nyamandu raweja nyama.,nyuma,26,Niko nyuma ya miaka midadu ngajoka.,,,
review,substitution,j/r,3.3,kuja,59,Familia yapo yadapoilwa kuja andwamweri kila jioni,kura,18,Kuseliwe kura kofia ya wusalama,,,
review,substitution,o/u,6.0,koka,66,Andenyi ya Nyumba koka na choka,kuka,11,Deko na bahati kuka na afya ipoiye,,,
review,substitution,j/k,1.6,jimu,30,Ituku jimu jiboie dimkase Mlungu.,kimu,47,Kimu cha vifurute.,,,
review,substitution,a/o,1.0,inya,39,Africa yeka na mazanga mrongo isanu na inya,inyo,38,Seremmanyireghe inyo.,,,
auto,substitution,s/j,14.4,jaa,5,Jaa mboa mboa,saa,72,Saa muka uko na kifu.,,,
review,indel,l,1.6,lwaka,47,Nadima kusikira lwaka lwa ndege,waka,29,Washomi waka wengi wa mashomo tofauti,,,
review,indel,v,2.5,eka,54,Eka ghadi na ghadi ya bahari.,veka,22,Ivi vindo veka na harufu ipoie.,,,
review,indel,j,1.6,eko,47,Ihii kalamu eko na wino ghupoie.,jeko,29,Izangajedu jeko na andu kupoiye kwa wutalii,,,
review,indel,k,1.1,kungi,40,Ghenda kuniloghe sena ela saw'efwa kungi.,ungi,36,Vilongozi wefwana kuhudumia wananchi bila kubagua ungi,,,
review,substitution,u/w,6.6,kuenda,66,Wnake wefwana kuenda skulu,kwenda,10,Uhuu muisanga wakunde kwenda kimbiri.,,,
review,substitution,j/v,4.1,jose,15,Irughu Jose jawurwa,vose,61,Dichatesia vipughi venyu vose.,,,
review,substitution,o/e,1.2,gheka,42,Agha matunda gheka na madini.,ghoka,34,Mdi ghoka na malemba malazi.,,,
review,substitution,l/w,5.9,leka,65,Leka w'iniloghe.,weka,11,Wandu weka na kiwiwi na isi.,,,
review,substitution,w/k,6.6,koka,66,Andenyi ya Nyumba koka na choka,woka,10,Mwai uhu woka na kifu/mzigo,,,
auto,substitution,j/k,14.2,w'eja,5,W'eja njama ya agho malagho.,w'eka,71,W'andu w'eka na w'uya mzima mzima.,,,
review,substitution,r/y,1.1,redu,40,Ofwa udikire kaung'a redu.,yedu,36,Wanake ni hazina yedu,,,
review,substitution,e/o,2.0,ghedu,51,Muziki ni sehemu ya maisha ghedu,ghodu,25,Wurumwengu ghodu ghokudikana kutunzwa,,,
review,substitution,p/b,3.8,iboie,60,Iri samaki reko na rangi iboie.,ipoie,16,Lukundo ni hisia ipoie,,,
review,substitution,f/j,4.4,kifu,62,Saa muka uko na kifu.,kiju,14,Midi riseko hata kiju ndechikaa.,,,
review,substitution,v/r,3.2,raw'o,58,Ndana raw'o rafungilo.,vaw'o,18,W'aka w'ape w'edukisha vilambo vaw'o vose kwa ngamila raw'o iw'i.,,,
auto,indel,i,17.8,w'eka,71,W'andu w'eka na w'uya mzima mzima.,w'ieka,4,Ni nicha w'adaw'ana kusarigha wieka na w'ai kusarigha w'ieka.,,,
auto,indel,s,24.0,iri,72,Ola kurighore maza iri.,siri,3,Wadeki waichi siri re deka.,,,
review,indel,o,4.0,oreka,15,Ija miaka yape ya imbiri oreka msuse.,reka,60,"Ndodo ndazi nderilikumbukwa,ela ramu kwariloda na reka nderiliwikagha.",,,
review,indel,m,1.9,mzima,26,W'andu w'eka na w'uya mzima mzima.,zima,49,Mbari zima.,,,
review,indel,',1.8,w'azima,27,Kuw'itanya w'azima.,wazima,48,Dekona ifungu jetesia wazima,,,
review,substitution,i/a,9.7,wadima,68,"Kusakeobua, wadima kukaia moyo.",widima,7,Awa wiwae widima kupata.,,,
review,substitution,r/v,2.3,rako,52,Kusesighe ndodo rako rifo,vako,23,Vindo vako vaka tayari,,,
review,substitution,r/j,1.6,jeko,29,Izangajedu jeko na andu kupoiye kwa wutalii,reko,46,Tanu mburi reko hao.,,,
review,substitution,j/c,6.5,chapo,65,Charo chapo chedeka kilacha na chechokesha,jhapo,10,Irumirio jhapo ini ni Mkristo,,,
review,substitution,p/w,2.8,apa,55,Dikaghenda hotelinyi na apa.,awa,20,Awa wiwae widima kupata.,,,
review,substitution,k/j,7.3,joka,9,Joka lughongonyi,koka,66,Andenyi ya Nyumba koka na choka,,,
review,substitution,v/d,2.4,deka,53,Deka na nafasi imweri tu yeishi,veka,22,Ivi vindo veka na harufu ipoie.,,,
review,substitution,g/c,2.5,pacha,53,Ngelo yapo ndeikunde kunonwa ni malagho pacha.,pagha,21,Mbvua yake yawerucha pagha/ Msanga mbua,,,
review,substitution,a/i,7.2,rangi,65,"Iruwa jikatua, ndoe yakaia na rangi ighokie",ringi,9,Kubulana ndekuw'etesia ringi,,,
review,substitution,j/r,1.2,jedu,34,Wutamaduni ghwa isanga jedu ni wuzuri,redu,40,Ofwa udikire kaung'a redu.,,,
review,substitution,a/u,1.8,kenya,48,Izanga ja Kenya jeko na wazuri wengi,kenyu,26,Vindo va luma lwa kenyu visingagha shuu.,,,
auto,substitution,z/v,11.3,mvi,6,Mvi ukakakukotia makoto yekundika kutumbulie kwa wumboa.,mzi,68,Mzi ughu ghoko na skulu nyinyi,,,
review,substitution,o/i,1.5,w'aw'i,44,W'ana w'aw'i,w'aw'o,30,W'abaa w'aja w'iandikagha w'andu niw'o w'ifwane kuzighana haja ra w'apakazi w'aw'o.,,,
review,substitution,r/s,1.8,rimu,48,Ndoria rimu reoma,simu,26,Ini n'moni ndewinikabiagha simu,,,
review,substitution,e/o,1.2,ghwape,40,Nakotia wupe huwo kwachepata wujumbe ghwape kudumilo ni mundu wako kwa deiliane kwamba ukakuneka ghunivikiyagha kwa wuvui.,ghwapo,34,Wasi ghwapo ghwanikata.,,,
review,substitution,a/e,9.6,yaka,7,Iihi skulu yaka na mafundisho ghipoie.,yake,67,Kila mndu woko na miri na asili yake,,,
review,substitution,s/n,4.3,noko,60,Msakeghada sa w'ana w'a noko.,soko,14,Boboro ya soko ni vindo vineka mundu ndighi.,,,
review,substitution,e/a,2.1,w'ako,24,Dedanya na w'ana w'ako,w'eko,50,W'andu w'eko na hachi esaghua.,,,
review,indel,o,1.3,ighu,32,Nyonyi ridima kurama ighu,ighuo,41,Mwakichwa odejha kimanga cha makaji ighuo,,,
review,indel,h,2.5,itanaa,52,Kufuma itanaa niwikaghagha malagho worinyi.,itanaha,21,"Itanaha ni michele, chipsi, soda, na vindo va Kizungu viseelekiagha",,,
review,indel,',3.9,ghaw'o,58,Maw'anu ghaw'o ghikalie.,ghawo,15,"Dedimeghe kuwona shimba, chovu, ndigha katika mazingira ghawo",,,
review,indel,',1.4,w'avi,43,"W'ana w'esighwa w'akiw'a, ndew'ine w'avi w'awo",wavi,30,Mwana ukakotia wavi wake wamvae waki.,,,
review,substitution,c/g,9.4,charo,66,Charo chapo chedeka kilacha na chechokesha,gharo,7,Mdi ghwadamanyika kwa matunda gharo.,,,
review,substitution,k/r,9.4,ghako,66,Maghesho ghako ni muhimu,gharo,7,Mdi ghwadamanyika kwa matunda gharo.,,,
review,substitution,o/i,2.5,chumbi,21,Agha machi ni gha chumbi,chumbo,52,Wadaboilwa ni kukasa na chumbo.,,,
review,substitution,m/h,1.1,hali,34,Wandu wamu wadakaiya nyumbenyi rawo eri kuepuka hali rizamie ra hewa,mali,39,Mazirngira ni mali yedu,,,
review,substitution,k/s,1.8,kimu,47,Kimu cha vifurute.,simu,26,Ini n'moni ndewinikabiagha simu,,,
auto,substitution,d/r,13.6,wadima,68,"Kusakeobua, wadima kukaia moyo.",warima,5,Mwatulituli warima.,,,
review,substitution,o/e,9.4,kuenda,66,Wnake wefwana kuenda skulu,kuonda,7,"Nameria kuonda mariwa,yanifwana nighale mzedu.",,,
review,substitution,k/p,1.8,jako,26,Ituku jako jike na kupoilwa,japo,47,Irina Japo ni Mwamburi,,,
review,substitution,d/w,8.1,daenda,8,Idime daenda m'wada mwana wa mwan'duu uvalo icho kivulanguwo.,waenda,65,Wele mayo waenda hao namulola nikamsowa idime.,,,
review,substitution,e/o,1.1,gheko,39,Machi gheko ngarainyi,ghoko,34,Mzi ughu ghoko na skulu nyinyi,,,
auto,substitution,i/u,23.3,lini,3,Kwache kufuma lini mdawana wa mzedu,linu,70,Mbeo yabia linu.,,,
auto,indel,e,11.0,kuenda,66,Wnake wefwana kuenda skulu,kunda,6,Kunda jirani wako seji kujikunde,,,
review,indel,a,2.6,itana,20,Iri nguwo ni ra mtindo ghwa itana.,itanaa,52,Kufuma itanaa niwikaghagha malagho worinyi.,,,
review,indel,h,4.5,kuja,59,Familia yapo yadapoilwa kuja andwamweri kila jioni,kujha,13,W'andu w'eleka kujha ivo vindo wei w'iaw'ona ni maendeleo kusunga w'uzungu!,,,
review,indel,u,3.0,eka,54,Eka ghadi na ghadi ya bahari.,ueka,18,Nadamuobua mlungu ueka.,,,
review,substitution,c/g,4.1,chaw'o,14,W'aja w'adaw'ana werekoghe na kidali chaw'o kulegha usekeendanya na w'ew'eni.,ghaw'o,58,Maw'anu ghaw'o ghikalie.,,,
auto,substitution,z/b,17.0,mbi,4,Wadawana kw wai wepaswa kulindia mbi ghwawo kwa kuwa ni mzi ghwa Mlungu,mzi,68,Mzi ughu ghoko na skulu nyinyi,,,
review,substitution,k/l,5.5,kwapo,61,Sikira kuruma kwapo.,lwapo,11,Na jingi sikunekagha lumbo lwapo.,,,
review,substitution,a/e,8.0,ndoa,8,Ndoa ni ahadi ya loli,ndoe,64,"Iruwa jikatua, ndoe yakaia na rangi ighokie",,,
review,substitution,w/r,4.1,raw'o,58,Ndana raw'o rafungilo.,waw'o,14,Kichuku chose chaendie zighana ndee waw'o aja hospitali ya Voi.,,,
review,substitution,w/p,5.5,kwapo,61,Sikira kuruma kwapo.,kwawo,11,Mwai wapo waghalie kwawo.,,,
review,substitution,j/c,8.0,chingi,64,Imbiri yake ndomko kilambo chingi.,jhingi,8,Mndu wadima ukaiye Mwisilamu amu Mkristo na usekaiye na irumiro jhingi,,,
review,substitution,e/o,1.9,jape,25,ishati jape jeka ja mkundu,japo,47,Irina Japo ni Mwamburi,,,
review,substitution,o/a,2.1,w'aw'a,49,W'aw'a walale mana?,w'ow'a,23,Mwana koka na w'ow'a,,,
auto,indel,k,10.8,kwaenda,6,Agha matuku kwaenda chaghunyi hao?,waenda,65,Wele mayo waenda hao namulola nikamsowa idime.,,,
review,indel,h,1.4,ighuo,41,Mwakichwa odejha kimanga cha makaji ighuo,iguo,30,Nefuma aho iguo,,,
auto,indel,i,22.7,ikanisenyi,68,W'atesia w'a ikanisenyi.,ikansenyi,3,Wawa wa womi odeniguiya mvuto na ishati jeenda ikansenyi.,,,
review,indel,a,3.7,andenyi,56,Ishima ni suti andenyi ya mahusiano,ndenyi,15,Ghwaighu ghudadukwa ni ghwa ndenyi.,,,
review,indel,e,2.2,w'aw'a,49,W'aw'a walale mana?,w'aw'ae,22,Orasimilwa nguw'o ni w'aw'ae,,,
auto,indel,a,10.8,rangi,65,"Iruwa jikatua, ndoe yakaia na rangi ighokie",rangia,6,Fuwe rangia mbuwenyi,,,
review,substitution,w/r,5.5,reka,60,"Ndodo ndazi nderilikumbukwa,ela ramu kwariloda na reka nderiliwikagha.",weka,11,Wandu weka na kiwiwi na isi.,,,
auto,substitution,l/k,13.2,koka,66,Andenyi ya Nyumba koka na choka,loka,5,Ela dendapwana loka ni lukundo,,,
auto,substitution,w/m,22.7,madima,3,Madima gha mburi ghesinga,wadima,68,"Kusakeobua, wadima kukaia moyo.",,,
auto,substitution,u/m,22.7,mzi,68,Mzi ughu ghoko na skulu nyinyi,uzi,3,Uhuu uzi wozama.,,,
review,substitution,u/d,2.9,deka,53,Deka na nafasi imweri tu yeishi,ueka,18,Nadamuobua mlungu ueka.,,,
review,substitution,b/m,2.5,kaba,20,Diende kaba mpira,kama,51,Nawenda kama Ng'ombe,,,
review,substitution,j/y,1.8,jeka,25,Iji igare jeka na injini ibaa.,yeka,46,Nyumba yapo yeka kavui na moda,,,
auto,substitution,r/w,13.2,charo,66,Charo chapo chedeka kilacha na chechokesha,chawo,5,Choro chawo chiaghwagha kafwani.,,,
auto,substitution,k/t,13.2,koka,66,Andenyi ya Nyumba koka na choka,kota,5,Daweenda kota mbia,,,
review,substitution,t/r,2.1,rimu,48,Ndoria rimu reoma,timu,23,Kazi ya timu yadima kupoa kuchumba.,,,
auto,indel,m,16.5,charo,66,Charo chapo chedeka kilacha na chechokesha,mcharo,4,Mcharo wawaenda charo.,,,
auto,indel,r,16.5,chao,4,Chao ichi cheko na malagho ghipoie.,charo,66,Charo chapo chedeka kilacha na chechokesha,,,
auto,indel,o,10.7,nde,6,Mkapo wapo woghenda kwa nde.,ndoe,64,"Iruwa jikatua, ndoe yakaia na rangi ighokie",,,
review,indel,u,1.4,jha,29,Ishati jhake ni jha misharia,ujha,41,Ujha ni m'bori,,,
auto,substitution,j/d,16.5,kuenda,66,Wnake wefwana kuenda skulu,kuenja,4,Mzuri uhuu wawetesia kuenja wutesia.,,,
review,substitution,j/w,3.7,jose,15,Irughu Jose jawurwa,wose,55,Wusafiri ghwa wandu wose ni chia ipoiye yesafiri,,,
review,substitution,k/t,2.0,kimu,47,Kimu cha vifurute.,timu,23,Kazi ya timu yadima kupoa kuchumba.,,,
auto,substitution,w/r,13.0,raenda,5,Mifugho raenda lishwa.,waenda,65,Wele mayo waenda hao namulola nikamsowa idime.,,,
auto,substitution,o/a,16.5,kaka,4,Nyumba ya kaka erew'ada modo.,koka,66,Andenyi ya Nyumba koka na choka,,,
review,substitution,j/y,1.1,jedu,34,Wutamaduni ghwa isanga jedu ni wuzuri,yedu,36,Wanake ni hazina yedu,,,
review,substitution,w/m,3.1,mada,17,Chuilwa mada.,wada,53,Da dibonyaa wada.,,,
auto,substitution,w/p,13.0,chapo,65,Charo chapo chedeka kilacha na chechokesha,chawo,5,Choro chawo chiaghwagha kafwani.,,,
review,substitution,j/k,5.4,kuja,59,Familia yapo yadapoilwa kuja andwamweri kila jioni,kuka,11,Deko na bahati kuka na afya ipoiye,,,
review,substitution,k/r,4.8,yako,58,Tumia muda na familia yako,yaro,12,Midi yaro ikaoma.,,,
review,substitution,g/c,1.5,cheka,28,Kula kilambo cheka aho.,gheka,42,Agha matunda gheka na madini.,,,
auto,substitution,e/o,13.0,leka,65,Leka w'iniloghe.,loka,5,Ela dendapwana loka ni lukundo,,,
review,substitution,a/e,2.0,lwaka,47,Nadima kusikira lwaka lwa ndege,lwake,23,Lwembe lwake lumweri lochika.,,,
review,substitution,d/j,1.4,deko,41,Deko na bahati kuka na afya ipoiye,jeko,29,Izangajedu jeko na andu kupoiye kwa wutalii,,,
review,substitution,n/m,6.0,moko,10,W'omi moko na ndighi.,noko,60,Msakeghada sa w'ana w'a noko.,,,
review,substitution,a/e,5.4,kuja,59,Familia yapo yadapoilwa kuja andwamweri kila jioni,kuje,11,Enda kusee kidombo kuje.,,,
review,substitution,c/g,2.7,chedu,19,Wusalama ni kipaumbele chedu,ghedu,51,Muziki ni sehemu ya maisha ghedu,,,
review,indel,d,2.8,ndodo,51,Kusesighe ndodo rako rifo,ndoo,18,Idime ni ituku jipoiye ja iruwa na ndoo kuela kabisa,,,
auto,indel,m,22.0,kwadia,3,Kwadia mariwa putu na iro mindi rako,kwadima,66,Kusikira mziki na kughucheza kwadima kukuburudisha na kukupumzisha akili,,,
review,indel,y,6.7,iboie,60,Iri samaki reko na rangi iboie.,iboiye,9,Ni ncha kuwishukuru walimu kwa kazi iboiye wawebonya,,,
review,indel,r,6.7,iboie,60,Iri samaki reko na rangi iboie.,riboie,9,Isanga iji jeko na mila riboie.,,,
review,indel,b,2.8,kama,51,Nawenda kama Ng'ombe,kamba,18,Kwahuwo kwawona kwa ihi ngelo ya miaka inya wakundikie wirude kamba zaidi,,,
auto,indel,h,22.0,huw'o,66,Kwaki waweadeda huw'o?,uw'o,3,Leka kubonya uw'o,,,
auto,indel,k,22.0,kuenda,66,Wnake wefwana kuenda skulu,uenda,3,Mrighiti omdumikia mkongo uenda vika wughangenyi.,,,
review,indel,y,2.8,nama,18,Leka nije kwaza nama nijoke wulinyi,nyama,51,Iri nyamandu raweja nyama.,,,
auto,indel,e,12.8,ndo,5,Mufu na mnavu ndo ghuko hata machi nighelola mwanedu.,ndoe,64,"Iruwa jikatua, ndoe yakaia na rangi ighokie",,,
auto,indel,p,16.2,chao,4,Chao ichi cheko na malagho ghipoie.,chapo,65,Charo chapo chedeka kilacha na chechokesha,,,
review,substitution,n/r,5.3,naw'o,11,W'avi naw'o wiasinda kibaruonyi dii,raw'o,58,Ndana raw'o rafungilo.,,,
review,substitution,v/s,1.3,wasi,39,Wasi ghwapo ghwanikata.,wavi,30,Mwana ukakotia wavi wake wamvae waki.,,,
auto,substitution,u/a,22.0,kaenda,3,Kaenda Mombasa na kwende baharinyi kwa ogha na machi gha chumbi,kuenda,66,Wnake wefwana kuenda skulu,,,
auto,substitution,j/d,16.2,waenda,65,Wele mayo waenda hao namulola nikamsowa idime.,waenja,4,Mwamodo waenja ngo'mbe na mburi modenyi,,,
auto,substitution,g/j,22.0,ghako,66,Maghesho ghako ni muhimu,jhako,3,Irina jhako jiele,,,
review,substitution,k/n,2.8,kama,51,Nawenda kama Ng'ombe,nama,18,Leka nije kwaza nama nijoke wulinyi,,,
auto,substitution,e/u,22.0,kuenda,66,Wnake wefwana kuenda skulu,kuunda,3,W'abonyi zoghori w'aralipa kodi kwa kaunti ya Daw'ida imbiri ya serikali kuunda kaunti.,,,
review,substitution,k/p,1.9,w'ako,24,Dedanya na w'ana w'ako,w'apo,45,Awa w'ose ni w'akinyumba w'apo,,,
review,substitution,i/o,1.6,aw'i,27,Charo cheghenda Amerika ni matuku aw'i,aw'o,42,Na aw'o w'inughagha bea ra mumbi ndew'idimagha kumrira Mlungu.,,,
auto,substitution,m/k,22.0,koka,66,Andenyi ya Nyumba koka na choka,moka,3,Nambe moka w'akelu huw'u!,,,
auto,substitution,e/a,22.0,raka,3,Mabemba reocha raka tayari.,rake,66,Mbenge rake rachikanya.,,,
auto,substitution,u/i,22.0,kwadima,66,Kusikira mziki na kughucheza kwadima kukuburudisha na kukupumzisha akili,kwaduma,3,Kwaduma ani,,,
auto,substitution,o/e,12.8,ndekune,64,Ndekune bahati.,ndokune,5,Aja andu ndokune kilambo chingi.,,,
review,indel,v,7.5,iboie,60,Iri samaki reko na rangi iboie.,viboie,8,Ivi vindo viboie kwa viongo.,,,
auto,indel,m,21.7,sikunde,65,"Ukarumira kukaia ni karakara, sikunde osinda.",simkunde,3,Simkunde putu,,,
review,indel,u,1.5,igho,27,Igho jiko moyo na iyo mbari ya wueli.,ighuo,41,Mwakichwa odejha kimanga cha makaji ighuo,,,
review,indel,y,3.2,nio,52,Aho nio dawona yawaumiza wandu zaidi.,niyo,16,Ija niyo mali ivisiro.,,,
review,indel,',3.5,w'ai,53,W'ai w'adadu w'aghenda mbuw'enyi kuw'waya mbogha,wai,15,Ni ncha wai na wadawana wishome,,,
review,indel,h,2.8,mbishi,50,Mwaka mbishi ni nafasi yezoya wuwishi,mbisi,18,Chia iw'i ralemie mbisi.,,,
review,indel,m,8.7,kwapo,61,Sikira kuruma kwapo.,mkwapo,7,Kwadika kukaie mkwapo?,,,
review,substitution,k/r,1.4,kedu,28,"Ighesho jezoya skilu ,bishi kijijinyi kedu jedeughwa mkono ni jamii ndazi",redu,40,Ofwa udikire kaung'a redu.,,,
review,substitution,w/n,3.2,nadapoilwa,16,Matuku ghose nadapoilwa ni kushoma vuo,wadapoilwa,52,Wasafidi wadapoilwa nikusafiri kwa treni,,,
auto,substitution,w/k,21.7,kaenda,3,Kaenda Mombasa na kwende baharinyi kwa ogha na machi gha chumbi,waenda,65,Wele mayo waenda hao namulola nikamsowa idime.,,,
review,substitution,n/j,1.3,jeko,29,Izangajedu jeko na andu kupoiye kwa wutalii,neko,39,Neko na kutatizika kwa kujifundisha lugha mbishi,,,
review,substitution,u/i,1.4,w'aghenyi,28,Ow'ilegha w'aghenyi w'aw'ongeri.,w'aghenyu,40,Ndounekelo rusa epata w'aghenyu.,,,
review,substitution,v/y,2.1,veka,22,Ivi vindo veka na harufu ipoie.,yeka,46,Nyumba yapo yeka kavui na moda,,,
review,substitution,v/y,2.8,vaw'o,18,W'aka w'ape w'edukisha vilambo vaw'o vose kwa ngamila raw'o iw'i.,yaw'o,50,Kusughuse mighongo yaw'o.,,,
auto,substitution,a/u,16.0,elima,4,Elima yadima kughalusa maisha.,elimu,64,Elimu ni wuwekezaji ghupoiye,,,
review,substitution,v/y,2.6,veko,19,Ivi vindo veko na msingo uboie.,yeko,49,Bahari yeko na mawimbi ghipoiye,,,
review,substitution,w/m,2.4,mazima,20,Elimu yadima kufungua minyango yeenda masanga mazima.,wazima,48,Dekona ifungu jetesia wazima,,,
auto,substitution,n/s,21.7,nikunde,3,"Ara tindima, neko na ilagho nikunde nikukotie.",sikunde,65,"Ukarumira kukaia ni karakara, sikunde osinda.",,,
review,substitution,a/i,1.5,aw'a,41,Aw'a w'ikuserie w'ichapata maboilo.,aw'i,27,Charo cheghenda Amerika ni matuku aw'i,,,
review,substitution,o/a,3.0,mada,17,Chuilwa mada.,moda,51,Nyumba yapo yeka kavui na moda,,,
review,substitution,a/o,1.0,ghoka,34,Mdi ghoka na malemba malazi.,ghoko,34,Mzi ughu ghoko na skulu nyinyi,,,
auto,substitution,a/',21.7,w'enda,3,W'enda sarigha mpira ghwa mindi.,waenda,65,Wele mayo waenda hao namulola nikamsowa idime.,,,
review,indel,e,8.6,ereka,7,Kala ereka ngasu kulowolwa ni mkoloni.,reka,60,"Ndodo ndazi nderilikumbukwa,ela ramu kwariloda na reka nderiliwikagha.",,,
auto,indel,v,10.2,ose,6,Mngulu wape ose ononeka kuzoyenyi kwa kimu chekuw'ida.,vose,61,Dichatesia vipughi venyu vose.,,,
auto,indel,u,12.4,mndungi,62,Mudi ughu mao odeghora ghuksekedemwa ni mndungi,mundungi,5,Ini mundungi usenineke magome nimw'ikie.,,,
review,indel,i,1.2,misarigho,37,Misarigho ratesiagha kujumuisha jamii,msarigho,30,Msarigho gwa mindi gwapoiyagha wandu wengi saana,,,
review,indel,i,2.2,minyango,21,Minyango yawesoghora.,mnyango,46,Mnyango msuse.,,,
auto,indel,o,10.2,cho,6,Cho dije dadeka mswara na mnavu.,choo,61,Choo mzinyi.,,,
auto,indel,y,10.2,choo,61,Choo mzinyi.,choyo,6,Mndu kakaia na choyo kwam'manyira kuvisa vindo.,,,
review,substitution,g/c,1.8,ndacha,43,Chwakule ndacha ravisa wuchafu,ndagha,24,Walaghasha ndagha yape,,,
review,substitution,u/i,8.6,mdi,60,Mdi ghwadamanyika kwa matunda gharo.,mdu,7,Matuku ghose mdu wadima kuzoya wuwishi.,,,
review,substitution,u/a,2.9,mada,17,Chuilwa mada.,madu,50,Uhu oka na madu ghesikira usikire.,,,
review,substitution,a/o,1.3,mbari,38,Igho jiko moyo na iyo mbari ya wueli.,mbori,29,Mbori raaw'uya vindo vapo.,,,
review,substitution,b/m,7.4,aba,59,Ghenda kwa aba kumkotie uche na iseghe.,ama,8,Wele idime se kwaendie njumonyi ama kwasinda nyumbenyi.,,,
review,substitution,v/y,5.7,vape,10,Oreandika vichuku vape kwa mpande ghwa w'ulindiri.,yape,57,Walaghasha ndagha yape,,,
auto,substitution,u/o,12.4,kifo,5,Dighua mburi isanu kwa samba relisha na resicha ngelo ya kifo,kifu,62,Saa muka uko na kifu.,,,
review,substitution,n/b,7.4,aba,59,Ghenda kwa aba kumkotie uche na iseghe.,ana,8,Maghi ana ghachika.,,,
review,substitution,k/p,1.9,vako,23,Vindo vako vaka tayari,vapo,44,Mbori raaw'uya vindo vapo.,,,
review,indel,w,1.1,kaw'ona,31,"Kedi w'ei kaw'ona wikunde w'iide mitihani, ni suti w'imanye ivo viteto",kwaw'ona,35,Kwaw'ona nyamndu ki?,,,
review,indel,r,2.7,imu,18,Hata saa inonekie ngelo imu yaweghora wuloli.,rimu,48,Ndoria rimu reoma,,,
review,indel,',1.3,chaw'ucha,37,Chaw'ucha kwa w'undu ghwako ghwa w'ughoma.,chawucha,29,Chawucha bwana kwa mkati na kikombe.,,,
review,indel,z,2.9,ima,17,Ima dipate mawughanga aha mzedu,zima,49,Mbari zima.,,,
review,indel,r,3.7,nio,52,Aho nio dawona yawaumiza wandu zaidi.,niro,14,Aha dalima sukuma na tindi niro niwonagha rawebonya nicha zaidi aha dawida.,,,
review,indel,r,4.1,nao,53,Nao jesu ukawizera wanughi wake.,naro,13,Kwawenda hao na mburi ra mzedu na apa olegha naro?,,,
review,indel,v,2.5,eko,47,Ihii kalamu eko na wino ghupoie.,veko,19,Ivi vindo veko na msingo uboie.,,,
review,indel,',7.2,raw'o,58,Ndana raw'o rafungilo.,rawo,8,Wandu wamu wadakaiya nyumbenyi rawo eri kuepuka hali rizamie ra hewa,,,
review,substitution,t/n,7.2,ana,8,Maghi ana ghachika.,ata,58,"Ghenda ata kwake,oka andenyi nyumbeni",,,
review,substitution,t/m,7.2,ama,8,Wele idime se kwaendie njumonyi ama kwasinda nyumbenyi.,ata,58,"Ghenda ata kwake,oka andenyi nyumbeni",,,
review,substitution,a/i,3.7,rako,52,Kusesighe ndodo rako rifo,riko,14,Nguwo riko rielie ni muhimu,,,
review,substitution,i/o,4.1,vui,13,Yasighwa ngelo vui.,vuo,53,Matuku ghose nadapoilwa ni kushoma vuo,,,
review,substitution,j/w,8.4,kuja,59,Familia yapo yadapoilwa kuja andwamweri kila jioni,kuwa,7,Kuwa mbogha,,,
review,substitution,n/h,5.0,hachi,55,Mzuri hachi.,nachi,11,Nachi ozerwa w'ei wabonya miujiza ya tee.,,,
review,substitution,i/m,3.4,ibaha,15,Ilagho ibaha niwubinana.,mbaha,51,Charo cha moda mbaha nichesisimua,,,
review,substitution,o/i,2.9,chui,17,Wakabilwa chui,chuo,49,Chuo kibaa ni andu kupoiye kushoma,,,
auto,substitution,k/v,15.5,kifu,62,Saa muka uko na kifu.,vifu,4,Ng'ombe na mburi reka na vifu vibaa viw'aghikie mando ana.,,,
review,substitution,n/y,8.4,mano,7,Wona ghimbe ikineng'ena kusewone mano ghikitifuka.,mayo,59,Wele mayo waenda hao namulola nikamsowa idime.,,,
auto,substitution,d/v,10.0,mdi,60,Mdi ghwadamanyika kwa matunda gharo.,mvi,6,Mvi ukakakukotia makoto yekundika kutumbulie kwa wumboa.,,,
review,substitution,n/s,3.4,moni,51,Mndu uamue moni ichi uchaja.,mosi,15,Mosi ghwa igari ni ghwa chilu,,,
review,substitution,a/',1.9,m'baa,43,Mlodi m'baa ukasigharika ngomenyi kwa mzuri.,mabaa,23,Wukame ghukazidi ghwadareda maafa mabaa kwa wakulima na walisha,,,
review,substitution,i/e,1.2,mwanedu,36,Shashira mwanedu.,mwanidu,30,Mwanidu wa womi wachee,,,
auto,substitution,o/a,21.0,choka,63,Lolia m'mbenyu marina gha choka dighimanye.,choko,3,Ihii bahari eka na sangagha ghwa choko.,,,
review,substitution,i/a,4.1,pacha,53,Ngelo yapo ndeikunde kunonwa ni malagho pacha.,picha,13,Picha ni chia yerekodi maghesho,,,
auto,substitution,h/o,10.0,the,6,Olow'orwa kwa mghosi wa miaka mrongo mfungade uko the miaka ikumi na inya.,toe,60,Nadakunugha toe kwa loli.,,,
review,substitution,h/t,5.0,hee,11,Hee ni kavui,tee,55,W'alodi w'a tee w'echachurikia.,,,
review,indel,',5.5,mzaw'o,55,Ukelegha mafundisho nidamw'unja mzaw'o.,mzawo,10,Mndu uvalwe isangenyi mzawo wajikunde.,,,
review,indel,',4.4,w'ei,53,"Kedi w'ei kaw'ona wikunde w'iide mitihani, ni suti w'imanye ivo viteto",wei,12,Waghorie wei i kuchanisigha.,,,
review,indel,w,4.9,eka,54,Eka ghadi na ghadi ya bahari.,weka,11,Wandu weka na kiwiwi na isi.,,,
review,indel,k,2.6,imu,18,Hata saa inonekie ngelo imu yaweghora wuloli.,kimu,47,Kimu cha vifurute.,,,
auto,substitution,e/o,12.0,toe,60,Nadakunugha toe kwa loli.,too,5,Naw'apangapanga too,,,
review,substitution,e/o,9.8,maye,6,Ihi ndunda idewalwa ni Caleb maye .,mayo,59,Wele mayo waenda hao namulola nikamsowa idime.,,,
review,substitution,o/a,8.3,yaka,7,Iihi skulu yaka na mafundisho ghipoie.,yako,58,Tumia muda na familia yako,,,
review,substitution,j/v,9.8,kuja,59,Familia yapo yadapoilwa kuja andwamweri kila jioni,kuva,6,Mbuwa yadakunda kualilwa eri kuva mapato malazi.,,,
review,substitution,l/t,5.5,lee,10,Maghembe ghedu dighisighie mbuwenyi denda ghionda lee?,tee,55,W'alodi w'a tee w'echachurikia.,,,
auto,substitution,a/o,15.2,chao,4,Chao ichi cheko na malagho ghipoie.,choo,61,Choo mzinyi.,,,
review,substitution,w/k,1.2,waka,29,Washomi waka wengi wa mashomo tofauti,wawa,36,Neenda roghua wawa wapo nikamdwaia mbogha.,,,
review,substitution,i/u,1.2,ingi,29,Ndeekoghe chia ingi zima ela kulala isakenyi.,ungi,36,Vilongozi wefwana kuhudumia wananchi bila kubagua ungi,,,
review,substitution,b/k,9.8,aba,59,Ghenda kwa aba kumkotie uche na iseghe.,aka,6,Aka oko mkongo sana.,,,
review,substitution,e/o,1.2,bei,29,Iri nguwo reko na bei yandonyi.,boi,36,Oka na boi wa chokwa,,,
review,substitution,r/v,2.4,reko,46,Tanu mburi reko hao.,veko,19,Ivi vindo veko na msingo uboie.,,,
review,substitution,w/j,1.6,jape,25,ishati jape jeka ja mkundu,wape,40,Mkeku wawamnosa mwana wape.,,,
auto,substitution,o/e,15.2,cheo,4,Wojoswa cheo.,choo,61,Choo mzinyi.,,,
review,indel,',3.9,m'baha,13,Mdawana m'baha ukalila mbori.,mbaha,51,Charo cha moda mbaha nichesisimua,,,
review,indel,a,1.0,aighu,32,Ikoto aighu yefunga tumu.,ighu,32,Nyonyi ridima kurama ighu,,,
review,indel,s,7.0,maghu,56,Wana wawecheza mpira ghwa maghu.,msaghu,8,Msaghu ni mnoni.,,,
review,indel,b,9.7,ado,6,Ado bengi ya w'urumwengu eko isanga jiao?,bado,58,Misarigho bado ndeizoe,,,
auto,indel,k,20.3,choko,3,Ihii bahari eka na sangagha ghwa choko.,choo,61,Choo mzinyi.,,,
review,substitution,k/w,9.7,yako,58,Tumia muda na familia yako,yawo,6,Kila wandu weko na mizango yawo winugha,,,
auto,substitution,u/i,15.0,iboie,60,Iri samaki reko na rangi iboie.,uboie,4,Ivi vindo veko na msingo uboie.,,,
review,substitution,t/k,9.7,aka,6,Aka oko mkongo sana.,ata,58,"Ghenda ata kwake,oka andenyi nyumbeni",,,
review,substitution,k/y,1.3,kedu,28,"Ighesho jezoya skilu ,bishi kijijinyi kedu jedeughwa mkono ni jamii ndazi",yedu,36,Wanake ni hazina yedu,,,
auto,substitution,b/d,15.0,mbi,4,Wadawana kw wai wepaswa kulindia mbi ghwawo kwa kuwa ni mzi ghwa Mlungu,mdi,60,Mdi ghwadamanyika kwa matunda gharo.,,,
review,substitution,n/m,3.9,kama,51,Nawenda kama Ng'ombe,kana,13,Nalomba kunidumie aghaje magome gheenda whughangenyi nakunda nifume aha kiramka kana.,,,
review,substitution,p/b,4.3,wadaboilwa,12,Wadaboilwa ni kukasa na chumbo.,wadapoilwa,52,Wasafidi wadapoilwa nikusafiri kwa treni,,,
review,substitution,y/u,2.6,ueka,18,Nadamuobua mlungu ueka.,yeka,46,Nyumba yapo yeka kavui na moda,,,
review,substitution,w/y,3.6,waw'o,14,Kichuku chose chaendie zighana ndee waw'o aja hospitali ya Voi.,yaw'o,50,Kusughuse mighongo yaw'o.,,,
review,substitution,w/m,4.3,malazi,52,Ihehe jake jawiimie wazima malazi.,walazi,12,Wadawana walazi walagha chofinyi.,,,
review,substitution,o/a,4.8,kuka,11,Deko na bahati kuka na afya ipoiye,kuko,53,Ndokukundikie kuobuo kuko nani.,,,
auto,substitution,p/r,20.3,kwapo,61,Sikira kuruma kwapo.,kwaro,3,Rikavika saa ikumi na imweri kwaro nafuma.,,,
review,substitution,d/w,4.8,deka,53,Deka na nafasi imweri tu yeishi,weka,11,Wandu weka na kiwiwi na isi.,,,
auto,substitution,w/n,15.0,noko,60,Msakeghada sa w'ana w'a noko.,woko,4,Kila mndu woko na miri na asili yake,,,
review,substitution,n/d,2.0,kodi,21,Kodi ra ighu rashekeria w'andu w'a cheshighadi na andenyi w'ori w'isekekumba mafungu ghaw'o kwa zoghori.,koni,43,Seji koni mboi riangagha.,,,
auto,substitution,u/a,11.8,kaja,5,Kaja manga kunyo machi malazi,kuja,59,Familia yapo yadapoilwa kuja andwamweri kila jioni,,,
auto,indel,l,20.0,toe,60,Nadakunugha toe kwa loli.,tole,3,Mka Tole kwamuichi?,,,
review,indel,v,5.3,nao,53,Nao jesu ukawizera wanughi wake.,navo,10,Wandu wekundikia wiheshimu vilambo vose daweishi navo.,,,
auto,indel,a,14.8,aba,59,Ghenda kwa aba kumkotie uche na iseghe.,abaa,4,Abaa wapo,,,
review,indel,k,1.3,kumweri,27,Kichuku chapo chadakunda kuja andu kumweri lumalwakenyi.,umweri,36,Kughitunza mazingira ni ijukumu ja kila umweri,,,
review,indel,',5.3,w'aja,53,Paulo na w'aja w'adumi w'azima.,waja,10,Awa wabonya nicha ela waja wabonya nicha na ndighi.,,,
review,indel,i,5.3,wada,53,Da dibonyaa wada.,waida,10,Weke mwangalanga waida itakoni wikilola mwatulituli rilagharie,,,
review,indel,',2.3,w'atini,44,Ni w'andu w'atini w'iandikie vuo kwa Kidaw'ida,watini,19,"Wana watini wianimenya,wianiseka shuu.",,,
review,substitution,e/a,1.1,mabamba,33,Agha mabamba gheturuka,mabemba,30,Mfu ghwa mapemba/mabemba ghwasia,,,
review,substitution,n/p,6.9,ana,8,Maghi ana ghachika.,apa,55,Dikaghenda hotelinyi na apa.,,,
auto,substitution,a/o,20.0,nako,3,Na uko kukaia moyo niko nako mumbinyi.,noko,60,Msakeghada sa w'ana w'a noko.,,,
review,substitution,m/p,6.9,ama,8,Wele idime se kwaendie njumonyi ama kwasinda nyumbenyi.,apa,55,Dikaghenda hotelinyi na apa.,,,
review,substitution,d/n,2.9,diende,47,Indoko diende shoa mbande noko cha kilembenyi,niende,16,Nazerwa niende rapo,,,
auto,substitution,j/k,20.0,reja,3,Ng'ombe reja nyasi.,reka,60,"Ndodo ndazi nderilikumbukwa,ela ramu kwariloda na reka nderiliwikagha.",,,
review,substitution,k/p,3.2,chake,48,Kifumbi chake cha nguma.,chape,15,Kutiririka kwape kwashekeria kifwa chape.,,,
review,substitution,a/u,1.7,reda,23,Reda magome ghapo.,redu,40,Ofwa udikire kaung'a redu.,,,
review,substitution,i/u,2.5,kira,45,Ituku ijo jiwuye kira.,kura,18,Kuseliwe kura kofia ya wusalama,,,
auto,substitution,o/u,11.6,mkono,5,"Ighesho jezoya skilu ,bishi kijijinyi kedu jedeughwa mkono ni jamii ndazi",mkonu,58,Mkonu ghwako ghonimazira.,,,
auto,substitution,a/e,20.0,raka,3,Mabemba reocha raka tayari.,reka,60,"Ndodo ndazi nderilikumbukwa,ela ramu kwariloda na reka nderiliwikagha.",,,
auto,substitution,a/i,20.0,mda,3,Iri nyonyi raweenda mda mlacha.,mdi,60,Mdi ghwadamanyika kwa matunda gharo.,,,
review,substitution,j/c,3.2,chake,48,Kifumbi chake cha nguma.,jhake,15,Ishati jhake ni jha misharia,,,
review,substitution,k/d,5.3,deda,10,Jingi siwone kisuka cha deda,deka,53,Deka na nafasi imweri tu yeishi,,,
review,substitution,m/v,8.0,maghu,56,Wana wawecheza mpira ghwa maghu.,vaghu,7,Wamrika wawelola vaghu,,,
review,substitution,w/m,1.2,maka,34,Nazoe kukora maka,waka,29,Washomi waka wengi wa mashomo tofauti,,,
auto,substitution,o/a,14.8,aba,59,Ghenda kwa aba kumkotie uche na iseghe.,abo,4,Nadema mudi gha abo ghuko modenyi,,,
review,substitution,w/o,1.6,shoa,24,Indoko diende shoa mbande noko cha kilembenyi,shwa,39,Iji igare jadima kwa shwa sana.,,,
review,substitution,d/j,5.3,wada,53,Da dibonyaa wada.,waja,10,Awa wabonya nicha ela waja wabonya nicha na ndighi.,,,
review,substitution,a/i,4.2,kama,51,Nawenda kama Ng'ombe,kima,12,Kuseide mbao kima,,,
review,indel,e,9.3,gheenda,6,Nalomba kunidumie aghaje magome gheenda whughangenyi nakunda nifume aha kiramka kana.,ghenda,56,Ghenda kuniloghe sena ela saw'efwa kungi.,,,
review,indel,a,5.9,aw'ai,9,Neka njala aw'ai.,w'ai,53,W'ai w'adadu w'aghenda mbuw'enyi kuw'waya mbogha,,,
review,indel,',2.0,w'ughoma,41,Ndewina w'ughoma.,wughoma,21,Namfuya wughoma.,,,
auto,indel,a,19.7,kuja,59,Familia yapo yadapoilwa kuja andwamweri kila jioni,kujaa,3,Kujaa vindo va luma lwa kesho?,,,
review,indel,a,4.6,mabaha,11,Shimba radima kukaia na meso mabaha.,mbaha,51,Charo cha moda mbaha nichesisimua,,,
review,indel,r,1.4,warwa,26,Warwa kofe,wawa,36,Neenda roghua wawa wapo nikamdwaia mbogha.,,,
review,indel,',2.3,w'anake,19,W'eko na w'agjenyu w'iboie kufuma w'anake.,wanake,43,Wanake ni hazina yedu,,,
auto,substitution,k/w,19.7,kuja,59,Familia yapo yadapoilwa kuja andwamweri kila jioni,wuja,3,Ruwukenyi wuja mpande.,,,
review,substitution,d/l,2.4,dii,18,Vua esindanya dii.,lii,44,Kucha lii na weke wawa wapo niwiwone?,,,
review,substitution,i/e,4.2,serikali,50,Wananchi wawelomba msaada ghwa serikali,sirikali,12,"Sirikali ikapoisa chia, w'alimi wiapata chia redambisha mavalo",,,
review,substitution,a/i,2.3,adadu,19,Orevina na uo mwanaw'aka kwa masaa adadu.,idadu,43,Wawa udenilukia vidasi ikenda na kamba idadu.,,,
review,substitution,n/p,5.9,nacha,9,Nacha nyumbenyi,pacha,53,Ngelo yapo ndeikunde kunonwa ni malagho pacha.,,,
review,substitution,n/l,2.4,vala,44,Bonya kazi na vala vako veni.,vana,18,Vana vakongodwa,,,
review,substitution,e/a,1.8,aja,40,Neshomea skulu aja____,aje,22,Na warighiti aje wekwaeni wawebonya kazi nicha?,,,
review,substitution,l/b,1.1,mabemba,30,Mfu ghwa mapemba/mabemba ghwasia,malemba,32,Mdi ghukademwa malemba ghadaoma.,,,
review,substitution,j/k,1.2,jedu,34,Wutamaduni ghwa isanga jedu ni wuzuri,kedu,28,"Ighesho jezoya skilu ,bishi kijijinyi kedu jedeughwa mkono ni jamii ndazi",,,
review,substitution,j/m,2.6,ija,45,Skulu ija yeaghwa kavui na moda,ima,17,Ima dipate mawughanga aha mzedu,,,
review,substitution,e/a,9.3,kureda,56,Kazi ipoiye yadima kureda mafanikio,kurede,6,Enda kurede mbande,,,
auto,substitution,n/m,19.7,mayo,59,Wele mayo waenda hao namulola nikamsowa idime.,nayo,3,Bahari yadima kukaia na wuzuri ghupoisirwanyo nayo.,,,
auto,substitution,k/l,19.7,kuja,59,Familia yapo yadapoilwa kuja andwamweri kila jioni,luja,3,Luja lose ni lwala,,,
review,substitution,n/k,1.0,kaw'ona,31,"Kedi w'ei kaw'ona wikunde w'iide mitihani, ni suti w'imanye ivo viteto",naw'ona,31,Naw'ona mundu mlacha sa ndigha,,,
review,substitution,o/i,1.6,ivi,38,Ivi vindo vasinga.,ivo,24,Ivo vindo vaka na msingo ghupoie.,,,
review,indel,w,9.2,ose,6,Mngulu wape ose ononeka kuzoyenyi kwa kimu chekuw'ida.,wose,55,Wusafiri ghwa wandu wose ni chia ipoiye yesafiri,,,
review,indel,a,1.8,shwa,39,Iji igare jadima kwa shwa sana.,shwaa,22,Kunitumbulie shwaa.,,,
review,indel,',2.0,aw'a,41,Aw'a w'ikuserie w'ichapata maboilo.,awa,20,Awa wiwae widima kupata.,,,
review,indel,i,3.4,dende,14,Dende mbuw'enyi.,diende,47,Indoko diende shoa mbande noko cha kilembenyi,,,
review,indel,a,5.8,malazi,52,Ihehe jake jawiimie wazima malazi.,mlazi,9,Elimu ni mfunguo ghorughua minyango ya wulalo mlazi.,,,
review,substitution,u/e,3.7,kenya,48,Izanga ja Kenya jeko na wazuri wengi,kunya,13,Vua yeendelia kunya.,,,
auto,substitution,a/e,11.2,andenyi,56,Ishima ni suti andenyi ya mahusiano,endenyi,5,Endenyi onda mifugho redu wana wapo.,,,
review,substitution,n/m,2.4,magho,43,Nyumba ya magho.,nagho,18,Ghuja wasi kuko nagho kughorie Mlingu ukutesie,,,
review,substitution,a/i,3.7,kenya,48,Izanga ja Kenya jeko na wazuri wengi,kenyi,13,Nichagha luma lwa kenyi,,,
review,substitution,z/k,4.1,kima,12,Kuseide mbao kima,zima,49,Mbari zima.,,,
auto,substitution,j/r,19.3,jaw'o,3,W'andu w'engi w'ekiria kutini baada ya ishua jaw'o kuzama.,raw'o,58,Ndana raw'o rafungilo.,,,
review,substitution,j/m,3.4,kiju,14,Midi riseko hata kiju ndechikaa.,kimu,47,Kimu cha vifurute.,,,
auto,substitution,y/n,19.3,nako,3,Na uko kukaia moyo niko nako mumbinyi.,yako,58,Tumia muda na familia yako,,,
review,substitution,e/a,2.2,nadima,19,Nadima kusikira lwaka lwa ndege,nadime,42,Kuseliwe kuduka kiisanduku chako cha vindo va nadime,,,
review,substitution,p/k,9.2,aka,6,Aka oko mkongo sana.,apa,55,Dikaghenda hotelinyi na apa.,,,
review,substitution,j/y,3.1,jose,15,Irughu Jose jawurwa,yose,46,Odaika chofi yose.,,,
review,substitution,v/r,3.7,rimu,48,Ndoria rimu reoma,vimu,13,"Msejhe vindo vose, msighare vimu",,,
review,substitution,i/a,1.7,alinga,23,Ni magome alinga?,ilinga,38,Kesho kupatika saa ilinga.,,,
review,substitution,m/i,5.8,iaghi,9,Midi maghana awi ghademwa ni waisanga kutesea iaghi ja skulu,maghi,52,Maghi ana ghachika.,,,
review,substitution,e/u,6.6,deka,53,Deka na nafasi imweri tu yeishi,duka,8,Duka ighembe,,,
review,substitution,o/a,5.8,chumba,9,Chumba cheka na meza na vifumbi vidadu,chumbo,52,Wadaboilwa ni kukasa na chumbo.,,,
review,substitution,r/w,1.9,rape,21,W'uja Mbaa wa isanga oko na wuhuru ghotumia mali ra isanga seji ni rape?,wape,40,Mkeku wawamnosa mwana wape.,,,
review,substitution,w/l,3.7,lazima,13,Ishima ni ilagho ja lazima,wazima,48,Dekona ifungu jetesia wazima,,,
review,substitution,h/e,9.2,tee,55,W'alodi w'a tee w'echachurikia.,the,6,Olow'orwa kwa mghosi wa miaka mrongo mfungade uko the miaka ikumi na inya.,,,
review,substitution,n/y,4.5,naw'o,11,W'avi naw'o wiasinda kibaruonyi dii,yaw'o,50,Kusughuse mighongo yaw'o.,,,
review,indel,',2.3,w'urumwengu,18,W'urumwengu ghwaw'emichwamichwa.,wurumwengu,42,Wurumwengu ghodu ghokudikana kutunzwa,,,
review,indel,k,2.0,kwape,20,Kutiririka kwape kwashekeria kifwa chape.,wape,40,Mkeku wawamnosa mwana wape.,,,
review,indel,a,6.5,maaghi,8,Maaghi gha chia na nyumbara ra wandu ago maeneo ni gheshinua,maghi,52,Maghi ana ghachika.,,,
review,indel,v,2.3,aw'o,42,Na aw'o w'inughagha bea ra mumbi ndew'idimagha kumrira Mlungu.,vaw'o,18,W'aka w'ape w'edukisha vilambo vaw'o vose kwa ngamila raw'o iw'i.,,,
auto,indel,o,14.0,ghenda,56,Ghenda kuniloghe sena ela saw'efwa kungi.,ghoenda,4,Ugo mpira ghoenda koighu maw'ingunyi andu meso ghisedima kuw'ona.,,,
review,indel,w,6.5,nio,52,Aho nio dawona yawaumiza wandu zaidi.,niwo,8,Uo niwo uwiseragha wabaa.,,,
review,substitution,i/a,1.5,w'ako,24,Dedanya na w'ana w'ako,w'iko,36,Jesu oreboisireghe w'andu w'iko na sima.,,,
review,substitution,o/e,7.6,w'ei,53,"Kedi w'ei kaw'ona wikunde w'iide mitihani, ni suti w'imanye ivo viteto",w'oi,7,Wabonya kazi W'oi.,,,
review,substitution,d/v,2.2,deko,41,Deko na bahati kuka na afya ipoiye,veko,19,Ivi vindo veko na msingo uboie.,,,
review,substitution,j/n,3.0,ija,45,Skulu ija yeaghwa kavui na moda,ina,15,Miaka rapo ni mrongo ina na ina.,,,
review,substitution,o/e,1.3,jake,34,Ukajikoja isu jake.,jako,26,Ituku jako jike na kupoilwa,,,
review,substitution,u/i,1.1,mizi,32,W'andu w'engi idakoni w'angirilo modo kwa mizi raw'o.,muzi,28,Muzi ghononwa.,,,
review,substitution,e/i,1.9,gheko,39,Machi gheko ngarainyi,ghiko,21,Na nikekotia kwa makongo agha ghiko sana sana ni makongo ghiao,,,
review,substitution,o/i,3.0,kira,45,Ituku ijo jiwuye kira.,kora,15,Kora modo kudeke,,,
review,substitution,e/a,9.0,aka,6,Aka oko mkongo sana.,eka,54,Eka ghadi na ghadi ya bahari.,,,
review,substitution,u/a,7.6,wada,53,Da dibonyaa wada.,wuda,7,Isanga jedu ndedine wuda,,,
review,substitution,w/n,1.1,marina,31,Lolia m'mbenyu marina gha choka dighimanye.,mariwa,29,Nadeka mswara nighuje na mariwa ghivimbie idime.,,,
review,substitution,k/w,6.5,rako,52,Kusesighe ndodo rako rifo,rawo,8,Wandu wamu wadakaiya nyumbenyi rawo eri kuepuka hali rizamie ra hewa,,,
review,substitution,v/j,1.3,jake,34,Ukajikoja isu jake.,vake,26,Vuo vake verashuka,,,
review,substitution,k/v,3.6,kimu,47,Kimu cha vifurute.,vimu,13,"Msejhe vindo vose, msighare vimu",,,
review,substitution,w/j,2.0,aja,40,Neshomea skulu aja____,awa,20,Awa wiwae widima kupata.,,,
auto,substitution,d/j,14.0,ghenda,56,Ghenda kuniloghe sena ela saw'efwa kungi.,ghenja,4,Ghenja mwana wulinyi.,,,
review,substitution,k/p,7.6,kacha,7,Kacha nadime kumwona,pacha,53,Ngelo yapo ndeikunde kunonwa ni malagho pacha.,,,
review,substitution,e/i,3.3,reko,46,Tanu mburi reko hao.,riko,14,Nguwo riko rielie ni muhimu,,,
review,substitution,a/o,7.6,w'ai,53,W'ai w'adadu w'aghenda mbuw'enyi kuw'waya mbogha,w'oi,7,Wabonya kazi W'oi.,,,
review,indel,w,2.3,msara,18,Mfu ghwa msara ndeghuko,mswara,41,Mswara ghukasigharika ghusigharike wokoni na mbogha.,,,
auto,indel,n,18.7,andenyi,56,Ishima ni suti andenyi ya mahusiano,nandenyi,3,Kungire kitambaa ao nandenyi.,,,
review,indel,u,1.8,mfu,38,Sabuni ya mfu yadaelesha.,mufu,21,Enda idukenyi kuuziro mapemba kilo isanau alafu kushelo mufu.,,,
review,indel,',5.6,w'eko,50,W'andu w'eko na hachi esaghua.,weko,9,Weko Wadawida walazi wiko shighadi ya Dawida,,,
review,indel,d,2.5,kudeka,42,Kudeka ni sanaa,kueka,17,Kumanye nekulisa oho kueka.,,,
review,indel,k,6.4,ama,8,Wele idime se kwaendie njumonyi ama kwasinda nyumbenyi.,kama,51,Nawenda kama Ng'ombe,,,
auto,indel,h,18.7,hishima,3,Kwamrusha kirumbu cha w'ubaa na hishima.,ishima,56,Ishima ni suti andenyi ya mahusiano,,,
review,substitution,u/o,1.2,igho,27,Igho jiko moyo na iyo mbari ya wueli.,ighu,32,Nyonyi ridima kurama ighu,,,
review,substitution,d/k,8.8,kudo,6,Kukaghenda idukenyi kudo kikuchu.,kuko,53,Ndokukundikie kuobuo kuko nani.,,,
review,substitution,k/r,8.8,kuko,53,Ndokukundikie kuobuo kuko nani.,kuro,6,Mbeo ikavika kuro ikoti,,,
review,substitution,p/k,1.4,jake,34,Ukajikoja isu jake.,jape,25,ishati jape jeka ja mkundu,,,
review,substitution,a/u,3.9,kima,12,Kuseide mbao kima,kimu,47,Kimu cha vifurute.,,,
review,substitution,d/y,1.8,indo,21,Kusedile hata indo jimweri,inyo,38,Seremmanyireghe inyo.,,,
auto,substitution,u/e,18.7,kureda,56,Kazi ipoiye yadima kureda mafanikio,kuruda,3,Shimba idima kuruda wulemeri.,,,
auto,indel,w,10.6,nao,53,Nao jesu ukawizera wanughi wake.,nawo,5,Nawo wichapata ndighi mbishi.,,,
review,indel,l,8.7,nilo,6,Lukundo nilo lupoie,nio,52,Aho nio dawona yawaumiza wandu zaidi.,,,
review,indel,',6.2,m'bishi,8,Jirani odu m'bishi oka na koshi vui na ndacha.,mbishi,50,Mwaka mbishi ni nafasi yezoya wuwishi,,,
auto,indel,j,10.6,najo,5,Dwa Irina kuenda najo sa ngao.,nao,53,Nao jesu ukawizera wanughi wake.,,,
review,indel,',2.6,aw'o,42,Na aw'o w'inughagha bea ra mumbi ndew'idimagha kumrira Mlungu.,awo,16,Awo wose ni wawiwi.,,,
auto,indel,l,18.3,tee,55,W'alodi w'a tee w'echachurikia.,tele,3,Elimu yadima kufungua minyango ya wulalo tele.,,,
review,indel,r,1.9,mbai,20,Agha ni matuku gha kutua mbai.,mbari,38,Igho jiko moyo na iyo mbari ya wueli.,,,
review,indel,k,3.1,kwaw'o,44,Mka oko na kwaw'o.,waw'o,14,Kichuku chose chaendie zighana ndee waw'o aja hospitali ya Voi.,,,
review,substitution,j/k,2.9,jose,15,Irughu Jose jawurwa,kose,43,Teknologia yarahisisha mawasiiano kose wurumwengunyi,,,
review,substitution,s/n,8.7,nio,52,Aho nio dawona yawaumiza wandu zaidi.,sio,6,Hata idana nko moyo ela sio ini.,,,
review,substitution,l/m,1.9,chilu,38,Boi wa chilu wadabolwa,chimu,20,Kwa wundu ghwa kilambo chimu?,,,
auto,substitution,e/a,10.6,w'aja,53,Paulo na w'aja w'adumi w'azima.,w'eja,5,W'eja njama ya agho malagho.,,,
auto,substitution,j/k,10.6,deja,5,Iguo deja mswara na mbogha ra kizenya na supu ya nguku.,deka,53,Deka na nafasi imweri tu yeishi,,,
review,substitution,l/k,1.8,w'uki,21,Datumia w'uki vindonyi na kwa maghanga.,w'uli,37,Mchakaia sa mundu ulaliagha w'uli mvui nandighi usekatagha.,,,
review,substitution,a/u,4.8,wazima,48,Dekona ifungu jetesia wazima,wuzima,10,Dadima kubonya wuzima kwakichuku chedu.,,,
review,substitution,o/e,7.3,meda,7,Meda na ndiwa rachua machi.,moda,51,Nyumba yapo yeka kavui na moda,,,
auto,substitution,k/m,10.6,deka,53,Deka na nafasi imweri tu yeishi,dema,5,Naenda dema isaka,,,
auto,substitution,a/d,10.6,nao,53,Nao jesu ukawizera wanughi wake.,ndo,5,Mufu na mnavu ndo ghuko hata machi nighelola mwanedu.,,,
review,substitution,i/a,8.7,malazi,52,Ihehe jake jawiimie wazima malazi.,milazi,6,Mrighiti washoma kwa kujikaza kwa miaka milazi.,,,
review,substitution,w/y,5.4,weko,9,Weko Wadawida walazi wiko shighadi ya Dawida,yeko,49,Bahari yeko na mawimbi ghipoiye,,,
review,substitution,i/m,7.3,kaia,7,Kaia na mawono mecha kwa malagho ghose kubonyagha kudafanikilwa.,kama,51,Nawenda kama Ng'ombe,,,
auto,substitution,m/t,18.3,mee,3,Mee mwana,tee,55,W'alodi w'a tee w'echachurikia.,,,
review,substitution,w/v,1.9,ivi,38,Ivi vindo vasinga.,iwi,20,Nichamshana mao shilingi mirongo iwi.,,,
review,substitution,o/u,7.3,moda,51,Nyumba yapo yeka kavui na moda,muda,7,Tumia muda na familia yako,,,
review,substitution,m/s,7.3,moda,51,Nyumba yapo yeka kavui na moda,soda,7,Dedenywa soda.,,,
review,substitution,n/v,2.1,neko,39,Neko na kutatizika kwa kujifundisha lugha mbishi,veko,19,Ivi vindo veko na msingo uboie.,,,
review,substitution,m/l,1.8,lufu,37,Uhu usewadie lufu ndeuze nguwo yake ughuo lufu.,mufu,21,Enda idukenyi kuuziro mapemba kilo isanau alafu kushelo mufu.,,,
review,indel,h,4.7,japo,47,Irina Japo ni Mwamburi,jhapo,10,Irumirio jhapo ini ni Mkristo,,,
review,indel,o,2.6,enda,41,Enda idukenyi kuuziro mapemba kilo isanau alafu kushelo mufu.,oenda,16,Oenda shwaw'ori mpande ghwa nguro ya goli.,,,
auto,indel,',10.4,w'adapoilwa,5,w'adaw'ida w'adapoilwa ni chai,wadapoilwa,52,Wasafidi wadapoilwa nikusafiri kwa treni,,,
review,indel,',5.3,w'eni,48,W'eni mwana mkelie inyo.,weni,9,Mwalale mana weni kombo mwanyama huwo.,,,
review,indel,a,7.1,madu,50,Uhu oka na madu ghesikira usikire.,mdu,7,Matuku ghose mdu wadima kuzoya wuwishi.,,,
auto,indel,g,10.4,mkongo,52,Ukakakongoma kumanye waw'uya mkongo.,mkono,5,"Ighesho jezoya skilu ,bishi kijijinyi kedu jedeughwa mkono ni jamii ndazi",,,
review,indel,r,3.8,ija,45,Skulu ija yeaghwa kavui na moda,rija,12,Rija ngelo ni seji icho kifumbi cheka na kazi iw'i.,,,
auto,substitution,f/k,13.2,fuko,4,Dalela w'eke fuko mzinyi.,kuko,53,Ndokukundikie kuobuo kuko nani.,,,
review,substitution,m/r,3.8,kima,12,Kuseide mbao kima,kira,45,Ituku ijo jiwuye kira.,,,
auto,substitution,d/y,13.2,wada,53,Da dibonyaa wada.,waya,4,Mwaawu waweenda waya mbogha,,,
review,substitution,g/c,2.2,cheko,18,Charo chipoiye cheko na malipo ghipoiye,gheko,39,Machi gheko ngarainyi,,,
review,substitution,s/d,2.8,kudeka,42,Kudeka ni sanaa,kuseka,15,Siwuriagha kuseka.,,,
review,substitution,y/w,4.2,weka,11,Wandu weka na kiwiwi na isi.,yeka,46,Nyumba yapo yeka kavui na moda,,,
review,substitution,y/d,8.5,ndodo,51,Kusesighe ndodo rako rifo,nyodo,6,Nyodo rape redumbulwa,,,
review,substitution,g/c,2.8,chape,15,Kutiririka kwape kwashekeria kifwa chape.,ghape,42,Kula manake oko na ndodo na malengo ghape.,,,
review,substitution,v/k,8.5,kama,51,Nawenda kama Ng'ombe,vama,6,Weke mao wadakaia na vama vawo va kila jumwa.,,,
auto,substitution,r/p,13.2,pacha,53,Ngelo yapo ndeikunde kunonwa ni malagho pacha.,racha,4,Racha wele,,,
auto,substitution,i/d,10.4,ndo,5,Mufu na mnavu ndo ghuko hata machi nighelola mwanedu.,nio,52,Aho nio dawona yawaumiza wandu zaidi.,,,
review,substitution,u/h,1.1,igho,27,Igho jiko moyo na iyo mbari ya wueli.,iguo,30,Nefuma aho iguo,,,
review,substitution,e/o,1.4,kwake,33,Mkelu wadaghamba ngolonyi kwake.,kwako,24,Nido kwako.,,,
auto,substitution,a/e,13.2,sharia,53,Sharia ya Bwana.,sheria,4,Kumbuka kunugha sheria,,,
review,substitution,e/u,2.2,gheko,39,Machi gheko ngarainyi,ghuko,18,Mufu na mnavu ndo ghuko hata machi nighelola mwanedu.,,,
auto,indel,u,17.7,wada,53,Da dibonyaa wada.,wadua,3,Wandu wa Mwatate wadua wiseche na mburi,,,
review,indel,w,5.2,eko,47,Ihii kalamu eko na wino ghupoie.,weko,9,Weko Wadawida walazi wiko shighadi ya Dawida,,,
review,indel,w,1.8,awa,20,Awa wiwae widima kupata.,wawa,36,Neenda roghua wawa wapo nikamdwaia mbogha.,,,
review,indel,',8.3,yaw'o,50,Kusughuse mighongo yaw'o.,yawo,6,Kila wandu weko na mizango yawo winugha,,,
auto,indel,y,17.7,nao,53,Nao jesu ukawizera wanughi wake.,nayo,3,Bahari yadima kukaia na wuzuri ghupoisirwanyo nayo.,,,
auto,indel,k,17.7,nako,3,Na uko kukaia moyo niko nako mumbinyi.,nao,53,Nao jesu ukawizera wanughi wake.,,,
review,indel,h,3.3,m'baa,43,Mlodi m'baa ukasigharika ngomenyi kwa mzuri.,m'baha,13,Mdawana m'baha ukalila mbori.,,,
auto,indel,h,17.7,w'aja,53,Paulo na w'aja w'adumi w'azima.,w'ajha,3,W'achukuo w'ajha w'ikaghuda,,,
review,indel,w,3.0,aw'o,42,Na aw'o w'inughagha bea ra mumbi ndew'idimagha kumrira Mlungu.,waw'o,14,Kichuku chose chaendie zighana ndee waw'o aja hospitali ya Voi.,,,
review,indel,u,8.3,madu,50,Uhu oka na madu ghesikira usikire.,maduu,6,Nawekulombia mecha maduu.,,,
auto,indel,v,13.0,nio,52,Aho nio dawona yawaumiza wandu zaidi.,nivo,4,Sere na wutulivu nivo vilambo suti isangenyi.,,,
review,substitution,a/e,1.0,kucha,28,Kucha sinda na mwana wapo ituku jichaa nakunda nighende njumonyi.,kuche,28,Enda kughue vadu ivi vighokie kuche navo,,,
auto,substitution,m/j,10.2,kaja,5,Kaja manga kunyo machi malazi,kama,51,Nawenda kama Ng'ombe,,,
auto,substitution,d/l,17.7,wada,53,Da dibonyaa wada.,wala,3,Nausikira wala neusikira.,,,
review,substitution,k/l,1.4,kwake,33,Mkelu wadaghamba ngolonyi kwake.,lwake,23,Lwembe lwake lumweri lochika.,,,
review,substitution,j/s,1.2,jimu,30,Ituku jimu jiboie dimkase Mlungu.,simu,26,Ini n'moni ndewinikabiagha simu,,,
review,substitution,e/i,2.7,deko,41,Deko na bahati kuka na afya ipoiye,diko,15,Mao odeka ukighora nandighi diko shighadi dikimsikira,,,
auto,substitution,a/o,13.0,mkango,4,Jhingi kwajhie Mkango angu kipunde?,mkongo,52,Ukakakongoma kumanye waw'uya mkongo.,,,
auto,substitution,w/y,13.0,wadapoilwa,52,Wasafidi wadapoilwa nikusafiri kwa treni,yadapoilwa,4,Familia yapo yadapoilwa kuja andwamweri kila jioni,,,
auto,substitution,v/f,17.7,fuo,3,Bahari eka na fuo righokie.,vuo,53,Matuku ghose nadapoilwa ni kushoma vuo,,,
auto,substitution,a/e,17.7,w'aja,53,Paulo na w'aja w'adumi w'azima.,w'aje,3,W'aje w'ai w'aichi kuvina,,,
review,substitution,s/k,1.3,iriko,32,Iriko jaweaka nicha,iriso,24,Kusekebonya iriso na mndu otumia ndighi.,,,
auto,substitution,i/e,17.7,deka,53,Deka na nafasi imweri tu yeishi,dika,3,Machi gha we dika.,,,
review,substitution,d/j,1.4,w'uda,23,W'andu w'elwa w'atesiagha nandighi ngelo ra w'uda.,w'uja,33,W'uja Mbaa wa isanga oko na wuhuru ghotumia mali ra isanga seji ni rape?,,,
auto,substitution,w/d,17.7,dada,3,Malagho ghaka mengi dada.,wada,53,Da dibonyaa wada.,,,
auto,substitution,y/g,10.2,ngama,5,W'eenda skulu luma lwa kesho na ngama.,nyama,51,Iri nyamandu raweja nyama.,,,
auto,substitution,p/j,17.7,w'aje,3,W'aje w'ai w'aichi kuvina,w'ape,53,Warighita w'akongo w'ape na lukundo lubaa.,,,
review,substitution,k/l,6.0,kisha,48,Madedo ghapo gha kisha kisha.,lisha,8,Dwiaenda lisha mrongo mbaghonyi.,,,
review,substitution,t/z,7.0,tima,7,Kuasefo ngolo tima sena,zima,49,Mbari zima.,,,
auto,indel,i,10.0,w'adaw'da,5,W'adaw'da ni mbari ya w'andu w'atini.,w'adaw'ida,50,W'adaw'ida w'ada poilwa ni chai,,,
auto,indel,n,10.0,madu,50,Uhu oka na madu ghesikira usikire.,mandu,5,"Wachaghirie mandu adadu kwa w'omi w'azima, uko si kushughunuka?",,,
review,indel,u,8.2,cho,6,Cho dije dadeka mswara na mnavu.,chuo,49,Chuo kibaa ni andu kupoiye kushoma,,,
review,indel,i,5.9,miruke,8,Midi idakua miruke.,mruke,47,Ngelo ra mruke ni ra modo saana,,,
auto,indel,m,10.0,mbishi,50,Mwaka mbishi ni nafasi yezoya wuwishi,mmbishi,5,Wawa odenikotia makoto gha muzi ughuja mmbishi.,,,
review,indel,j,4.5,ija,45,Skulu ija yeaghwa kavui na moda,jija,10,Ituku jija chumbo riborwa,,,
review,indel,',4.0,kwaw'o,44,Mka oko na kwaw'o.,kwawo,11,Mwai wapo waghalie kwawo.,,,
review,substitution,z/l,8.2,lima,6,Wandu irandadu waenda lima mbuwa,zima,49,Mbari zima.,,,
review,substitution,i/o,1.6,ghiko,21,Na nikekotia kwa makongo agha ghiko sana sana ni makongo ghiao,ghoko,34,Mzi ughu ghoko na skulu nyinyi,,,
auto,substitution,g/j,12.8,ghedu,51,Muziki ni sehemu ya maisha ghedu,jhedu,4,Isanga jhedu jeko na sere,,,
review,substitution,k/v,1.3,iko,31,Chovu mbaa yawesela msidunyi iko na wana wake wadadu,ivo,24,Ivo vindo vaka na msingo ghupoie.,,,
review,substitution,n/i,5.9,kukaiya,47,Na ngera yadima kukaiya shekeria ni kii?,kukanya,8,Deko tayari kukanya andwamweri.,,,
review,substitution,r/w,5.1,reko,46,Tanu mburi reko hao.,weko,9,Weko Wadawida walazi wiko shighadi ya Dawida,,,
auto,substitution,u/o,17.3,chombo,3,Chombo ichi ni cha thamani,chumbo,52,Wadaboilwa ni kukasa na chumbo.,,,
auto,substitution,o/a,17.3,raka,3,Mabemba reocha raka tayari.,rako,52,Kusesighe ndodo rako rifo,,,
review,substitution,o/a,8.2,chua,6,Chongonyi kwake kwa chua maghesho pacha,chuo,49,Chuo kibaa ni andu kupoiye kushoma,,,
auto,substitution,r/n,17.3,nako,3,Na uko kukaia moyo niko nako mumbinyi.,rako,52,Kusesighe ndodo rako rifo,,,
auto,substitution,t/d,17.3,idanaa,3,Kilo imweri ya nyama idanaa yauzwa shilingi elfu imweri ra Kenya.,itanaa,52,Kufuma itanaa niwikaghagha malagho worinyi.,,,
auto,substitution,m/k,12.8,kaka,4,Nyumba ya kaka erew'ada modo.,kama,51,Nawenda kama Ng'ombe,,,
auto,substitution,r/m,12.8,kama,51,Nawenda kama Ng'ombe,kara,4,Kara kara na mabonyo ghako,,,
review,substitution,o/a,5.9,lwaka,47,Nadima kusikira lwaka lwa ndege,lwako,8,Lukaso lwako,,,
review,substitution,a/e,1.1,jako,26,Ituku jako jike na kupoilwa,jeko,29,Izangajedu jeko na andu kupoiye kwa wutalii,,,
review,substitution,e/u,3.2,kudeka,42,Kudeka ni sanaa,kuduka,13,Kuseliwe kuduka kiisanduku chako cha vindo va nadime,,,
review,indel,k,1.2,kwaichi,30,Kwaichi kudunga nguwo?,waichi,24,Wadeki waichi kupoisa vindo visingie.,,,
review,indel,',2.6,w'aghora,15,W'aghora kuchurie magome,waghora,39,Mao waghora kuende deka wazughwa.,,,
review,indel,',1.8,kwaw'ona,35,Kwaw'ona nyamndu ki?,kwawona,19,Na kwawona ngera wakati ghwawecha ikaiya kaiya wada?,,,
auto,indel,g,17.0,mbagha,3,Msidu ghokorwa mbagha ni w'andu w'ediw'a.,mbaha,51,Charo cha moda mbaha nichesisimua,,,
review,indel,s,2.6,wai,15,Ni ncha wai na wadawana wishome,wasi,39,Wasi ghwapo ghwanikata.,,,
auto,indel,o,17.0,mda,3,Iri nyonyi raweenda mda mlacha.,moda,51,Nyumba yapo yeka kavui na moda,,,
review,indel,y,2.6,ina,15,Miaka rapo ni mrongo ina na ina.,inya,39,Africa yeka na mazanga mrongo isanu na inya,,,
review,indel,k,3.2,kujha,13,W'andu w'eleka kujha ivo vindo wei w'iaw'ona ni maendeleo kusunga w'uzungu!,ujha,41,Ujha ni m'bori,,,
review,substitution,z/d,9.8,dima,5,Kazi kwa bidii ya dima kureda marasimio mabaa.,zima,49,Mbari zima.,,,
review,substitution,e/o,4.4,vape,10,Oreandika vichuku vape kwa mpande ghwa w'ulindiri.,vapo,44,Mbori raaw'uya vindo vapo.,,,
auto,substitution,m/b,17.0,boni,3,Na sehemu rimu ra Msidu ghwa Boni.,moni,51,Mndu uamue moni ichi uchaja.,,,
review,substitution,e/o,1.2,w'ake,30,W'aw'ibonya malaika w'ake w'iw'uye mbeo.,w'ako,24,Dedanya na w'ana w'ako,,,
auto,substitution,d/k,17.0,moda,51,Nyumba yapo yeka kavui na moda,moka,3,Nambe moka w'akelu huw'u!,,,
review,substitution,a/e,3.5,ghaka,12,"Isanga jakaya na malagho, Vilambo vajoka, Vilongozi wawoka malagho matini matini, njala yakaiya na malagho ghaka ghikurie.",gheka,42,Agha matunda gheka na madini.,,,
auto,substitution,w/h,17.0,mbaha,51,Charo cha moda mbaha nichesisimua,mbawa,3,Nyonyi radima kukaia na mbawa ndacha.,,,
review,substitution,a/o,1.2,jeka,25,Iji igare jeka na injini ibaa.,jeko,29,Izangajedu jeko na andu kupoiye kwa wutalii,,,
auto,substitution,k/r,17.0,kama,51,Nawenda kama Ng'ombe,rama,3,Rama na idirisha.,,,
review,substitution,m/n,6.7,mecha,47,W'aghenyi w'ikamredia marumba mecha.,necha,7,Necha icho,,,
review,substitution,v/r,2.9,redu,40,Ofwa udikire kaung'a redu.,vedu,14,Vadu vedu valaghaya.,,,
review,indel,n,3.1,aja,40,Neshomea skulu aja____,naja,13,Kifu chweniluma angu naja mngulu mlazi.,,,
review,indel,e,7.8,mcha,6,Aba mlungu Koko mcha na kwaine wughoma.,mecha,47,W'aghenyi w'ikamredia marumba mecha.,,,
review,indel,n,3.8,aw'o,42,Na aw'o w'inughagha bea ra mumbi ndew'idimagha kumrira Mlungu.,naw'o,11,W'avi naw'o wiasinda kibaruonyi dii,,,
review,indel,',3.1,w'aghenyu,40,Ndounekelo rusa epata w'aghenyu.,waghenyu,13,Waghenyu wadaboilwa andukumweri.,,,
review,substitution,z/r,9.6,warima,5,Mwatulituli warima.,wazima,48,Dekona ifungu jetesia wazima,,,
auto,substitution,j/y,16.7,jaw'o,3,W'andu w'engi w'ekiria kutini baada ya ishua jaw'o kuzama.,yaw'o,50,Kusughuse mighongo yaw'o.,,,
review,substitution,a/e,6.6,yaka,7,Iihi skulu yaka na mafundisho ghipoie.,yeka,46,Nyumba yapo yeka kavui na moda,,,
review,substitution,a/i,1.6,chako,33,Kuseliwe kuduka kiisanduku chako cha vindo va nadime,chiko,20,Hachi ni msingi ghwa kichuku chiko na afya.,,,
review,substitution,p/k,1.6,kwake,33,Mkelu wadaghamba ngolonyi kwake.,kwape,20,Kutiririka kwape kwashekeria kifwa chape.,,,
review,substitution,w/p,4.9,vapo,44,Mbori raaw'uya vindo vapo.,vawo,9,"Na ngera kama niwupande ghobonya kama zoghori huwu wakati wandu wawa vindo vawo, mwauzira masanga ghia na ghia?",,,
auto,substitution,u/e,12.2,cheo,4,Wojoswa cheo.,chuo,49,Chuo kibaa ni andu kupoiye kushoma,,,
review,substitution,w/k,6.6,ghwako,46,Kuseobuo kuzoya mradi ghwako,ghwawo,7,Wanake wefwana kufundishwa tabia ripoiya kowokia mwanake ghwawo,,,
review,substitution,e/o,9.6,memu,5,Odineka memu ye zitira,momu,48,Momu ghoandikwa chuonyi.,,,
review,substitution,j/t,1.3,jimu,30,Ituku jimu jiboie dimkase Mlungu.,timu,23,Kazi ya timu yadima kupoa kuchumba.,,,
auto,substitution,u/a,12.2,chao,4,Chao ichi cheko na malagho ghipoie.,chuo,49,Chuo kibaa ni andu kupoiye kushoma,,,
review,substitution,m/k,3.1,kungi,40,Ghenda kuniloghe sena ela saw'efwa kungi.,mungi,13,Io mizi erekoghe na wasi mungi.,,,
review,indel,y,7.7,ose,6,Mngulu wape ose ononeka kuzoyenyi kwa kimu chekuw'ida.,yose,46,Odaika chofi yose.,,,
review,indel,k,1.1,aw'i,27,Charo cheghenda Amerika ni matuku aw'i,kaw'i,25,Inimoni ni mwana wa kaw'i,,,
review,indel,n,1.1,igho,27,Igho jiko moyo na iyo mbari ya wueli.,nigho,25,Wukulima nigho iindi ja mghongo ja mazangamenhi Africa,,,
review,indel,d,4.8,nacha,9,Nacha nyumbenyi,ndacha,43,Chwakule ndacha ravisa wuchafu,,,
review,indel,l,3.3,kilo,12,Enda idukenyi kuuziro mapemba kilo isanau alafu kushelo mufu.,kio,40,Kio ichi chose kuendaa hao?,,,
auto,indel,i,16.3,izima,3,Diwonanagha ituku izima,zima,49,Mbari zima.,,,
review,substitution,n/t,1.4,niki,22,Ighuri jaro niki??,tiki,30,N'loli tiki nikasowa chai chongo chadanija.,,,
review,substitution,o/u,1.9,ghoko,34,Mzi ughu ghoko na skulu nyinyi,ghuko,18,Mufu na mnavu ndo ghuko hata machi nighelola mwanedu.,,,
review,substitution,e/a,9.4,kukaiya,47,Na ngera yadima kukaiya shekeria ni kii?,kukaiye,5,Dawekuwanga kukaiye mghenyi wa ishima kwa msoro ghodu nakesho.,,,
review,substitution,u/i,9.4,kimu,47,Kimu cha vifurute.,kumu,5,Nkila gonda ni irina ja andu kumu Ethiopia.,,,
review,substitution,w/k,5.5,kutesia,44,Wavi wakundagha kutesia wana.,wutesia,8,Ndege iro rawetesia wutesia ghwa ncha/loli.,,,
review,substitution,z/v,2.7,ivi,38,Ivi vindo vasinga.,izi,14,Kidasi cha mawora ndechitanya na izi.,,,
review,substitution,w/b,3.0,basi,13,Basi nizere koko hao niche idana.,wasi,39,Wasi ghwapo ghwanikata.,,,
review,substitution,l/f,5.5,fii,8,Olua fii sa kira.,lii,44,Kucha lii na weke wawa wapo niwiwone?,,,
review,substitution,m/i,9.4,iruke,5,Nekunda machi gha iruke,mruke,47,Ngelo ra mruke ni ra modo saana,,,
review,indel,v,7.5,ija,45,Skulu ija yeaghwa kavui na moda,vija,6,Dazoghora vija didimagha kukuw'ida.,,,
review,indel,',2.4,w'iko,36,Jesu oreboisireghe w'andu w'iko na sima.,wiko,15,Awo wose wiko moyo.,,,
review,indel,m,5.4,mwanake,8,Wanake wefwana kufundishwa tabia ripoiya kowokia mwanake ghwawo,wanake,43,Wanake ni hazina yedu,,,
review,indel,',3.2,w'aisanga,39,Ni karakara kutesia w'aisanga w'isene w'udimi/w'uwezo,waisanga,12,Polisi wefwana luwilindia waisanga,,,
auto,indel,a,11.8,kukaiaya,4,Kukaiaya na waghenyi wa loli ni marasimio mabaa.,kukaiya,47,Na ngera yadima kukaiya shekeria ni kii?,,,
review,indel,k,3.2,kwaghora,12,"Kwaghora loli,nibwaghilo ni njala.",waghora,39,Mao waghora kuende deka wazughwa.,,,
review,indel,a,3.6,kungi,40,Ghenda kuniloghe sena ela saw'efwa kungi.,kungia,11,W'ereleloghe ni kungia kwa kusowa irumirio.,,,
auto,indel,i,11.8,kukaiya,47,Na ngera yadima kukaiya shekeria ni kii?,kukaya,4,Maisha ghadima kukaya na wasi lakini dadima kurisima.,,,
review,indel,n,7.5,ija,45,Skulu ija yeaghwa kavui na moda,inja,6,Inja machu ghako.,,,
review,substitution,n/r,7.5,kina,6,Kina chakotwa,kira,45,Ituku ijo jiwuye kira.,,,
auto,substitution,m/b,16.0,bomu,3,W'andu w'engi w'efwa kwa ugho mlipuko ghwa bomu.,momu,48,Momu ghoandikwa chuonyi.,,,
review,substitution,r/k,9.2,ghwako,46,Kuseobuo kuzoya mradi ghwako,ghwaro,5,W'ulalo ghwaro.,,,
review,substitution,n/k,4.1,makongo,41,Wadihoresha makongo.,manongo,10,Aghia manongo,,,
review,substitution,g/y,5.4,manga,43,Manga wa kiju.,manya,8,Manya mazingira ghako,,,
auto,substitution,k/l,11.8,lwaka,47,Nadima kusikira lwaka lwa ndege,lwala,4,Luja lose ni lwala,,,
auto,substitution,k/l,11.8,kwaka,4,Kwaki kwaka na machu,lwaka,47,Nadima kusikira lwaka lwa ndege,,,
auto,substitution,k/y,16.0,kenya,48,Izanga ja Kenya jeko na wazuri wengi,yenya,3,Mvua yenya.,,,
auto,substitution,k/m,16.0,kenya,48,Izanga ja Kenya jeko na wazuri wengi,menya,3,Kusekenilola sena kama koka na menya huw'o,,,
review,substitution,n/t,5.4,koni,43,Seji koni mboi riangagha.,koti,8,Ni suti sharia ra koti rineko ishima.,,,
review,substitution,z/m,1.2,mumi,23,Mumi wake ni kitoi.,muzi,28,Muzi ghononwa.,,,
review,substitution,a/e,1.8,chako,33,Kuseliwe kuduka kiisanduku chako cha vindo va nadime,cheko,18,Charo chipoiye cheko na malipo ghipoiye,,,
review,substitution,d/k,2.0,mada,17,Chuilwa mada.,maka,34,Nazoe kukora maka,,,
auto,substitution,i/a,16.0,wazama,3,Mtorori wazama,wazima,48,Dekona ifungu jetesia wazima,,,
review,substitution,n/d,4.7,kudeka,42,Kudeka ni sanaa,kuneka,9,Wanake wefeana kuneka ishima wandu wabaa,,,
auto,substitution,r/d,11.8,mduke,4,Mduke ionge uw'one mbai na mbai,mruke,47,Ngelo ra mruke ni ra modo saana,,,
review,substitution,u/a,1.6,ghaja,31,Gheni ghaja magome nerepatagha matini matini ghechaw'uya milioni raenga.,ghuja,20,Ghuja wasi kuko nagho kughorie Mlingu ukutesie,,,
review,indel,k,1.3,kuche,28,Enda kughue vadu ivi vighokie kuche navo,uche,22,M'wesere mdawana uche na kio.,,,
review,indel,',1.3,mdaw'ana,28,Neko na mdaw'ana umweri aha,mdawana,22,Mdawana m'baha ukalila mbori.,,,
review,indel,m,4.6,ghenyu,9,Chanenyi maghembe ghenyu,mghenyu,41,Mghenyu wake ni mkongo,,,
review,indel,w,4.0,aja,40,Neshomea skulu aja____,waja,10,Awa wabonya nicha ela waja wabonya nicha na ndighi.,,,
review,indel,i,4.6,aw'a,41,Aw'a w'ikuserie w'ichapata maboilo.,aw'ai,9,Neka njala aw'ai.,,,
review,indel,',4.0,w'ukongo,40,Ni w'ukongo ghwa Korona ghushekerie agho ghose?,wukongo,10,Mburi ra mzuri refwa rose rendapata wukongo,,,
review,indel,m,7.3,kumtesia,6,W'andu w'acha na iseghe kumtesia mkongo,kutesia,44,Wavi wakundagha kutesia wana.,,,
review,substitution,v/y,2.6,vedu,14,Vadu vedu valaghaya.,yedu,36,Wanake ni hazina yedu,,,
auto,substitution,p/w,15.7,japo,47,Irina Japo ni Mwamburi,jawo,3,Isanga jawo ni jesirimika.,,,
review,substitution,l/k,1.9,weke,17,Yeko ng'ombe ya weke mwaawu kuserefunyireghe.,wele,33,Wele nani orelodieghe maza iro?,,,
review,substitution,v/k,1.2,kitoi,27,Mumi wake ni kitoi.,vitoi,23,Kokala korekoghe na mndumu na mkwake nao wedevamilwa ni vitoi.,,,
review,substitution,b/f,2.6,bwana,36,Kukaia na irumirio na Bwana.,fwana,14,Kuaeliwe kughua vilambo va fwana,,,
review,substitution,z/d,1.3,mudi,22,Matuku ghose mwadeda ngelo rose kavui ya mudi ughu.,muzi,28,Muzi ghononwa.,,,
review,substitution,m/l,7.3,vala,44,Bonya kazi na vala vako veni.,vama,6,Weke mao wadakaia na vama vawo va kila jumwa.,,,
review,substitution,v/w,4.0,vape,10,Oreandika vichuku vape kwa mpande ghwa w'ulindiri.,wape,40,Mkeku wawamnosa mwana wape.,,,
review,substitution,d/w,4.6,deko,41,Deko na bahati kuka na afya ipoiye,weko,9,Weko Wadawida walazi wiko shighadi ya Dawida,,,
review,substitution,m/k,5.2,kudeka,42,Kudeka ni sanaa,kudema,8,Kudema mbande,,,
review,substitution,i/o,9.0,ija,45,Skulu ija yeaghwa kavui na moda,oja,5,Uja mwanawaka oja magome ghapo.,,,
auto,substitution,u/e,15.7,mecha,47,W'aghenyi w'ikamredia marumba mecha.,mucha,3,Mlungu ni mucha.,,,
review,substitution,k/l,7.3,vaka,6,Vindo vako vaka tayari,vala,44,Bonya kazi na vala vako veni.,,,
review,substitution,v/b,2.6,boi,36,Oka na boi wa chokwa,voi,14,Nawona mundu wakimbia kufuma voi mpaka Mwatate usehoreshere anduangi,,,
review,indel,h,2.3,jake,34,Ukajikoja isu jake.,jhake,15,Ishati jhake ni jha misharia,,,
review,indel,d,2.3,irina,34,Irina Japo ni Mwamburi,irinda,15,Irinda jipoie ni ja mwana.,,,
review,indel,i,6.0,gheka,42,Agha matunda gheka na madini.,ghieka,7,Naweja gha loli ghieka.,,,
review,indel,k,7.2,kose,43,Teknologia yarahisisha mawasiiano kose wurumwengunyi,ose,6,Mngulu wape ose ononeka kuzoyenyi kwa kimu chekuw'ida.,,,
review,indel,w,1.1,ghachua,23,Machi ghachua modenyi,ghwachua,26,Mruke ghwachua,,,
review,indel,',1.2,w'ughangenyi,27,Ni w'ughangenyi iyao dawida iko mbahaa,wughangenyi,22,Naweenda Wughangenyi,,,
review,indel,m,2.8,mungi,13,Io mizi erekoghe na wasi mungi.,ungi,36,Vilongozi wefwana kuhudumia wananchi bila kubagua ungi,,,
auto,indel,y,15.3,idukeni,3,W'adumwa idukeni,idukenyi,46,Enda idukenyi kuuziro mapemba kilo isanau alafu kushelo mufu.,,,
review,indel,v,7.2,idadu,43,Wawa udenilukia vidasi ikenda na kamba idadu.,vidadu,6,Vilambo vidadu,,,
review,indel,a,3.5,andonyi,38,Diwose diwuya andonyi terinyi.,ndonyi,11,Umeme ghobara ndonyi.,,,
review,substitution,a/o,1.1,kulala,23,Ndeekoghe chia ingi zima ela kulala isakenyi.,kulola,26,Kusesighe kulola maarifa,,,
review,substitution,e/a,6.0,kudeka,42,Kudeka ni sanaa,kudeke,7,Kora modo kudeke,,,
review,substitution,t/s,1.1,simu,26,Ini n'moni ndewinikabiagha simu,timu,23,Kazi ya timu yadima kupoa kuchumba.,,,
review,substitution,p/k,8.8,kwaw'o,44,Mka oko na kwaw'o.,pwaw'o,5,W'eko na mboi raenga mzinyi pwaw'o.,,,
review,substitution,v/l,8.8,lala,5,W'andu w'ose w'aw'eghenda lala nokoo,vala,44,Bonya kazi na vala vako veni.,,,
review,substitution,o/a,2.8,w'ika,13,Kusekecha w'ika mundu wa w'andu,w'iko,36,Jesu oreboisireghe w'andu w'iko na sima.,,,
review,substitution,u/a,4.4,w'akongo,9,"Namanya nikokoni, w'andu w'amba w'aw'ona sejhi sipitali ralemwa kutesia w'akongo",w'ukongo,40,Ni w'ukongo ghwa Korona ghushekerie agho ghose?,,,
review,substitution,i/u,2.3,kifumbi,34,Kifumbi chake cha nguma.,kifumbu,15,Iyo mizozo yareda w'ow'a kwa icho kifumbu.,,,
review,substitution,v/j,1.1,jako,26,Ituku jako jike na kupoilwa,vako,23,Vindo vako vaka tayari,,,
review,substitution,k/l,2.3,diko,15,Mao odeka ukighora nandighi diko shighadi dikimsikira,dilo,34,Nasowie dilo kufuma icho.,,,
review,substitution,e/o,1.1,vake,26,Vuo vake verashuka,vako,23,Vindo vako vaka tayari,,,
auto,substitution,a/i,11.2,kara,4,Kara kara na mabonyo ghako,kira,45,Ituku ijo jiwuye kira.,,,
review,substitution,o/u,1.2,huwo,22,Nakotia wupe huwo kwachepata wujumbe ghwape kudumilo ni mundu wako kwa deiliane kwamba ukakuneka ghunivikiyagha kwa wuvui.,huwu,27,Maisha ghikaendelia huwu didafuma dende kuzima.,,,
review,substitution,i/u,1.7,imu,18,Hata saa inonekie ngelo imu yaweghora wuloli.,umu,31,"Kuagha sere ni ijukumu ja kila umu ,mbaa na hata mtini.",,,
review,substitution,a/u,1.2,ghangi,27,Sigheshaa nipataa magome ghangi ulu luma lwa penyu.,ghungi,22,Sina wuya ghungi,,,
review,substitution,e/i,5.1,enda,41,Enda idukenyi kuuziro mapemba kilo isanau alafu kushelo mufu.,inda,8,Chala chimweri ndechibaragha inda.,,,
auto,indel,h,11.0,lihi,4,Kovalo lihi?,lii,44,Kucha lii na weke wawa wapo niwiwone?,,,
review,indel,b,1.1,mumbi,25,Na aw'o w'inughagha bea ra mumbi ndew'idimagha kumrira Mlungu.,mumi,23,Mumi wake ni kitoi.,,,
auto,indel,h,15.0,ija,45,Skulu ija yeaghwa kavui na moda,ijha,3,Dineke ijha mbeu yako,,,
review,indel,r,5.0,aja,40,Neshomea skulu aja____,raja,8,Nyoni iro raja wadudu wipoie.,,,
review,indel,g,1.5,maghana,19,Neka kula umweri maghana ghake masanu.,maghanga,29,Mrighiti wafunya maghanga kwa lukundo na wughoma.,,,
review,indel,j,1.7,nama,18,Leka nije kwaza nama nijoke wulinyi,njama,30,Njama iboie idareda marasimio.,,,
review,indel,w,3.0,bana,12,Neka na wada bana,bwana,36,Kukaia na irumirio na Bwana.,,,
review,indel,j,1.7,imu,18,Hata saa inonekie ngelo imu yaweghora wuloli.,jimu,30,Ituku jimu jiboie dimkase Mlungu.,,,
review,substitution,j/v,2.4,jedu,34,Wutamaduni ghwa isanga jedu ni wuzuri,vedu,14,Vadu vedu valaghaya.,,,
review,substitution,r/p,5.0,pedu,8,Sigha nighende pedu niwone mao na wanidu,redu,40,Ofwa udikire kaung'a redu.,,,
review,substitution,j/y,2.2,w'uja,33,W'uja Mbaa wa isanga oko na wuhuru ghotumia mali ra isanga seji ni rape?,w'uya,15,W'andu w'eka na w'uya mzima mzima.,,,
review,substitution,k/v,2.2,kilole,33,Kilole cha mtorori.,vilole,15,Nyihi nadarwa vilole,,,
auto,substitution,p/r,11.0,vapo,44,Mbori raaw'uya vindo vapo.,varo,4,Wandu wadapoilwa ni kubonya varo va asili.,,,
auto,substitution,j/d,15.0,ida,3,Leka ida na aho,ija,45,Skulu ija yeaghwa kavui na moda,,,
review,substitution,o/a,3.0,wawa,36,Neenda roghua wawa wapo nikamdwaia mbogha.,wawo,12,Waka wawo.,,,
review,substitution,v/j,1.5,jeko,29,Izangajedu jeko na andu kupoiye kwa wutalii,veko,19,Ivi vindo veko na msingo uboie.,,,
review,substitution,i/a,8.6,manga,43,Manga wa kiju.,minga,5,Waenda funya minga.,,,
review,substitution,a/u,5.0,w'aghenyu,40,Ndounekelo rusa epata w'aghenyu.,w'ughenyu,8,Derekanya w'ughenyu kufuma diko w'ana w'atini.,,,
review,substitution,n/j,5.0,aja,40,Neshomea skulu aja____,ana,8,Maghi ana ghachika.,,,
review,substitution,i/u,3.4,mwalimu,37,Ini ni mwalimu wa kij'omba,mwalumu,11,Mwalumu wadapoilwa kukaia sere na wandu wose,,,
review,substitution,a/u,1.8,kaw'ona,31,"Kedi w'ei kaw'ona wikunde w'iide mitihani, ni suti w'imanye ivo viteto",kuw'ona,17,Kwaselie kuw'ona igho ja w'esu?,,,
review,substitution,m/j,5.0,aja,40,Neshomea skulu aja____,ama,8,Wele idime se kwaendie njumonyi ama kwasinda nyumbenyi.,,,
review,substitution,i/',8.6,m'baa,43,Mlodi m'baa ukasigharika ngomenyi kwa mzuri.,mibaa,5,Iji isanga jeko na mighondi mibaa.,,,
review,substitution,m/g,4.3,gali,9,Machi gha mfereji gheka gali.,mali,39,Mazirngira ni mali yedu,,,
auto,substitution,j/u,15.0,ija,45,Skulu ija yeaghwa kavui na moda,iua,3,Nani wadumbua Iua,,,
review,substitution,i/a,1.5,bea,19,Na aw'o w'inughagha bea ra mumbi ndew'idimagha kumrira Mlungu.,bei,29,Iri nguwo reko na bei yandonyi.,,,
review,substitution,n/w,4.3,neko,39,Neko na kutatizika kwa kujifundisha lugha mbishi,weko,9,Weko Wadawida walazi wiko shighadi ya Dawida,,,
auto,indel,d,10.8,idadu,43,Wawa udenilukia vidasi ikenda na kamba idadu.,idau,4,Siichi kukaba idau.,,,
auto,indel,n,14.7,lii,44,Kucha lii na weke wawa wapo niwiwone?,lini,3,Kwache kufuma lini mdawana wa mzedu,,,
review,indel,h,5.7,aja,40,Neshomea skulu aja____,haja,7,Sine haja na njau.,,,
auto,indel,i,14.7,kutesa,3,Kutesa si ikosa sena.,kutesia,44,Wavi wakundagha kutesia wana.,,,
review,indel,m,8.4,dawida,42,Hata niseendajoka Dawida huw'u.,mdawida,5,Nekunda kulowolwa ni mdawida ushomie,,,
review,indel,u,4.9,neko,39,Neko na kutatizika kwa kujifundisha lugha mbishi,uneko,8,Uneko nguma,,,
review,substitution,u/a,8.4,ghamu,42,Mando ghamu ni ncha kubonya mazoezi,ghumu,5,Saw'au resindarama kufuma mdi ghumweri mpaka ghuja ghumu.,,,
review,substitution,j/k,2.4,w'uja,33,W'uja Mbaa wa isanga oko na wuhuru ghotumia mali ra isanga seji ni rape?,w'uka,14,W'uka shalu shalu,,,
review,substitution,j/v,1.1,jeka,25,Iji igare jeka na injini ibaa.,veka,22,Ivi vindo veka na harufu ipoie.,,,
review,substitution,d/m,4.9,kudeda,39,Wa'mbenyi wadapoilwa ni kudeda.,kudema,8,Kudema mbande,,,
review,substitution,l/f,4.2,chifu,9,Uhu useghendie skulu wakotelwa ni chifu uende umbone,chilu,38,Boi wa chilu wadabolwa,,,
auto,substitution,w/v,14.7,vala,44,Bonya kazi na vala vako veni.,wala,3,Nausikira wala neusikira.,,,
auto,substitution,e/a,14.7,kutesia,44,Wavi wakundagha kutesia wana.,kutesie,3,Funya maghuri kutesie w'akiw'a,,,
review,substitution,a/e,3.3,nachi,11,Nachi ozerwa w'ei wabonya miujiza ya tee.,nechi,36,Nechi modeghora siwadie awasi.,,,
review,substitution,k/u,2.6,maka,34,Nazoe kukora maka,maua,13,Magome ni maua sena ghadabwagha.,,,
auto,substitution,u/w,14.7,kafuani,3,Kwaendie mzinyi kafuani?,kafwani,44,Ndediwonane kafwani.,,,
review,substitution,d/r,2.1,odeka,32,Odeka na w'aruna w'a tee.,oreka,15,Ija miaka yape ya imbiri oreka msuse.,,,
review,substitution,d/y,4.9,inda,8,Chala chimweri ndechibaragha inda.,inya,39,Africa yeka na mazanga mrongo isanu na inya,,,
review,substitution,o/e,6.8,enda,41,Enda idukenyi kuuziro mapemba kilo isanau alafu kushelo mufu.,onda,6,Endenyi onda mifugho redu wana wapo.,,,
auto,indel,u,10.5,gheka,42,Agha matunda gheka na madini.,ghekua,4,Agha makoto ghekua,,,
review,indel,a,1.3,mazima,20,Elimu yadima kufungua minyango yeenda masanga mazima.,mzima,26,W'andu w'eka na w'uya mzima mzima.,,,
auto,indel,w,14.3,anake,3,W~anake wengi washomaa?,wanake,43,Wanake ni hazina yedu,,,
review,indel,',4.1,w'uli,37,Mchakaia sa mundu ulaliagha w'uli mvui nandighi usekatagha.,wuli,9,Kukawuka kuale wuli,,,
review,indel,w,2.1,iko,31,Chovu mbaa yawesela msidunyi iko na wana wake wadadu,wiko,15,Awo wose wiko moyo.,,,
auto,indel,b,14.3,manga,43,Manga wa kiju.,mbanga,3,Mbanga reko aha,,,
review,indel,n,4.8,inyo,38,Seremmanyireghe inyo.,ninyo,8,Nineke machi ninyo.,,,
auto,indel,o,14.3,ndacha,43,Chwakule ndacha ravisa wuchafu,ondacha,3,Oremw'ona ondacha ukiida aho idirishenyi ja nyumba,,,
review,indel,d,2.1,diko,15,Mao odeka ukighora nandighi diko shighadi dikimsikira,iko,31,Chovu mbaa yawesela msidunyi iko na wana wake wadadu,,,
review,indel,n,4.8,andonyi,38,Diwose diwuya andonyi terinyi.,nandonyi,8,Miri ya midi yao ma nandonyi na mbashu rake.,,,
review,indel,s,2.1,sumu,15,Choka reko na sumu,umu,31,"Kuagha sere ni ijukumu ja kila umu ,mbaa na hata mtini.",,,
review,indel,m,2.3,izi,14,Kidasi cha mawora ndechitanya na izi.,mizi,32,W'andu w'engi idakoni w'angirilo modo kwa mizi raw'o.,,,
review,indel,i,2.3,iriko,32,Iriko jaweaka nicha,riko,14,Nguwo riko rielie ni muhimu,,,
auto,indel,b,14.3,magho,43,Nyumba ya magho.,mbagho,3,Mbagho rose rechocholwa,,,
review,substitution,a/o,2.8,ghaka,12,"Isanga jakaya na malagho, Vilambo vajoka, Vilongozi wawoka malagho matini matini, njala yakaiya na malagho ghaka ghikurie.",ghoka,34,Mdi ghoka na malemba malazi.,,,
auto,substitution,i/a,14.3,magho,43,Nyumba ya magho.,migho,3,Oho na mwana wako mgale kwa migho.,,,
review,substitution,s/k,6.7,kio,40,Kio ichi chose kuendaa hao?,sio,6,Hata idana nko moyo ela sio ini.,,,
review,substitution,j/w,3.6,waja,10,Awa wabonya nicha ela waja wabonya nicha na ndighi.,wawa,36,Neenda roghua wawa wapo nikamdwaia mbogha.,,,
auto,substitution,k/b,14.3,boni,3,Na sehemu rimu ra Msidu ghwa Boni.,koni,43,Seji koni mboi riangagha.,,,
review,substitution,k/d,2.8,dilo,34,Nasowie dilo kufuma icho.,kilo,12,Enda idukenyi kuuziro mapemba kilo isanau alafu kushelo mufu.,,,
review,substitution,w/m,8.2,makongo,41,Wadihoresha makongo.,wakongo,5,Mrighiti orighika wakongo kwa sere.,,,
review,substitution,r/z,2.3,miri,14,Kila mndu woko na miri na asili yake,mizi,32,W'andu w'engi idakoni w'angirilo modo kwa mizi raw'o.,,,
auto,substitution,o/e,14.3,keni,3,Oho ko mwana wani keni?,koni,43,Seji koni mboi riangagha.,,,
review,substitution,o/a,1.6,cheka,28,Kula kilambo cheka aho.,cheko,18,Charo chipoiye cheko na malipo ghipoiye,,,
review,substitution,s/k,2.8,maka,34,Nazoe kukora maka,masa,12,Mka wakufungua masa,,,
review,substitution,t/d,1.0,vidoi,23,Vidoi veiw'a kila kilambo okoghe nacho.,vitoi,23,Kokala korekoghe na mndumu na mkwake nao wedevamilwa ni vitoi.,,,
review,substitution,w/r,6.7,redu,40,Ofwa udikire kaung'a redu.,wedu,6,Ihii skulu yawatesia wadawana wedu.,,,
auto,substitution,u/n,14.3,ndacha,43,Chwakule ndacha ravisa wuchafu,udacha,3,Udacha sa kitoi,,,
review,substitution,w/m,1.4,matini,27,"Isanga jakaya na malagho, Vilambo vajoka, Vilongozi wawoka malagho matini matini, njala yakaiya na malagho ghaka ghikurie.",watini,19,"Wana watini wianimenya,wianiseka shuu.",,,
auto,substitution,w/h,10.5,ghape,42,Kula manake oko na ndodo na malengo ghape.,gwape,4,Safu yadima kuduka kilambo kibaa kuchumba muw'I gwape.,,,
review,substitution,r/j,1.2,jape,25,ishati jape jeka ja mkundu,rape,21,W'uja Mbaa wa isanga oko na wuhuru ghotumia mali ra isanga seji ni rape?,,,
review,substitution,k/j,6.7,aja,40,Neshomea skulu aja____,aka,6,Aka oko mkongo sana.,,,
review,substitution,d/j,8.2,enda,41,Enda idukenyi kuuziro mapemba kilo isanau alafu kushelo mufu.,enja,5,Enja magome bengi,,,
review,substitution,u/e,4.1,kampeni,9,Watumie magome mengi kwa kampeni ra siasa,kampuni,37,Kwaki kampuni rimu riselipagha mafungu kwa ngelo iboie?,,,
review,indel,v,2.0,wai,15,Ni ncha wai na wadawana wishome,wavi,30,Mwana ukakotia wavi wake wamvae waki.,,,
review,indel,f,8.0,kifo,5,Dighua mburi isanu kwa samba relisha na resicha ngelo ya kifo,kio,40,Kio ichi chose kuendaa hao?,,,
review,indel,r,2.2,iko,31,Chovu mbaa yawesela msidunyi iko na wana wake wadadu,riko,14,Nguwo riko rielie ni muhimu,,,
review,indel,i,1.5,mghondinyi,27,Nyumba rapo reni redukwa ni machi kufuma koighu mghondinyi,mighondinyi,18,Ini na ambango didambagha mighondinyi.,,,
review,indel,a,6.5,wasai,6,Wasai wofwanana na mae,wasi,39,Wasi ghwapo ghwanikata.,,,
review,indel,k,8.0,aja,40,Neshomea skulu aja____,kaja,5,Kaja manga kunyo machi malazi,,,
review,indel,y,1.8,ndeo,16,Nechi ini ni ndeo?,ndeyo,29,Kuzere ndeyo ukuneke magome kuende skuli.,,,
review,indel,n,2.5,aighu,32,Ikoto aighu yefunga tumu.,naighu,13,Motoka kufuma naighu.,,,
auto,indel,r,10.2,uhuru,4,Muisanga uhuu wadapigania uhuru wa mzedu.,uhuu,41,Uhuu mndu oka na kazi ipoie.,,,
review,indel,',2.5,w'ughanga,32,Naw'enywa w'ughanga,wughanga,13,Lukundo ni wughanga gha ngolo,,,
review,indel,a,1.2,aghadi,20,Kunoneka koko aghadi.,ghadi,25,Eka ghadi na ghadi ya bahari.,,,
auto,indel,j,14.0,aw'o,42,Na aw'o w'inughagha bea ra mumbi ndew'idimagha kumrira Mlungu.,jaw'o,3,W'andu w'engi w'ekiria kutini baada ya ishua jaw'o kuzama.,,,
review,indel,l,8.0,lwape,5,Kila mndu oko na lughano lwape moni loghora.,wape,40,Mkeku wawamnosa mwana wape.,,,
review,substitution,u/o,1.1,w'oruw'o,24,Deisigha iyo nyumba w'oruw'o.,w'oruw'u,21,Wazoghuye nicha w'oruw'u kwa miaka idadu yaida.,,,
review,substitution,e/u,1.8,mbewa,16,Mbewa ikatoa kishoo ndeilekagha.,mbuwa,29,Mbuwa ijilo vindo yadamanyika matasa.,,,
auto,substitution,g/j,14.0,gheka,42,Agha matunda gheka na madini.,jheka,3,Iridia jhapo jheka ivui,,,
auto,substitution,a/u,14.0,aw'o,42,Na aw'o w'inughagha bea ra mumbi ndew'idimagha kumrira Mlungu.,uw'o,3,Leka kubonya uw'o,,,
review,substitution,l/v,6.5,mali,39,Mazirngira ni mali yedu,mavi,6,Njau mbaa idaaghia mavi na mzeri.,,,
auto,substitution,o/i,14.0,choki,42,Choki reka mwadunyi,choko,3,Ihii bahari eka na sangagha ghwa choko.,,,
review,substitution,i/a,6.5,inya,39,Africa yeka na mazanga mrongo isanu na inya,inyi,6,Inyi sirwaa vipini.,,,
review,substitution,i/a,5.4,mboa,38,Kuende mboa mboa,mboi,7,Seji koni mboi riangagha.,,,
review,substitution,a/e,3.5,kumanya,35,Aw'o w'ikosagha w'ichapata kumanya.,kumanye,10,Ukakakongoma kumanye waw'uya mkongo.,,,
review,substitution,a/o,8.0,aja,40,Neshomea skulu aja____,oja,5,Uja mwanawaka oja magome ghapo.,,,
auto,substitution,u/i,14.0,wurimwengu,3,Iri nyonyi radawaenda wurimwengu wose.,wurumwengu,42,Wurumwengu ghodu ghokudikana kutunzwa,,,
review,substitution,p/b,1.1,bagha,24,Ini ne Mkatoliki nawelindiliwa ni bagha ya Kristo.,pagha,21,Mbvua yake yawerucha pagha/ Msanga mbua,,,
review,substitution,j/y,6.5,inja,6,Inja machu ghako.,inya,39,Africa yeka na mazanga mrongo isanu na inya,,,
review,substitution,b/w,5.4,mbari,38,Igho jiko moyo na iyo mbari ya wueli.,mwari,7,Mterengo ghwasighwa ghwari/mwari,,,
review,substitution,a/i,1.4,ichaa,19,njumwa ichaa naw'ew'uya kedu,ichia,26,Mokunda kukaba mori ichia mwawedafuna boboro.,,,
review,substitution,d/m,1.0,mudi,22,Matuku ghose mwadeda ngelo rose kavui ya mudi ughu.,mumi,23,Mumi wake ni kitoi.,,,
review,substitution,w/n,6.5,naghora,6,Naghora ijo mbai sidimagha kudikia.,waghora,39,Mao waghora kuende deka wazughwa.,,,
review,substitution,d/f,5.4,mdu,7,Matuku ghose mdu wadima kuzoya wuwishi.,mfu,38,Sabuni ya mfu yadaelesha.,,,
review,substitution,u/i,5.4,inyo,38,Seremmanyireghe inyo.,unyo,7,Kila munndu unyo chai na iole,,,
auto,substitution,v/k,10.2,makongo,41,Wadihoresha makongo.,mavongo,4,Ichi chia yeko na mavongo mabaa.,,,
review,substitution,e/a,1.4,chadu,26,Chadu nichiwone aha ighuo nicho icho nichikunde,chedu,19,Wusalama ni kipaumbele chedu,,,
auto,substitution,c/j,10.2,ucha,4,Ucha ghudishwa,ujha,41,Ujha ni m'bori,,,
auto,indel,g,10.0,gwape,4,Safu yadima kuduka kilambo kibaa kuchumba muw'I gwape.,wape,40,Mkeku wawamnosa mwana wape.,,,
review,indel,',2.4,naw'ona,31,Naw'ona mundu mlacha sa ndigha,nawona,13,Nawona seji sidimagha kuvika.,,,
review,indel,o,6.3,kunda,6,Kunda jirani wako seji kujikunde,okunda,38,Okunda uredelo maghi gha makalai.,,,
auto,indel,n,13.7,ighuo,41,Mwakichwa odejha kimanga cha makaji ighuo,nighuo,3,Nineke magome nighuo vindo,,,
review,indel,s,1.4,imu,18,Hata saa inonekie ngelo imu yaweghora wuloli.,simu,26,Ini n'moni ndewinikabiagha simu,,,
auto,indel,h,10.0,ghwape,40,Nakotia wupe huwo kwachepata wujumbe ghwape kudumilo ni mundu wako kwa deiliane kwamba ukakuneka ghunivikiyagha kwa wuvui.,gwape,4,Safu yadima kuduka kilambo kibaa kuchumba muw'I gwape.,,,
review,indel,',2.1,w'aw'o,30,W'abaa w'aja w'iandikagha w'andu niw'o w'ifwane kuzighana haja ra w'apakazi w'aw'o.,waw'o,14,Kichuku chose chaendie zighana ndee waw'o aja hospitali ya Voi.,,,
auto,indel,u,13.7,enda,41,Enda idukenyi kuuziro mapemba kilo isanau alafu kushelo mufu.,uenda,3,Mrighiti omdumikia mkongo uenda vika wughangenyi.,,,
review,indel,k,6.3,kokunda,6,Kokunda va duu,okunda,38,Okunda uredelo maghi gha makalai.,,,
review,indel,v,1.9,ingi,29,Ndeekoghe chia ingi zima ela kulala isakenyi.,vingi,15,Bei ra vindo vingi ramerie kujoka.,,,
review,indel,k,1.2,kukunde,24,"Nawekusikira, ghora ichi kukunde.",ukunde,20,Ndekune kilambo chisedimikagha kwa mndu ukunde nandighi.,,,
review,substitution,m/i,6.3,ivi,38,Ivi vindo vasinga.,mvi,6,Mvi ukakakukotia makoto yekundika kutumbulie kwa wumboa.,,,
review,substitution,b/z,1.9,mbenyu,15,kusekelombia mbenyu maw'iw'i,mzenyu,29,Mzenyu ndeiw'enya.,,,
auto,substitution,p/j,10.0,waje,4,Waje wai waichi kuvina,wape,40,Mkeku wawamnosa mwana wape.,,,
review,substitution,p/y,4.5,pedu,8,Sigha nighende pedu niwone mao na wanidu,yedu,36,Wanake ni hazina yedu,,,
review,substitution,s/w,7.8,wasi,39,Wasi ghwapo ghwanikata.,wawi,5,Wandu wawi waguagha na wishorombote.,,,
review,substitution,w/n,2.7,nakesho,32,Kulomba w'utesia nakesho.,wakesho,12,Niko shetani ukamingira Wakesho ukajikumba kwa ndoria.,,,
review,substitution,u/i,6.3,ivi,38,Ivi vindo vasinga.,ivu,6,Dadakaba mswaki na ivu.,,,
review,substitution,o/u,6.3,mboa,38,Kuende mboa mboa,mbua,6,Mbvua yake yawerucha pagha/ Msanga mbua,,,
auto,substitution,o/e,13.7,makonge,3,Makonge nigho ghiboisagha nguw'o revina.,makongo,41,Wadihoresha makongo.,,,
auto,substitution,u/i,13.7,ighuo,41,Mwakichwa odejha kimanga cha makaji ighuo,ughuo,3,Uhu usewadie lufu ndeuze nguwo yake ughuo lufu.,,,
review,substitution,v/k,3.4,kifumbi,34,Kifumbi chake cha nguma.,vifumbi,10,Wabonyikazi wa juakali wadapoisa vifumbi na mawuli.,,,
auto,substitution,s/n,10.0,nidimagha,4,Nashinika ngere nidimagha kuogha vuonyi.,sidimagha,40,Nawona seji sidimagha kuvika.,,,
review,substitution,i/o,6.3,inyi,6,Inyi sirwaa vipini.,inyo,38,Seremmanyireghe inyo.,,,
auto,substitution,i/u,13.7,ijha,3,Dineke ijha mbeu yako,ujha,41,Ujha ni m'bori,,,
auto,indel,o,13.3,kio,40,Kio ichi chose kuendaa hao?,kioo,3,Kioo chabarika.,,,
auto,indel,y,13.3,aja,40,Neshomea skulu aja____,yaja,3,Koshi yaja pwaru wose.,,,
review,indel,f,5.1,wafwa,7,Mae wafwa imbe.,wawa,36,Neenda roghua wawa wapo nikamdwaia mbogha.,,,
review,indel,',2.9,w'aghosi,32,Ndew'ibonye shwashwa kudedanya na w'aghosi w'iichi Kidaw'ida,waghosi,11,Wandu wikundikie wineke waghosi heshima.,,,
review,indel,h,2.6,duhu,12,Iji igare jadatesia wandu duhu.,duu,31,Kokunda va duu,,,
review,indel,m,5.1,boi,36,Oka na boi wa chokwa,mboi,7,Seji koni mboi riangagha.,,,
review,indel,a,9.8,wasi,39,Wasi ghwapo ghwanikata.,wasia,4,Uji wasia kwa samosi,,,
review,indel,e,5.1,mwandu,7,Mwandu wawecha idime.,mwanedu,36,Shashira mwanedu.,,,
review,substitution,i/a,1.4,nagho,18,Ghuja wasi kuko nagho kughorie Mlingu ukutesie,nigho,25,Wukulima nigho iindi ja mghongo ja mazangamenhi Africa,,,
review,substitution,k/j,2.6,ghaja,31,Gheni ghaja magome nerepatagha matini matini ghechaw'uya milioni raenga.,ghaka,12,"Isanga jakaya na malagho, Vilambo vajoka, Vilongozi wawoka malagho matini matini, njala yakaiya na malagho ghaka ghikurie.",,,
review,substitution,h/g,3.8,gali,9,Machi gha mfereji gheka gali.,hali,34,Wandu wamu wadakaiya nyumbenyi rawo eri kuepuka hali rizamie ra hewa,,,
review,substitution,k/s,9.8,maghaluko,4,Ndeiko kilambo chiseko na wusuti andenyi kureda maghaluko.,maghaluso,39,Maghaluso mabaa.,,,
review,substitution,a/i,7.6,ilanga,5,Ilanga jha choka,ilinga,38,Kesho kupatika saa ilinga.,,,
auto,substitution,e/u,13.3,rede,3,Rede nikuwikie,redu,40,Ofwa udikire kaung'a redu.,,,
review,substitution,j/v,2.3,jimu,30,Ituku jimu jiboie dimkase Mlungu.,vimu,13,"Msejhe vindo vose, msighare vimu",,,
review,substitution,y/w,9.8,waghora,39,Mao waghora kuende deka wazughwa.,yaghora,4,Ripoti yape yaghora oka namba ya kana.,,,
review,substitution,m/k,4.4,kukanya,8,Deko tayari kukanya andwamweri.,kumanya,35,Aw'o w'ikosagha w'ichapata kumanya.,,,
review,substitution,s/z,1.7,sighana,16,Ukalegha sighana na omoni,zighana,27,"Zighana kiimbiri, kuseghaluke",,,
review,substitution,k/r,3.8,ghoka,34,Mdi ghoka na malemba malazi.,ghora,9,"Nawekusikira, ghora ichi kukunde.",,,
review,substitution,w/p,9.8,pasi,4,Ishati jakabwa pasi,wasi,39,Wasi ghwapo ghwanikata.,,,
review,substitution,y/g,1.5,nguma,17,Nguma ya Jesu.,nyuma,26,Niko nyuma ya miaka midadu ngajoka.,,,
review,substitution,i/m,5.1,isanu,36,Africa yeka na mazanga mrongo isanu na inya,msanu,7,Isangenyi koka na wandu wikate milioni mrongo msanu.,,,
review,substitution,u/',1.4,m'mbi,18,Vindo vipoie wadawowekesha m'mbi.,mumbi,25,Na aw'o w'inughagha bea ra mumbi ndew'idimagha kumrira Mlungu.,,,
review,substitution,a/u,1.9,w'aya,28,Orekoghe na w'wana ghodeda ghuseko na w'aya.,w'uya,15,W'andu w'eka na w'uya mzima mzima.,,,
review,substitution,j/u,1.4,jeka,25,Iji igare jeka na injini ibaa.,ueka,18,Nadamuobua mlungu ueka.,,,
review,substitution,a/i,5.1,necha,7,Necha icho,nechi,36,Nechi modeghora siwadie awasi.,,,
auto,indel,a,13.0,inya,39,Africa yeka na mazanga mrongo isanu na inya,inyaa,3,"Ndoe yafura, vua inyaa!",,,
review,indel,v,6.0,isanu,36,Africa yeka na mazanga mrongo isanu na inya,visanu,6,Vilambo visanu,,,
review,indel,i,1.1,niki,22,Ighuri jaro niki??,nikii,20,Wele nikii charo kwaabonya,,,
review,indel,v,9.5,ilinga,38,Kesho kupatika saa ilinga.,vilinga,4,W'uja veko visima vilinga aha?,,,
review,indel,y,1.6,ipoie,16,Lukundo ni hisia ipoie,ipoiye,26,Lumalwakenyi ni ngelo ipoiye yehoresha,,,
review,substitution,j/f,1.0,fuma,21,Fuma shighadi kukabo ni mbeo,juma,21,Dakumbie kura juma isirie.,,,
auto,substitution,e/a,13.0,nako,3,Na uko kukaia moyo niko nako mumbinyi.,neko,39,Neko na kutatizika kwa kujifundisha lugha mbishi,,,
review,substitution,j/p,4.2,jedu,34,Wutamaduni ghwa isanga jedu ni wuzuri,pedu,8,Sigha nighende pedu niwone mao na wanidu,,,
review,substitution,a/e,1.2,vako,23,Vindo vako vaka tayari,veko,19,Ivi vindo veko na msingo uboie.,,,
review,substitution,w/y,6.0,wedu,6,Ihii skulu yawatesia wadawana wedu.,yedu,36,Wanake ni hazina yedu,,,
review,substitution,l/k,4.2,haki,8,Wandu wekundikia wiheshimu haki ra nyamandu.,hali,34,Wandu wamu wadakaiya nyumbenyi rawo eri kuepuka hali rizamie ra hewa,,,
review,substitution,e/a,9.5,kufunya,38,Chawuchenyi m'mbose kwa kufunya magome gha skulu,kufunye,4,Suti kufunye wulanga ghose.,,,
review,substitution,i/u,9.5,mbari,38,Igho jiko moyo na iyo mbari ya wueli.,mbaru,4,Idime mbaru ra chukanyika.,,,
review,substitution,k/v,2.0,kedu,28,"Ighesho jezoya skilu ,bishi kijijinyi kedu jedeughwa mkono ni jamii ndazi",vedu,14,Vadu vedu valaghaya.,,,
review,substitution,g/y,9.5,kufunga,4,Waliw'a kufunga mnyango.,kufunya,38,Chawuchenyi m'mbose kwa kufunya magome gha skulu,,,
review,substitution,u/d,9.5,okunda,38,Okunda uredelo maghi gha makalai.,okunua,4,Okunua iridia.,,,
auto,substitution,a/e,13.0,kudeda,39,Wa'mbenyi wadapoilwa ni kudeda.,kudede,3,Na mkekaiya woruwu kupate wulalo kudede na mmamgi wa malagho gha mashomo kwadima kumzere wada?,,,
auto,substitution,k/r,13.0,waghoka,3,Waw'oneka waghoka na nguw'oyape yachopwa ighokie.,waghora,39,Mao waghora kuende deka wazughwa.,,,
review,substitution,j/v,1.1,jadima,22,Iji itunda jadima kujighwa kwa mda ghose.,vadima,20,Vichuku vadima kureda maghaluso ghiboie.,,,
review,indel,w,1.6,mindi,16,Mchezo gwa moira ghwa mindi ghwmanyikie,mwindi,25,Mwindi ghwake ghoko na wasi,,,
auto,indel,o,12.7,kufunya,38,Chawuchenyi m'mbose kwa kufunya magome gha skulu,okufunya,3,Umu wa w'aghenyu w'ape okufunya kumtesia.,,,
auto,indel,d,12.7,dinyo,3,Choo dinyo chofi.,inyo,38,Seremmanyireghe inyo.,,,
auto,indel,r,12.7,inyo,38,Seremmanyireghe inyo.,rinyo,3,Nyamandu ni lazima rinyo machi.,,,
auto,indel,u,12.7,ivi,38,Ivi vindo vasinga.,ivui,3,Iridia jhapo jheka ivui,,,
review,indel,k,1.1,indo,21,Kusedile hata indo jimweri,kindo,20,Sikunde kindo chingi nekunda lukundo.,,,
review,indel,t,1.3,imu,18,Hata saa inonekie ngelo imu yaweghora wuloli.,timu,23,Kazi ya timu yadima kupoa kuchumba.,,,
review,indel,w,7.2,umweri,36,Kughitunza mazingira ni ijukumu ja kila umweri,wumweri,5,Wandu wekundikia kukaa na wumweri.,,,
review,indel,z,1.9,ighana,14,Karne ni miaka ighana jimweri,zighana,27,"Zighana kiimbiri, kuseghaluke",,,
review,substitution,c/j,2.2,kucha,28,Kucha sinda na mwana wapo ituku jichaa nakunda nighende njumonyi.,kujha,13,W'andu w'eleka kujha ivo vindo wei w'iaw'ona ni maendeleo kusunga w'uzungu!,,,
review,substitution,u/i,1.7,simu,26,Ini n'moni ndewinikabiagha simu,sumu,15,Choka reko na sumu,,,
review,substitution,i/a,7.2,wawa,36,Neenda roghua wawa wapo nikamdwaia mbogha.,wawi,5,Wandu wawi waguagha na wishorombote.,,,
review,substitution,i/u,2.2,kedi,13,Wandu wadajikalia weni kedi kukafwa kwada na mali rako,kedu,28,"Ighesho jezoya skilu ,bishi kijijinyi kedu jedeughwa mkono ni jamii ndazi",,,
review,substitution,t/d,1.1,idana,21,Hata idana nko moyo ela sio ini.,itana,20,Iri nguwo ni ra mtindo ghwa itana.,,,
review,substitution,t/d,1.1,idakoni,20,Kichula changia irikonyi idakoni woriwu.,itakoni,21,Vua yawenya shighadi itakoni.,,,
review,substitution,c/g,1.1,chiko,20,Hachi ni msingi ghwa kichuku chiko na afya.,ghiko,21,Na nikekotia kwa makongo agha ghiko sana sana ni makongo ghiao,,,
review,substitution,a/o,1.2,veka,22,Ivi vindo veka na harufu ipoie.,veko,19,Ivi vindo veko na msingo uboie.,,,
review,substitution,b/p,1.3,naboilwa,18,Naboilwa kukaiya na oho aha linu.,napoilwa,23,Napoilwa kukwana naokumoni,,,
review,substitution,s/w,2.7,savi,11,Savi rawedoghoda,wavi,30,Mwana ukakotia wavi wake wamvae waki.,,,
review,substitution,b/w,2.4,bei,29,Iri nguwo reko na bei yandonyi.,wei,12,Waghorie wei i kuchanisigha.,,,
review,substitution,y/m,4.9,maka,34,Nazoe kukora maka,yaka,7,Iihi skulu yaka na mafundisho ghipoie.,,,
auto,substitution,o/u,12.7,kofunya,3,Mahakimu ghavikia andu kofunya w'uamuzi.,kufunya,38,Chawuchenyi m'mbose kwa kufunya magome gha skulu,,,
review,substitution,w/p,4.9,ghwapo,34,Wasi ghwapo ghwanikata.,ghwawo,7,Wanake wefwana kufundishwa tabia ripoiya kowokia mwanake ghwawo,,,
review,substitution,w/n,1.1,nafuma,20,Vua mbaa yeninyea igua nafuma kudiwenyi.,wafuma,21,Wandu wose wafuma,,,
review,substitution,s/b,1.3,mabaa,23,Wukame ghukazidi ghwadareda maafa mabaa kwa wakulima na walisha,masaa,18,Agha masaa gha nadime ni gheoresha.,,,
review,substitution,y/g,5.8,kumanga,6,Kurumaghia kwadareda kumanga na ndighi.,kumanya,35,Aw'o w'ikosagha w'ichapata kumanya.,,,
review,substitution,p/k,1.7,kenyu,26,Vindo va luma lwa kenyu visingagha shuu.,penyu,15,Waghenja mifugho rape machinyi kila luma lwa penyu.,,,
review,substitution,j/n,1.2,jadima,22,Iji itunda jadima kujighwa kwa mda ghose.,nadima,19,Nadima kusikira lwaka lwa ndege,,,
auto,substitution,u/i,12.7,mziri,3,Mziri ghwa shighadi ndeghusowagha chefunga.,mzuri,38,Mzuri usaghulo ni Mlungu.,,,
review,substitution,a/o,7.2,wawa,36,Neenda roghua wawa wapo nikamdwaia mbogha.,wowa,5,Wanikumba wowa,,,
auto,substitution,o/i,12.7,mbia,3,Daweenda kota mbia,mboa,38,Kuende mboa mboa,,,
review,indel,',4.0,w'utesia,32,Kulomba w'utesia nakesho.,wutesia,8,Ndege iro rawetesia wutesia ghwa ncha/loli.,,,
review,indel,v,3.4,iko,31,Chovu mbaa yawesela msidunyi iko na wana wake wadadu,viko,9,Wandu wakundikia vilambo viko navo karibu na eweweni.,,,
auto,indel,m,12.3,mwalimu,37,Ini ni mwalimu wa kij'omba,walimu,3,Ni ncha kuwishukuru walimu kwa kazi iboiye wawebonya,,,
review,indel,m,5.7,aka,6,Aka oko mkongo sana.,maka,34,Nazoe kukora maka,,,
review,indel,',2.3,w'acha,12,W'andu w'acha na iseghe kumtesia mkongo,wacha,28,Wacha kurashua na kukora mudi ughu.,,,
review,indel,m,4.7,kwake,33,Mkelu wadaghamba ngolonyi kwake.,mkwake,7,Kokala korekoghe na mndumu na mkwake nao wedevamilwa ni vitoi.,,,
review,substitution,k/l,1.7,jeka,25,Iji igare jeka na injini ibaa.,jela,15,Seji iw'onekagha iji ikosa ubonyere wadima kufungwa jela miaka misanu.,,,
review,substitution,j/w,5.7,jedu,34,Wutamaduni ghwa isanga jedu ni wuzuri,wedu,6,Ihii skulu yawatesia wadawana wedu.,,,
review,substitution,y/w,9.0,wawa,36,Neenda roghua wawa wapo nikamdwaia mbogha.,waya,4,Mwaawu waweenda waya mbogha,,,
review,substitution,a/e,2.6,waka,29,Washomi waka wengi wa mashomo tofauti,weka,11,Wandu weka na kiwiwi na isi.,,,
review,substitution,v/u,1.2,ueka,18,Nadamuobua mlungu ueka.,veka,22,Ivi vindo veka na harufu ipoie.,,,
review,substitution,k/m,7.0,kwaw'ona,35,Kwaw'ona nyamndu ki?,mwaw'ona,5,Mwaw'ona seji ninekelo ghuja mvono ghwa Kristo.,,,
review,substitution,n/d,5.7,dilo,34,Nasowie dilo kufuma icho.,nilo,6,Lukundo nilo lupoie,,,
review,substitution,p/m,5.7,maka,34,Nazoe kukora maka,paka,6,Okabwa paka ovimba w'ushu,,,
review,substitution,v/m,5.7,maka,34,Nazoe kukora maka,vaka,6,Vindo vako vaka tayari,,,
review,substitution,s/w,9.0,isanu,36,Africa yeka na mazanga mrongo isanu na inya,iwanu,4,Iwanu japo jeni najikumba jikalasa ngukunya wandu,,,
review,indel,',1.2,naw'eenda,21,Naw'eenda cha shighadi kulola chaghu.,naweenda,18,Naweenda chaghunyi didedanye lumalwakenyi.,,,
auto,indel,m,12.0,mwanedu,36,Shashira mwanedu.,wanedu,3,Wanedu waboilwa ni sarigho.,,,
auto,indel,m,12.0,isanu,36,Africa yeka na mazanga mrongo isanu na inya,misanu,3,Seji iw'onekagha iji ikosa ubonyere wadima kufungwa jela miaka misanu.,,,
auto,indel,n,12.0,boi,36,Oka na boi wa chokwa,boni,3,Na sehemu rimu ra Msidu ghwa Boni.,,,
review,indel,k,1.1,kuende,19,Mao waghora kuende deka wazughwa.,uende,20,Jeko ilaghoki mundu kufuma mzawo na uende uwike maranu ghake,,,
auto,indel,e,12.0,ungi,36,Vilongozi wefwana kuhudumia wananchi bila kubagua ungi,ungie,3,Okunda ungie kazi eandika habari.,,,
review,indel,i,5.5,mfugho,6,Mfugho,mifugho,33,Funya mifugho w'azenyi.,,,
review,substitution,r/p,6.8,ghwapo,34,Wasi ghwapo ghwanikata.,ghwaro,5,W'ulalo ghwaro.,,,
review,substitution,i/u,1.2,ghiko,21,Na nikekotia kwa makongo agha ghiko sana sana ni makongo ghiao,ghuko,18,Mufu na mnavu ndo ghuko hata machi nighelola mwanedu.,,,
review,substitution,m/i,3.3,ilacha,9,Oka na iridia ilacha,mlacha,30,Iri nyonyi raweenda mda mlacha.,,,
review,substitution,o/a,2.9,waka,29,Washomi waka wengi wa mashomo tofauti,woka,10,Mwai uhu woka na kifu/mzigo,,,
review,substitution,i/u,2.0,kenyi,13,Nichagha luma lwa kenyi,kenyu,26,Vindo va luma lwa kenyu visingagha shuu.,,,
review,substitution,k/v,2.9,kidasi,29,Kidasi cha mawora ndechitanya na izi.,vidasi,10,Kukaluka vidasi na kuviuze kudapata magome.,,,
review,substitution,j/k,2.9,waja,10,Awa wabonya nicha ela waja wabonya nicha na ndighi.,waka,29,Washomi waka wengi wa mashomo tofauti,,,
review,substitution,t/m,1.4,mindi,16,Mchezo gwa moira ghwa mindi ghwmanyikie,tindi,23,Nikawaya tindi rako ni laghelaghe mao.,,,
auto,substitution,l/w,12.0,wala,3,Nausikira wala neusikira.,wawa,36,Neenda roghua wawa wapo nikamdwaia mbogha.,,,
auto,substitution,n/u,12.0,nwao,36,Osirishwa ndighi ni w'abonyi biashara wimnekagha magome nwao nyuma yaro w'ekunda w'ibonyero ichi na chija.,uwao,3,Kwaichi kilongozi uwao Daw'ida?,,,
review,substitution,v/n,1.1,nadima,19,Nadima kusikira lwaka lwa ndege,vadima,20,Vichuku vadima kureda maghaluso ghiboie.,,,
review,substitution,v/s,2.0,simu,26,Ini n'moni ndewinikabiagha simu,vimu,13,"Msejhe vindo vose, msighare vimu",,,
auto,substitution,b/k,12.0,bwana,36,Kukaia na irumirio na Bwana.,kwana,3,Dedeka dikwane lakini ndediche kwana,,,
review,substitution,m/t,8.8,kumanya,35,Aw'o w'ikosagha w'ichapata kumanya.,kutanya,4,Kwa chia ya kutanya kwako.,,,
review,indel,i,3.8,milacha,8,Shimba reka na mikomba milacha.,mlacha,30,Iri nyonyi raweenda mda mlacha.,,,
review,indel,i,1.1,kuvika,18,Nawona seji sidimagha kuvika.,kuvikia,20,Kila mndu wadima kuvikia ndodo rake.,,,
review,indel,r,3.2,ingi,29,Ndeekoghe chia ingi zima ela kulala isakenyi.,ringi,9,Kubulana ndekuw'etesia ringi,,,
review,indel,h,8.5,jedu,34,Wutamaduni ghwa isanga jedu ni wuzuri,jhedu,4,Isanga jhedu jeko na sere,,,
review,indel,e,6.6,wele,33,Wele nani orelodieghe maza iro?,welee,5,"Welee, wandu wawi",,,
auto,indel,k,11.7,kwaw'ona,35,Kwaw'ona nyamndu ki?,waw'ona,3,Ini simkotiagha kama waw'ona unyame ata ini nanyama,,,
review,indel,k,2.2,korekoghe,12,Kokala korekoghe na mndumu na mkwake nao wedevamilwa ni vitoi.,orekoghe,26,Orekoghe na w'wana ghodeda ghuseko na w'aya.,,,
review,indel,r,2.2,ipoiye,26,Lumalwakenyi ni ngelo ipoiye yehoresha,ripoiye,12,Napoilwa kusikira habari ripoiye,,,
review,indel,k,2.8,kwacha,10,Kwaki kwacha nakio,wacha,28,Wacha kurashua na kukora mudi ughu.,,,
review,indel,g,4.4,ghaja,31,Gheni ghaja magome nerepatagha matini matini ghechaw'uya milioni raenga.,haja,7,Sine haja na njau.,,,
review,indel,',1.0,diw'ose,19,W'esera diende diw'ose,diwose,19,Diwose diwuya andonyi terinyi.,,,
review,indel,i,8.5,ilengo,34,Ilengo ja maisha ni ja mndu moni.,lengo,4,Aw'o w'akulima w'eka na lengo euza kahawa iekeri.,,,
review,indel,m,1.1,kaba,20,Diende kaba mpira,kamba,18,Kwahuwo kwawona kwa ihi ngelo ya miaka inya wakundikie wirude kamba zaidi,,,
review,substitution,w/j,3.2,jeko,29,Izangajedu jeko na andu kupoiye kwa wutalii,weko,9,Weko Wadawida walazi wiko shighadi ya Dawida,,,
review,substitution,i/e,1.1,cheko,18,Charo chipoiye cheko na malipo ghipoiye,chiko,20,Hachi ni msingi ghwa kichuku chiko na afya.,,,
review,substitution,a/u,8.5,maka,34,Nazoe kukora maka,muka,4,Saa muka uko na kifu.,,,
review,substitution,i/u,6.6,kilole,33,Kilole cha mtorori.,kulole,5,Kulole Njogholo,,,
review,substitution,z/d,2.5,w'adima,11,W'ashomi na w'alimu w'adima kubonya ichi kibarua,w'azima,27,Kuw'itanya w'azima.,,,
review,substitution,k/m,8.5,kaka,4,Nyumba ya kaka erew'ada modo.,maka,34,Nazoe kukora maka,,,
review,substitution,e/u,6.6,w'eja,5,W'eja njama ya agho malagho.,w'uja,33,W'uja Mbaa wa isanga oko na wuhuru ghotumia mali ra isanga seji ni rape?,,,
review,substitution,i/m,6.6,ighosi,5,Olow'olwa ni ighosi jikatane na ndee,mghosi,33,Uja mghosi ukakuduka loliloli.,,,
review,substitution,j/n,8.5,irija,4,"Dikengia kwa malagho gha mashomo, wana wabonyere mtihani ghwa klasi cha wunyanya kwawona agha majibu ghifumie gha mwaka ghusirie na irija miaka ra nanyuma",irina,34,Irina Japo ni Mwamburi,,,
review,substitution,d/y,1.5,w'uda,23,W'andu w'elwa w'atesiagha nandighi ngelo ra w'uda.,w'uya,15,W'andu w'eka na w'uya mzima mzima.,,,
review,substitution,s/m,1.1,imu,18,Hata saa inonekie ngelo imu yaweghora wuloli.,isu,20,Ukajikoja isu jake.,,,
review,substitution,u/i,5.3,ighi,6,Nawalindia ighi mapemba ghisejigho ni fuwe.,ighu,32,Nyonyi ridima kurama ighu,,,
review,substitution,k/w,6.6,chako,33,Kuseliwe kuduka kiisanduku chako cha vindo va nadime,chawo,5,Choro chawo chiaghwagha kafwani.,,,
review,indel,n,5.2,duu,31,Kokunda va duu,nduu,6,Ndee walalia ndoe nduu.,,,
review,indel,m,4.3,nimneke,7,Chonyi nimneke habari ya mzinyi.,nineke,30,Nineke nyondo,,,
review,indel,i,4.3,mwandu,7,Mwandu wawecha idime.,mwanidu,30,Mwanidu wa womi wachee,,,
auto,indel,v,11.3,irandadu,34,Biblia eka na vuo mirongo irandadu na irandadu.,virandadu,3,Naghua vuo virandadu na kalamu iw'i,,,
review,indel,i,1.2,mipango,17,Ibonyeka karakara na mipango.,mpango,20,W'ebonya mpango ghotesia mruna.,,,
review,indel,j,5.2,iko,31,Chovu mbaa yawesela msidunyi iko na wana wake wadadu,jiko,6,Igho jiko moyo na iyo mbari ya wueli.,,,
review,indel,n,6.4,dazi,5,W'adaw'ana na w'ai w'apoilwagha kuvina dazi,ndazi,32,Deko na nafsi ndazi rejifundisha,,,
review,indel,k,1.3,kwabonya,21,Ni oho kwabonya uwu angu ni mndu mzima?,wabonya,16,Mzuri uhuu wabonya malagho ghake kwa chia ipoie.,,,
review,indel,k,8.2,chako,33,Kuseliwe kuduka kiisanduku chako cha vindo va nadime,chao,4,Chao ichi cheko na malagho ghipoie.,,,
review,substitution,a/e,1.6,kulala,23,Ndeekoghe chia ingi zima ela kulala isakenyi.,kulale,14,Kulale mana abo,,,
auto,substitution,c/g,11.3,choko,3,Ihii bahari eka na sangagha ghwa choko.,ghoko,34,Mzi ughu ghoko na skulu nyinyi,,,
auto,substitution,r/k,11.3,maka,34,Nazoe kukora maka,mara,3,W'andu w'anekwa kumara-mara ichia na ichia.,,,
review,substitution,l/k,8.2,kwake,33,Mkelu wadaghamba ngolonyi kwake.,kwale,4,Ifungulwagha andu kumweri na kaunti ra Kwale na Makueni.,,,
review,substitution,k/j,6.4,odeja,5,Wakesho odeja marughu ikumi na awi.,odeka,32,Odeka na w'aruna w'a tee.,,,
auto,substitution,r/m,11.3,maka,34,Nazoe kukora maka,raka,3,Mabemba reocha raka tayari.,,,
review,substitution,a/e,2.1,w'aenda,25,W'andu mzinyi w'aenda varo vilacha kudaya machi.,w'eenda,12,W'ana w'eenda nyumbenyi kwa uo mndu nao w'ikanekwa magome.,,,
review,substitution,d/k,1.6,w'uda,23,W'andu w'elwa w'atesiagha nandighi ngelo ra w'uda.,w'uka,14,W'uka shalu shalu,,,
review,substitution,a/e,8.2,kwaka,4,Kwaki kwaka na machu,kwake,33,Mkelu wadaghamba ngolonyi kwake.,,,
review,substitution,n/w,3.1,nacha,9,Nacha nyumbenyi,wacha,28,Wacha kurashua na kukora mudi ughu.,,,
auto,substitution,o/a,11.3,maka,34,Nazoe kukora maka,moka,3,Nambe moka w'akelu huw'u!,,,
review,substitution,f/l,8.2,mafungu,33,Koko na mafungu?,malungu,4,Zighe wanona malungu ghose.,,,
review,substitution,o/a,6.4,kuagha,32,Ijo Itunda jatesia kuagha m'mbi.,kuogha,5,Nashinika ngere nidimagha kuogha vuonyi.,,,
review,indel,o,4.1,osigha,7,Osigha iyo kazi angu mando mengi ndew'inekwagha mafungu.,sigha,29,Sigha nimroghue mundu wapo wa ndighi.,,,
review,indel,k,2.6,kwarwa,10,Kwarwa nguwo kifirika,warwa,26,Warwa kofe,,,
review,indel,',2.6,w'unyanya,26,Mrongo iw'i na w'unyanya,wunyanya,10,Mfu idukenyi ni magome mrongo iwi na wunyanya,,,
review,indel,k,1.4,kwafuma,15,Kwafuma kwa weni ani aho cha Rong'e,wafuma,21,Wandu wose wafuma,,,
review,indel,e,1.4,naw'eenda,21,Naw'eenda cha shighadi kulola chaghu.,naw'enda,15,naw'enda misarigho ya skuli,,,
review,indel,r,4.1,mboi,7,Seji koni mboi riangagha.,mbori,29,Mbori raaw'uya vindo vapo.,,,
auto,indel,',11.0,w'uja,33,W'uja Mbaa wa isanga oko na wuhuru ghotumia mali ra isanga seji ni rape?,wuja,3,Ruwukenyi wuja mpande.,,,
review,indel,k,6.2,kumu,5,Nkila gonda ni irina ja andu kumu Ethiopia.,umu,31,"Kuagha sere ni ijukumu ja kila umu ,mbaa na hata mtini.",,,
review,indel,k,1.6,kukaie,22,Kwafane kukaie na mtorori.,ukaie,14,Ghenda Mlungu ukaie chia imweri na oho,,,
review,indel,a,3.0,aw'ai,9,Neka njala aw'ai.,aw'i,27,Charo cheghenda Amerika ni matuku aw'i,,,
auto,indel,a,11.0,maghosi,3,Maghosi ghose ghaw'ikwa andu kumweri.,mghosi,33,Uja mghosi ukakuduka loliloli.,,,
review,indel,',6.2,ng'ondi,31,Ini ndumiki wako nadalindia ng'ondi ra aba.,ngondi,5,Ini mdumiki wako nadalindia ngondi ra aba,,,
review,substitution,d/t,6.2,duu,31,Kokunda va duu,tuu,5,Kazi wawebonya shida tuu ni agho mawughanga ghisewepatikana,,,
review,substitution,w/m,6.2,umu,31,"Kuagha sere ni ijukumu ja kila umu ,mbaa na hata mtini.",uwu,5,Nawaenja mwana skuli ngelo ra saa ikenda uwu.,,,
review,substitution,v/k,2.6,kiteto,26,W'idedagha kiteto chisetambukagha.,viteto,10,Lukundo ni kiteto chiramagha mwano gha viteto.,,,
review,substitution,k/d,6.2,daw'ona,5,Ikaiya malagho mengi seji itana daw'ona wandu wikikabana isanga jabadilika,kaw'ona,31,"Kedi w'ei kaw'ona wikunde w'iide mitihani, ni suti w'imanye ivo viteto",,,
review,substitution,j/w,2.3,jeka,25,Iji igare jeka na injini ibaa.,weka,11,Wandu weka na kiwiwi na isi.,,,
review,substitution,n/d,5.0,dineke,6,Dineke agha,nineke,30,Nineke nyondo,,,
review,substitution,t/w,5.0,tiki,30,N'loli tiki nikasowa chai chongo chadanija.,wiki,6,Weke mao wadakaia na vama vawo va kila wiki,,,
review,substitution,e/a,2.0,kukunda,12,Kukunda kumoni yadaboia ela kulwana kila ituku.,kukunde,24,"Nawekusikira, ghora ichi kukunde.",,,
review,substitution,t/d,3.0,kidoi,9,Jingi siwonie kidoi ukabwagha.,kitoi,27,Mumi wake ni kitoi.,,,
review,substitution,a/u,8.0,w'atesia,4,W'atesia w'a ikanisenyi.,w'utesia,32,Kulomba w'utesia nakesho.,,,
review,substitution,y/k,2.6,moko,10,W'omi moko na ndighi.,moyo,26,Igho jiko moyo na iyo mbari ya wueli.,,,
review,substitution,k/p,2.6,vake,26,Vuo vake verashuka,vape,10,Oreandika vichuku vape kwa mpande ghwa w'ulindiri.,,,
review,substitution,e/a,4.1,naw'akunda,7,Naw'akunda kulow'ua mwai wa Mwazemba.,naw'ekunda,29,Naw'ekunda kughua icho chuo,,,
auto,substitution,a/o,11.0,chako,33,Kuseliwe kuduka kiisanduku chako cha vindo va nadime,choko,3,Ihii bahari eka na sangagha ghwa choko.,,,
review,substitution,g/c,2.3,nicho,11,Icho nicho chichanitesia kufuma aha.,nigho,25,Wukulima nigho iindi ja mghongo ja mazangamenhi Africa,,,
review,substitution,n/d,6.2,daw'ona,5,Ikaiya malagho mengi seji itana daw'ona wandu wikikabana isanga jabadilika,naw'ona,31,Naw'ona mundu mlacha sa ndigha,,,
review,substitution,y/w,4.1,waka,29,Washomi waka wengi wa mashomo tofauti,yaka,7,Iihi skulu yaka na mafundisho ghipoie.,,,
review,substitution,s/l,4.1,kidali,7,W'eremtimieghe kidali.,kidasi,29,Kidasi cha mawora ndechitanya na izi.,,,
review,substitution,v/t,1.8,timu,23,Kazi ya timu yadima kupoa kuchumba.,vimu,13,"Msejhe vindo vose, msighare vimu",,,
review,substitution,k/f,1.8,funya,23,Funya mifugho w'azenyi.,kunya,13,Vua yeendelia kunya.,,,
review,substitution,o/a,1.2,awa,20,Awa wiwae widima kupata.,awo,16,Awo wose ni wawiwi.,,,
auto,substitution,t/w,11.0,tele,3,Elimu yadima kufungua minyango ya wulalo tele.,wele,33,Wele nani orelodieghe maza iro?,,,
review,substitution,w/m,5.0,mavi,6,Njau mbaa idaaghia mavi na mzeri.,wavi,30,Mwana ukakotia wavi wake wamvae waki.,,,
review,substitution,k/p,3.5,kedu,28,"Ighesho jezoya skilu ,bishi kijijinyi kedu jedeughwa mkono ni jamii ndazi",pedu,8,Sigha nighende pedu niwone mao na wanidu,,,
auto,substitution,c/j,11.0,chako,33,Kuseliwe kuduka kiisanduku chako cha vindo va nadime,jhako,3,Irina jhako jiele,,,
review,indel,d,4.0,mando,28,Mando ghamu ni ncha kubonya mazoezi,mano,7,Wona ghimbe ikineng'ena kusewone mano ghikitifuka.,,,
review,indel,s,7.8,iko,31,Chovu mbaa yawesela msidunyi iko na wana wake wadadu,siko,4,Siko tayari nikulaghashe angu konikata.,,,
auto,indel,a,10.7,w'aghosi,32,Ndew'ibonye shwashwa kudedanya na w'aghosi w'iichi Kidaw'ida,w'aghosia,3,Uja mundwaw'omi ujha w'aghosia putu,,,
auto,indel,w,10.7,kuagha,32,Ijo Itunda jatesia kuagha m'mbi.,kuaghwa,3,Vilasi vimu vachurikie kuaghwa skulu mzedu.,,,
review,indel,k,1.1,kueka,17,Kumanye nekulisa oho kueka.,ueka,18,Nadamuobua mlungu ueka.,,,
review,indel,',2.5,kaw'i,25,Inimoni ni mwana wa kaw'i,kawi,10,Linu ni kiramka kawi,,,
review,indel,k,1.5,ibaa,14,Iji igare jeka na injini ibaa.,kibaa,21,Chuo kibaa ni andu kupoiye kushoma,,,
review,indel,w,4.8,aka,6,Aka oko mkongo sana.,waka,29,Washomi waka wengi wa mashomo tofauti,,,
review,indel,j,2.9,ichia,26,Mokunda kukaba mori ichia mwawedafuna boboro.,ichija,9,Kirerende ichija chapoie.,,,
review,indel,',2.2,shwaw'ori,24,Oenda shwaw'ori mpande ghwa nguro ya goli.,shwawori,11,Mwadime wadadwala ni dilo shwawori,,,
review,indel,w,4.8,mbua,6,Mbvua yake yawerucha pagha/ Msanga mbua,mbuwa,29,Mbuwa ijilo vindo yadamanyika matasa.,,,
review,substitution,g/y,4.8,ingi,29,Ndeekoghe chia ingi zima ela kulala isakenyi.,inyi,6,Inyi sirwaa vipini.,,,
review,substitution,p/w,4.8,paka,6,Okabwa paka ovimba w'ushu,waka,29,Washomi waka wengi wa mashomo tofauti,,,
review,substitution,e/o,4.0,kedu,28,"Ighesho jezoya skilu ,bishi kijijinyi kedu jedeughwa mkono ni jamii ndazi",kodu,7,Elimu ni chia yekuchuria kughesha kodu.,,,
review,substitution,v/w,4.8,vaka,6,Vindo vako vaka tayari,waka,29,Washomi waka wengi wa mashomo tofauti,,,
review,substitution,u/a,1.1,ima,17,Ima dipate mawughanga aha mzedu,imu,18,Hata saa inonekie ngelo imu yaweghora wuloli.,,,
review,substitution,d/t,3.4,madini,8,Madini nmi raslimari rawepaswa kutumilwa nicha,matini,27,"Isanga jakaya na malagho, Vilambo vajoka, Vilongozi wawoka malagho matini matini, njala yakaiya na malagho ghaka ghikurie.",,,
review,substitution,k/w,4.0,kacha,7,Kacha nadime kumwona,wacha,28,Wacha kurashua na kukora mudi ughu.,,,
review,substitution,i/a,1.5,w'uka,14,W'uka shalu shalu,w'uki,21,Datumia w'uki vindonyi na kwa maghanga.,,,
review,substitution,a/i,2.2,w'abonya,11,W'abonya nicha kwa mashomo ghake,w'abonyi,24,Osindapwana na w'abonyi kazi luma lwa kesho.,,,
review,substitution,u/a,4.0,wacha,28,Wacha kurashua na kukora mudi ughu.,wucha,7,Mlungu wadneka wucha na wubanana.,,,
review,substitution,i/e,4.8,jeko,29,Izangajedu jeko na andu kupoiye kwa wutalii,jiko,6,Igho jiko moyo na iyo mbari ya wueli.,,,
review,substitution,o/i,1.9,msingi,23,Matuku ghose bidii ni msingi ghwa maendeleo,msingo,12,Ivo vindo vaka na msingo ghupoie.,,,
review,substitution,v/k,1.5,kichula,21,Kichula changia irikonyi idakoni woriwu.,vichula,14,Vichula vakaiyagha machinyi,,,
review,substitution,p/b,2.9,iboiye,9,Ni ncha kuwishukuru walimu kwa kazi iboiye wawebonya,ipoiye,26,Lumalwakenyi ni ngelo ipoiye yehoresha,,,
review,substitution,j/d,1.7,dadima,13,Dadima ngera dizere hali ya agho makongo yakundikie wandu wibonye wada?,jadima,22,Iji itunda jadima kujighwa kwa mda ghose.,,,
review,substitution,k/w,4.0,kucha,28,Kucha sinda na mwana wapo ituku jichaa nakunda nighende njumonyi.,wucha,7,Mlungu wadneka wucha na wubanana.,,,
review,substitution,v/w,6.0,wavi,30,Mwana ukakotia wavi wake wamvae waki.,wawi,5,Wandu wawi waguagha na wishorombote.,,,
review,substitution,u/a,4.0,kacha,7,Kacha nadime kumwona,kucha,28,Kucha sinda na mwana wapo ituku jichaa nakunda nighende njumonyi.,,,
review,substitution,g/j,6.0,ngama,5,W'eenda skulu luma lwa kesho na ngama.,njama,30,Njama iboie idareda marasimio.,,,
review,substitution,v/j,2.5,jape,25,ishati jape jeka ja mkundu,vape,10,Oreandika vichuku vape kwa mpande ghwa w'ulindiri.,,,
review,substitution,w/k,2.2,kwako,24,Nido kwako.,kwawo,11,Mwai wapo waghalie kwawo.,,,
review,substitution,k/m,4.0,kuche,28,Enda kughue vadu ivi vighokie kuche navo,muche,7,Niko naghamba muche na mayo na ndeo di dede kesi,,,
auto,substitution,z/j,10.7,miji,3,Ndekune miji iboie skulu ra cha mzinyi.,mizi,32,W'andu w'engi idakoni w'angirilo modo kwa mizi raw'o.,,,
review,substitution,n/w,4.8,naw'ekunda,29,Naw'ekunda kughua icho chuo,waw'ekunda,6,Wanizera waw'ekunda kulala.,,,
review,indel,',5.8,naw'ekunda,29,Naw'ekunda kughua icho chuo,nawekunda,5,Nawekunda kuja mapemba mawishi,,,
review,indel,k,2.4,ndekuna,24,Ndekuna anduangi kupoiye sa mzinyi,ndeuna,10,Ndeuna bahati,,,
review,indel,',3.9,ghwaw'o,27,W'uw'iw'i ghwaw'o ghose.,ghwawo,7,Wanake wefwana kufundishwa tabia ripoiya kowokia mwanake ghwawo,,,
review,indel,r,1.6,ikurie,13,Nachoka baada ya kazi ikurie,rikurie,21,Ngelo rikurie radafudisha malazi.,,,
review,indel,',3.2,w'arwa,8,W'arwa vadu vibaa,warwa,26,Warwa kofe,,,
review,indel,k,3.9,kodu,7,Elimu ni chia yekuchuria kughesha kodu.,odu,27,Dua moyo oho mzuri odu.,,,
review,indel,d,5.8,kiasi,5,Ela sena yaditesia kukaia na kiasi chimu cha kuhoresha w'ongo,kidasi,29,Kidasi cha mawora ndechitanya na izi.,,,
review,indel,a,7.5,malacha,4,Ughu muzi ghoko na maaghi malacha.,mlacha,30,Iri nyonyi raweenda mda mlacha.,,,
review,indel,o,1.3,ndenyi,15,Ghwaighu ghudadukwa ni ghwa ndenyi.,ndoenyi,19,Mlungu uchakaba ndoenyi.,,,
review,indel,',3.9,aw'i,27,Charo cheghenda Amerika ni matuku aw'i,awi,7,Midi maghana awi ghademwa ni waisanga kutesea iaghi ja skulu,,,
review,indel,h,2.1,mabaa,23,Wukame ghukazidi ghwadareda maafa mabaa kwa wakulima na walisha,mabaha,11,Shimba radima kukaia na meso mabaha.,,,
auto,indel,d,10.3,marina,31,Lolia m'mbenyu marina gha choka dighimanye.,marinda,3,Wada marisha marinda,,,
review,indel,',5.8,m'ariwa,5,M'ariwa ghasinga shuu.,mariwa,29,Nadeka mswara nighuje na mariwa ghivimbie idime.,,,
review,substitution,e/o,1.6,kedi,13,Wandu wadajikalia weni kedi kukafwa kwada na mali rako,kodi,21,Kodi ra ighu rashekeria w'andu w'a cheshighadi na andenyi w'ori w'isekekumba mafungu ghaw'o kwa zoghori.,,,
review,substitution,u/d,1.4,dende,14,Dende mbuw'enyi.,uende,20,Jeko ilaghoki mundu kufuma mzawo na uende uwike maranu ghake,,,
review,substitution,k/w,4.7,kedu,28,"Ighesho jezoya skilu ,bishi kijijinyi kedu jedeughwa mkono ni jamii ndazi",wedu,6,Ihii skulu yawatesia wadawana wedu.,,,
review,substitution,z/w,1.4,iwi,20,Nichamshana mao shilingi mirongo iwi.,izi,14,Kidasi cha mawora ndechitanya na izi.,,,
review,substitution,d/l,3.2,mdamu,26,W'uw'iw'i ghwa mdamu.,mlamu,8,Mlamu wocha nakio,,,
auto,substitution,w/n,10.3,naw'ona,31,Naw'ona mundu mlacha sa ndigha,waw'ona,3,Ini simkotiagha kama waw'ona unyame ata ini nanyama,,,
auto,substitution,d/k,10.3,duu,31,Kokunda va duu,kuu,3,Kishere cheoma kuu.,,,
review,substitution,c/j,4.7,wacha,28,Wacha kurashua na kukora mudi ughu.,wajha,6,Wajha Hotelinyi,,,
review,substitution,d/t,1.4,danu,20,Neka na dilo danu nawedungumia,tanu,14,Ela tanu kwameria kuchelwa ni malagho.,,,
auto,substitution,w/k,10.3,kaw'ona,31,"Kedi w'ei kaw'ona wikunde w'iide mitihani, ni suti w'imanye ivo viteto",waw'ona,3,Ini simkotiagha kama waw'ona unyame ata ini nanyama,,,
review,substitution,b/s,1.3,bea,19,Na aw'o w'inughagha bea ra mumbi ndew'idimagha kumrira Mlungu.,sea,15,Sea kidombo aha,,,
review,substitution,h/a,5.8,jaa,5,Jaa mboa mboa,jha,29,Ishati jhake ni jha misharia,,,
review,substitution,d/n,5.8,daw'ekunda,5,Daw'ekunda kuw'aya matunda,naw'ekunda,29,Naw'ekunda kughua icho chuo,,,
review,substitution,i/o,1.4,mbai,20,Agha ni matuku gha kutua mbai.,mbao,14,Kuseide mbao kima,,,
review,substitution,s/k,1.4,akili,20,Nguvu ya akili ni muhoimu,asili,14,Nawepoilwa ni asili ya mazingira,,,
review,substitution,e/o,1.1,ndeo,16,Nechi ini ni ndeo?,ndoo,18,Idime ni ituku jipoiye ja iruwa na ndoo kuela kabisa,,,
review,substitution,m/o,3.9,mdu,7,Matuku ghose mdu wadima kuzoya wuwishi.,odu,27,Dua moyo oho mzuri odu.,,,
review,substitution,e/a,1.1,kuzighana,18,Chungua kwa kuzighana.,kuzighane,16,Imbiri kuseruwukie mtandara kuzighane mtorori,,,
review,substitution,e/o,2.8,jeka,25,Iji igare jeka na injini ibaa.,joka,9,Joka lughongonyi,,,
auto,substitution,l/m,10.3,ulu,3,Sigheshaa nipataa magome ghangi ulu luma lwa penyu.,umu,31,"Kuagha sere ni ijukumu ja kila umu ,mbaa na hata mtini.",,,
review,substitution,d/l,1.3,kudima,19,Nyonyi ridima kudima nicha,kulima,15,Kwaweenda mbuwenyi kulima na kuwaa mapemba .,,,
review,substitution,a/k,1.6,ghiao,13,Magome ghiao.,ghiko,21,Na nikekotia kwa makongo agha ghiko sana sana ni makongo ghiao,,,
auto,indel,d,10.0,diguo,3,Walimu widedizera diguo vuo vina vina.,iguo,30,Nefuma aho iguo,,,
review,indel,i,4.5,gho,6,Ihii nyumba eko na wulalo gho horesha.,igho,27,Igho jiko moyo na iyo mbari ya wueli.,,,
review,indel,',3.1,w'ori,25,Na vuo vefundisha w'ori viandiko,wori,8,Shimba idima kulasa iseghe shwa wori.,,,
review,indel,i,1.2,mghondi,15,Ela nakio orekoghe ukifuma kwendalala aighu ya mghondi,mighondi,18,Iji isanga jeko na mighondi mibaa.,,,
auto,indel,m,10.0,mwanidu,30,Mwanidu wa womi wachee,wanidu,3,Sharon wabonyere wanidu winileghe putu.,,,
review,indel,',2.0,kuseliw'e,11,Kuseliw'e kujiandikishira kukaba kura,kuseliwe,22,Kuseliwe kuduka kiisanduku chako cha vindo va nadime,,,
review,indel,e,4.5,bonya,27,Bonya ilombi jekulindia na iriso.,ebonya,6,Ndedinekelo rusa ebonya kazi nakio.,,,
review,indel,',1.1,mbew'a,17,Mbew'a yaw'adwa ni mdegho,mbewa,16,Mbewa ikatoa kishoo ndeilekagha.,,,
review,indel,',1.8,w'uki,21,Datumia w'uki vindonyi na kwa maghanga.,wuki,12,Nakundaa wuki.,,,
review,indel,o,4.5,bonya,27,Bonya ilombi jekulindia na iriso.,obonya,6,Obonya mwano.,,,
review,indel,m,5.6,ando,5,Skulu mbaa ni ando kupoie koshomia.,mando,28,Mando ghamu ni ncha kubonya mazoezi,,,
review,indel,m,2.7,kwako,24,Nido kwako.,mkwako,9,Iji nivikagha mzinyi nimzera mkwako kwawuia shelemba,,,
review,indel,k,7.2,kwaka,4,Kwaki kwaka na machu,waka,29,Washomi waka wengi wa mashomo tofauti,,,
review,indel,w,1.5,kunya,13,Vua yeendelia kunya.,kunywa,20,Kuseliwe kunywa machi gha kutosha,,,
review,indel,u,2.0,bara,11,Naenda bara magho,barua,22,Barua pepe ni chia ya mawasiliano,,,
review,indel,m,7.2,ingi,29,Ndeekoghe chia ingi zima ela kulala isakenyi.,mingi,4,W'ana ndew'ikaiaa miaka mingi skulu.,,,
review,substitution,i/o,4.5,ighi,6,Nawalindia ighi mapemba ghisejigho ni fuwe.,igho,27,Igho jiko moyo na iyo mbari ya wueli.,,,
review,substitution,y/k,7.2,waka,29,Washomi waka wengi wa mashomo tofauti,waya,4,Mwaawu waweenda waya mbogha,,,
review,substitution,u/o,5.6,mando,28,Mando ghamu ni ncha kubonya mazoezi,mandu,5,"Wachaghirie mandu adadu kwa w'omi w'azima, uko si kushughunuka?",,,
review,substitution,v/k,3.7,kenyu,26,Vindo va luma lwa kenyu visingagha shuu.,venyu,7,Dichatesia vipughi venyu vose.,,,
review,substitution,u/e,5.6,kedu,28,"Ighesho jezoya skilu ,bishi kijijinyi kedu jedeughwa mkono ni jamii ndazi",kudu,5,Nawekulomba mrika kunineke kudu.,,,
auto,substitution,k/j,10.0,w'aje,3,W'aje w'ai w'aichi kuvina,w'ake,30,W'aw'ibonya malaika w'ake w'iw'uye mbeo.,,,
auto,substitution,l/n,10.0,nileke,3,Nileke nieka,nineke,30,Nineke nyondo,,,
review,substitution,r/d,2.3,deda,10,Jingi siwone kisuka cha deda,reda,23,Reda magome ghapo.,,,
review,substitution,g/c,5.6,kuchora,5,Wadima kuchora.,kughora,28,Kuseliwe kughora ``chawucha'',,,
review,substitution,v/w,2.0,veka,22,Ivi vindo veka na harufu ipoie.,weka,11,Wandu weka na kiwiwi na isi.,,,
review,substitution,v/d,1.5,dadima,13,Dadima ngera dizere hali ya agho makongo yakundikie wandu wibonye wada?,vadima,20,Vichuku vadima kureda maghaluso ghiboie.,,,
review,substitution,r/f,3.7,wafwa,7,Mae wafwa imbe.,warwa,26,Warwa kofe,,,
review,substitution,m/l,1.5,lazima,13,Ishima ni ilagho ja lazima,mazima,20,Elimu yadima kufungua minyango yeenda masanga mazima.,,,
review,substitution,o/e,3.7,kenyu,26,Vindo va luma lwa kenyu visingagha shuu.,konyu,7,Mzinyi konyu ni hao?,,,
review,substitution,u/d,5.6,ndo,5,Mufu na mnavu ndo ghuko hata machi nighelola mwanedu.,nuo,28,Mmangi wa isanga nuo kilongozi mbaa zaidi isangenyi,,,
review,substitution,d/l,7.2,kidasi,29,Kidasi cha mawora ndechitanya na izi.,kilasi,4,Wana wa kilasi cha mfungade wanekwa vuo ikumi na viwi.,,,
review,substitution,r/w,4.5,huru,6,Muisanga uhuu waboilwa ni kusighwa huru.,huwu,27,Maisha ghikaendelia huwu didafuma dende kuzima.,,,
review,substitution,o/u,1.2,kora,15,Kora modo kudeke,kura,18,Kuseliwe kura kofia ya wusalama,,,
review,substitution,m/l,5.6,luzi,5,Luzi lwadumbuka,muzi,28,Muzi ghononwa.,,,
review,substitution,r/k,3.7,kenyu,26,Vindo va luma lwa kenyu visingagha shuu.,renyu,7,Rashuenyi ngolo renyu,,,
review,substitution,a/e,3.1,nakunda,8,Nalomba kunidumie aghaje magome gheenda whughangenyi nakunda nifume aha kiramka kana.,nakunde,25,Nakunde nikulow'uo.,,,
review,substitution,k/w,7.2,kaka,4,Nyumba ya kaka erew'ada modo.,waka,29,Washomi waka wengi wa mashomo tofauti,,,
review,substitution,u/a,2.7,w'abaa,24,Vindo vikurie ni va w'andu w'abaa.,w'ubaa,9,W'ashahidi dighuwonie w'ubaa ghwa Kristo.,,,
review,substitution,n/b,1.5,kaba,20,Diende kaba mpira,kana,13,Nalomba kunidumie aghaje magome gheenda whughangenyi nakunda nifume aha kiramka kana.,,,
review,substitution,e/',1.2,naw'enda,15,naw'enda misarigho ya skuli,naweenda,18,Naweenda chaghunyi didedanye lumalwakenyi.,,,
review,indel,',7.0,w'aya,28,Orekoghe na w'wana ghodeda ghuseko na w'aya.,waya,4,Mwaawu waweenda waya mbogha,,,
review,indel,e,9.7,mboeri,3,Ghenda mboeri kusew'usire mwana,mbori,29,Mbori raaw'uya vindo vapo.,,,
review,indel,a,9.7,mariwa,29,Nadeka mswara nighuje na mariwa ghivimbie idime.,mriwa,3,Mriwa wapo oka na ndasanya,,,
review,indel,',3.6,w'adakunda,7,W'adakunda malagho mabaa mabaa.,wadakunda,25,Muisanga uhuu wadakunda malagho ghiwiko worinyi.,,,
review,indel,i,9.7,ijha,3,Dineke ijha mbeu yako,jha,29,Ishati jhake ni jha misharia,,,
review,indel,s,1.1,kueka,17,Kumanye nekulisa oho kueka.,kuseka,15,Siwuriagha kuseka.,,,
review,indel,m,3.0,shoa,24,Indoko diende shoa mbande noko cha kilembenyi,shoma,8,kila kifulanguwo isi dida shoma vuo va chughano.,,,
review,indel,i,4.3,mizima,6,Iri nguwo ni ra mishono mizima mizima.,mzima,26,W'andu w'eka na w'uya mzima mzima.,,,
review,indel,l,1.1,lola,17,"Lomba, Lola.",ola,15,Ola sikirenyi.,,,
review,indel,m,1.1,mbenyu,15,kusekelombia mbenyu maw'iw'i,mmbenyu,17,Chadu cha mmbenyu,,,
review,indel,n,1.7,dini,12,W'ele dini yako ni iyao?,ndini,20,nekunda kudeka na sufuria ndini,,,
review,indel,k,7.0,kucha,28,Kucha sinda na mwana wapo ituku jichaa nakunda nighende njumonyi.,ucha,4,Ucha ghudishwa,,,
review,indel,h,5.4,huwu,27,Maisha ghikaendelia huwu didafuma dende kuzima.,uwu,5,Nawaenja mwana skuli ngelo ra saa ikenda uwu.,,,
review,indel,w,2.2,ghasia,22,Mariwa ghasia,ghwasia,10,Mfu ghwa mapemba/mabemba ghwasia,,,
review,indel,r,3.6,w'oi,7,Wabonya kazi W'oi.,w'ori,25,Na vuo vefundisha w'ori viandiko,,,
review,indel,k,1.5,adadu,19,Orevina na uo mwanaw'aka kwa masaa adadu.,kadadu,13,Kesho ni kadadu,,,
review,indel,',1.5,w'uloli,19,Kukakunda w'uloli kotia w'ana,wuloli,13,Ndodo rako radima kuka wuloli ghwa kesho,,,
review,indel,i,3.6,makotio,7,Ndounijibuye makotio ghapo.,makoto,25,Kusesowe kukotia makoto,,,
review,substitution,u/a,9.7,mbawa,3,Nyonyi radima kukaia na mbawa ndacha.,mbuwa,29,Mbuwa ijilo vindo yadamanyika matasa.,,,
review,substitution,n/w,3.6,nakunde,25,Nakunde nikulow'uo.,wakunde,7,Uhuu muisanga wakunde kwenda kimbiri.,,,
review,substitution,i/a,3.0,ndagha,24,Walaghasha ndagha yape,ndigha,8,"Dedimeghe kuwona shimba, chovu, ndigha katika mazingira ghawo",,,
review,substitution,e/a,4.3,vaka,6,Vindo vako vaka tayari,vake,26,Vuo vake verashuka,,,
review,substitution,v/w,1.3,vaw'o,18,W'aka w'ape w'edukisha vilambo vaw'o vose kwa ngamila raw'o iw'i.,waw'o,14,Kichuku chose chaendie zighana ndee waw'o aja hospitali ya Voi.,,,
review,substitution,i/a,5.4,matini,27,"Isanga jakaya na malagho, Vilambo vajoka, Vilongozi wawoka malagho matini matini, njala yakaiya na malagho ghaka ghikurie.",mitini,5,Misele mitini mitini yadareda mafanikio mabaa.,,,
review,substitution,c/g,2.6,chachua,9,Choro chachua.,ghachua,23,Machi ghachua modenyi,,,
review,substitution,g/d,9.7,indi,3,Koshi idaghenda aha ikumbilwagha indi.,ingi,29,Ndeekoghe chia ingi zima ela kulala isakenyi.,,,
review,substitution,d/n,1.5,dadima,13,Dadima ngera dizere hali ya agho makongo yakundikie wandu wibonye wada?,nadima,19,Nadima kusikira lwaka lwa ndege,,,
review,substitution,e/a,9.7,jha,29,Ishati jhake ni jha misharia,jhe,3,Ikanisa ijhi jhe kaba makofi Jiwangwagha,,,
review,substitution,u/i,4.3,bila,26,Vilongozi wefwana kuhudumia wananchi bila kubagua ungi,bula,6,Awongo udeniguya bula wa chilu.,,,
review,substitution,y/r,4.3,choro,26,Ichi choro chawuduka mwachiwonieghe wele?,choyo,6,Mndu kakaia na choyo kwam'manyira kuvisa vindo.,,,
review,substitution,z/p,1.1,mipango,17,Ibonyeka karakara na mipango.,mizango,15,Iji shairi jakwanya wandu wa mizango wa andu kose.,,,
review,substitution,a/i,4.3,jako,26,Ituku jako jike na kupoilwa,jiko,6,Igho jiko moyo na iyo mbari ya wueli.,,,
review,substitution,l/k,9.7,waka,29,Washomi waka wengi wa mashomo tofauti,wala,3,Nausikira wala neusikira.,,,
review,substitution,a/e,7.0,kughora,28,Kuseliwe kughora ``chawucha'',kughore,4,Na kwadima kughore serikali mbaa yeok na kii chebonya kwa malagho gheendesha iji isanga/,,,
review,substitution,a/i,2.6,vako,23,Vindo vako vaka tayari,viko,9,Wandu wakundikia vilambo viko navo karibu na eweweni.,,,
review,substitution,a/u,9.7,waka,29,Washomi waka wengi wa mashomo tofauti,wuka,3,Wuka shalu shalu,,,
review,substitution,l/k,3.0,kwako,24,Nido kwako.,lwako,8,Lukaso lwako,,,
review,substitution,w/k,2.6,vako,23,Vindo vako vaka tayari,vawo,9,"Na ngera kama niwupande ghobonya kama zoghori huwu wakati wandu wawa vindo vawo, mwauzira masanga ghia na ghia?",,,
review,substitution,r/w,9.7,raka,3,Mabemba reocha raka tayari.,waka,29,Washomi waka wengi wa mashomo tofauti,,,
review,substitution,c/g,1.3,nacho,14,Chuo chako neko nacho mzinyi pedu,nagho,18,Ghuja wasi kuko nagho kughorie Mlingu ukutesie,,,
review,substitution,r/w,7.0,racha,4,Racha wele,wacha,28,Wacha kurashua na kukora mudi ughu.,,,
review,substitution,k/w,5.4,kumweri,27,Kichuku chapo chadakunda kuja andu kumweri lumalwakenyi.,wumweri,5,Wandu wekundikia kukaa na wumweri.,,,
review,substitution,d/n,3.0,daenda,8,Idime daenda m'wada mwana wa mwan'duu uvalo icho kivulanguwo.,naenda,24,Naenda mbuwenyi,,,
review,substitution,y/g,2.6,funga,9,Mao waenda funga mifugho,funya,23,Funya mifugho w'azenyi.,,,
review,substitution,z/w,7.0,muwi,4,Kuboilwa ndekupatikagha kwa vilambo va muwi vieka.,muzi,28,Muzi ghononwa.,,,
review,substitution,v/k,2.6,kidoi,9,Jingi siwonie kidoi ukabwagha.,vidoi,23,Vidoi veiw'a kila kilambo okoghe nacho.,,,
review,substitution,k/l,7.0,kihi,28,Daw'ida mwaw'aa kihi?,lihi,4,Kovalo lihi?,,,
review,substitution,u/i,1.3,kifwa,18,Ulemwa kusikira nde na mae ufo kifwa,kufwa,14,W'ose w'izamilwagha ni ini w'eekunda kufwa.,,,
review,substitution,n/m,1.1,ima,17,Ima dipate mawughanga aha mzedu,ina,15,Miaka rapo ni mrongo ina na ina.,,,
review,indel,',2.4,maghuw'a,22,maghuw'a ghiao,maghuwa,9,Msedaghe makanda gha maghuwa,,,
review,indel,r,1.2,idima,14,Ihi ndege idima kuduka wandu.,ridima,17,Nyonyi ridima kurama ighu,,,
review,indel,u,9.3,wacha,28,Wacha kurashua na kukora mudi ughu.,wachua,3,Wachua ighade.,,,
review,indel,i,5.2,mdinyi,26,Wavavirika/Washoghonoka ukisarigha mdinyi,midinyi,5,saw'au raadikwa midinyi,,,
review,indel,w,6.8,odu,27,Dua moyo oho mzuri odu.,wodu,4,Mwalimu wodu ndeuchee,,,
review,indel,v,1.4,imu,18,Hata saa inonekie ngelo imu yaweghora wuloli.,vimu,13,"Msejhe vindo vose, msighare vimu",,,
review,indel,m,9.3,muzi,28,Muzi ghononwa.,uzi,3,Uhuu uzi wozama.,,,
review,indel,',2.9,w'ambao,23,w'edeka w'ibwagho sa w'ambao,wambao,8,Wandu wekindikia wifundishe wambao.,,,
review,indel,b,4.2,kukaa,6,Wangu wakundikia kukaa na mawono malazi.,kukaba,25,Kwavolwa kusighe kukaba m'mbenyu.,,,
review,indel,o,6.8,kumoni,27,Kukunda kumoni yadaboia ela kulwana kila ituku.,okumoni,4,Waghenyi wa loli ni awaje wikubonyagha kujielelo sa okumoni.,,,
review,indel,n,5.2,monyo,5,Wakoja monyo nyo ra Kijiji.,moyo,26,Igho jiko moyo na iyo mbari ya wueli.,,,
review,indel,o,2.9,funya,23,Funya mifugho w'azenyi.,ofunya,8,Mdaw'ana ofunya ighi ukaneka w'andu w'ekuw'ida ndayo.,,,
review,substitution,i/o,2.9,ifwa,8,Kuchapata ifwa karakara na ilaghiro.,ofwa,23,Ofwa wendavalwa.,,,
review,substitution,b/m,5.2,bila,26,Vilongozi wefwana kuhudumia wananchi bila kubagua ungi,mila,5,Isanga iji jeko na mila riboie.,,,
review,substitution,j/k,9.3,cheja,3,Uhu uko na cheja umneke uhu mwana wasowa vindo,cheka,28,Kula kilambo cheka aho.,,,
review,substitution,j/c,9.3,cheka,28,Kula kilambo cheka aho.,jheka,3,Iridia jhapo jheka ivui,,,
review,substitution,u/i,1.1,kitini,15,Malunji oka na chongo kitini.,kutini,16,Nikakaia nisew'usire maghu kutini najighwa ni kiw'onu.,,,
review,substitution,k/v,1.4,kana,13,Nalomba kunidumie aghaje magome gheenda whughangenyi nakunda nifume aha kiramka kana.,vana,18,Vana vakongodwa,,,
review,substitution,i/a,3.4,naenda,24,Naenda mbuwenyi,nienda,7,Naweghenda mbuwenyi nienda lola mbogha na wijomba veja lumalwakenyi.,,,
review,substitution,i/o,5.2,kulila,5,Kulila kwa kusowa sere.,kulola,26,Kusesighe kulola maarifa,,,
review,substitution,a/e,5.2,kulola,26,Kusesighe kulola maarifa,kulole,5,Kulole Njogholo,,,
review,substitution,f/n,9.3,fuo,3,Bahari eka na fuo righokie.,nuo,28,Mmangi wa isanga nuo kilongozi mbaa zaidi isangenyi,,,
review,substitution,d/m,1.4,w'adadu,13,W'ai w'adadu w'aghenda mbuw'enyi kuw'waya mbogha,w'adamu,18,W'asi ghwa w'adamu ghusiaa lii?,,,
review,substitution,m/j,1.4,naja,13,Kifu chweniluma angu naja mngulu mlazi.,nama,18,Leka nije kwaza nama nijoke wulinyi,,,
review,substitution,o/e,2.9,lwake,23,Lwembe lwake lumweri lochika.,lwako,8,Lukaso lwako,,,
review,substitution,k/m,9.3,kucha,28,Kucha sinda na mwana wapo ituku jichaa nakunda nighende njumonyi.,mucha,3,Mlungu ni mucha.,,,
review,substitution,o/e,5.2,erekoghe,5,Io mizi erekoghe na wasi mungi.,orekoghe,26,Orekoghe na w'wana ghodeda ghuseko na w'aya.,,,
review,substitution,s/m,1.6,maana,19,Wufundi ni wujuzi ghwa maana,saana,12,Wusalama gha barabarenyi ni muhimu saana,,,
review,substitution,b/w,1.1,bengi,15,Enja magome bengi,wengi,16,Wandu wengi wadapoilwaa ni kusafiri,,,
review,substitution,l/b,5.2,bila,26,Vilongozi wefwana kuhudumia wananchi bila kubagua ungi,lila,5,Leka lila,,,
review,substitution,s/c,9.3,kuche,28,Enda kughue vadu ivi vighokie kuche navo,kushe,3,Enda mtambonyi kushe mfu ghwa msara,,,
review,substitution,w/n,2.1,naw'eenda,21,Naw'eenda cha shighadi kulola chaghu.,waw'eenda,10,Nani waw'eenda idukenyi?,,,
review,substitution,v/r,2.1,rape,21,W'uja Mbaa wa isanga oko na wuhuru ghotumia mali ra isanga seji ni rape?,vape,10,Oreandika vichuku vape kwa mpande ghwa w'ulindiri.,,,
review,substitution,n/w,3.4,naichi,7,Naichi kuagha kigharo,waichi,24,Wadeki waichi kupoisa vindo visingie.,,,
review,substitution,o/e,5.2,kulela,5,Wavi wijali kulela wana.,kulola,26,Kusesighe kulola maarifa,,,
review,substitution,y/k,5.2,kenyu,26,Vindo va luma lwa kenyu visingagha shuu.,yenyu,5,Ndedidimagha kushinda timu yenyu.,,,
review,indel,h,2.3,kibaa,21,Chuo kibaa ni andu kupoiye kushoma,kibaha,9,Ndekune kighirio kibaha kwa mndu uko na kukunda kufanikilwa.,,,
review,indel,e,1.7,ndoenyi,19,Mlungu uchakaba ndoenyi.,ndonyi,11,Umeme ghobara ndonyi.,,,
review,indel,r,1.0,rwai,15,Rwai yadareda makongo,wai,15,Ni ncha wai na wadawana wishome,,,
review,indel,',4.0,w'abaa,24,Vindo vikurie ni va w'andu w'abaa.,wabaa,6,Wanake wefeana kuneka ishima wandu wabaa,,,
review,indel,o,2.3,ghora,9,"Nawekusikira, ghora ichi kukunde.",oghora,21,Oghora angu omoni ni m'kichuku.,,,
review,indel,i,6.5,icha,4,Dibora chumbo ilinga njumwa icha ikanisenyi?,ichia,26,Mokunda kukaba mori ichia mwawedafuna boboro.,,,
review,indel,e,1.1,efwana,16,W'andu efwana w'itumie magome karakara na wuezo ghwaw'o.,fwana,14,Kuaeliwe kughua vilambo va fwana,,,
review,indel,m,6.5,msimu,4,Wangu wekundika witesiana msimu ghwa wasi.,simu,26,Ini n'moni ndewinikabiagha simu,,,
review,indel,i,1.0,inimoni,15,Inimoni na wambedu dedeboisa visuka vina.,nimoni,15,Nimoni nio mwana ukindilo ni w'avi w'ape.,,,
review,indel,a,1.5,masa,12,Mka wakufungua masa,masaa,18,Agha masaa gha nadime ni gheoresha.,,,
review,indel,',3.3,w'uda,23,W'andu w'elwa w'atesiagha nandighi ngelo ra w'uda.,wuda,7,Isanga jedu ndedine wuda,,,
review,indel,h,2.8,aje,22,Na warighiti aje wekwaeni wawebonya kazi nicha?,ajhe,8,Ajhe kwawo ndewiko,,,
review,indel,m,9.0,igho,27,Igho jiko moyo na iyo mbari ya wueli.,migho,3,Oho na mwana wako mgale kwa migho.,,,
review,indel,s,1.1,ighana,14,Karne ni miaka ighana jimweri,sighana,16,Ukalegha sighana na omoni,,,
review,indel,',6.5,w'ushu,26,Nineke kilole niw'one w'ushu ghwapo.,wushu,4,Kuseke tima kuniwada wushu ghwapo.,,,
review,indel,n,1.5,dii,18,Vua esindanya dii.,dini,12,W'ele dini yako ni iyao?,,,
review,substitution,d/u,1.3,mada,17,Chuilwa mada.,maua,13,Magome ni maua sena ghadabwagha.,,,
review,substitution,y/j,6.5,jadareda,4,Iruwa jadareda mwengere,yadareda,26,Chofi yadareda zua.,,,
review,substitution,w/n,3.3,napoilwa,23,Napoilwa kukwana naokumoni,wapoilwa,7,Wana wapoilwa ni kucheza mpira.,,,
review,substitution,y/r,6.5,radareda,4,Nyerinyeri radareda ndodo.,yadareda,26,Chofi yadareda zua.,,,
review,substitution,v/r,3.3,risingie,7,Nguluma risingie ni rekanga,visingie,23,Mka wapo wadeka vindo visingie.,,,
review,substitution,a/e,3.3,mbau,7,Mbau rejighwa ni msaghu,mbeu,23,Iji itunda ndejine mbeu.,,,
review,substitution,d/w,1.0,diko,15,Mao odeka ukighora nandighi diko shighadi dikimsikira,wiko,15,Awo wose wiko moyo.,,,
review,substitution,o/u,4.0,ivo,24,Ivo vindo vaka na msingo ghupoie.,ivu,6,Dadakaba mswaki na ivu.,,,
review,substitution,l/z,9.0,w'alima,3,W'andu w'alima kilandu,w'azima,27,Kuw'itanya w'azima.,,,
review,substitution,r/m,3.3,meda,7,Meda na ndiwa rachua machi.,reda,23,Reda magome ghapo.,,,
review,substitution,e/i,2.0,idimee,10,Idimee w'edew'wadwa w'ikilogha gii.,idimei,20,Kwaja kii idimei,,,
review,substitution,i/u,1.5,ndeiko,18,Ngasu ingi ndeiko,ndeuko,12,Grace ndeuko mzinyi waenda cha Makadara uzighano kama wahoa,,,
review,substitution,g/j,9.0,igho,27,Igho jiko moyo na iyo mbari ya wueli.,ijho,3,Ijho nijho irumirio,,,
review,substitution,k/m,1.5,kamba,18,Kwahuwo kwawona kwa ihi ngelo ya miaka inya wakundikie wirude kamba zaidi,mamba,12,Omba umilo ni mamba.,,,
review,substitution,b/v,1.5,bana,12,Neka na wada bana,vana,18,Vana vakongodwa,,,
review,substitution,a/u,3.3,tima,7,Kuasefo ngolo tima sena,timu,23,Kazi ya timu yadima kupoa kuchumba.,,,
review,substitution,t/l,3.3,kulala,23,Ndeekoghe chia ingi zima ela kulala isakenyi.,kutala,7,Aho niko kuchaadima kutala.,,,
review,substitution,i/a,2.3,chumba,9,Chumba cheka na meza na vifumbi vidadu,chumbi,21,Agha machi ni gha chumbi,,,
review,substitution,j/w,2.3,jafuma,9,Iruwa jafuma jikalie shuu idime.,wafuma,21,Wandu wose wafuma,,,
review,substitution,y/r,1.1,niro,14,Aha dalima sukuma na tindi niro niwonagha rawebonya nicha zaidi aha dawida.,niyo,16,Ija niyo mali ivisiro.,,,
review,substitution,i/u,6.5,ipoiye,26,Lumalwakenyi ni ngelo ipoiye yehoresha,upoiye,4,Mwanafunzi upoiye ni uja uko na tabia ripoiye na ishima ja hali ya ighu,,,
review,indel,m,8.7,kulola,26,Kusesighe kulola maarifa,kumlola,3,Sena naraenda kumlola,,,
review,indel,h,8.7,jako,26,Ituku jako jike na kupoilwa,jhako,3,Irina jhako jiele,,,
review,indel,k,1.2,izungu,16,Izungu ibaa ja wandu,kizungu,13,"Itanaha ni michele, chipsi, soda, na vindo va Kizungu viseelekiagha",,,
review,indel,i,2.6,duka,8,Duka ighembe,iduka,21,Iduka jha vilole jharughwa mapema,,,
review,indel,h,8.7,w'ushu,26,Nineke kilole niw'one w'ushu ghwapo.,w'usu,3,Kusekaie na w'usu,,,
review,indel,h,1.1,ibaa,14,Iji igare jeka na injini ibaa.,ibaha,15,Ilagho ibaha niwubinana.,,,
review,indel,u,3.8,ghacha,6,Machi ghacha.,ghachua,23,Machi ghachua modenyi,,,
review,indel,m,3.1,muche,7,Niko naghamba muche na mayo na ndeo di dede kesi,uche,22,M'wesere mdawana uche na kio.,,,
review,indel,h,4.8,w'abaa,24,Vindo vikurie ni va w'andu w'abaa.,w'abaha,5,Awa ni w'anidu w'abaha,,,
review,indel,s,1.1,ina,15,Miaka rapo ni mrongo ina na ina.,sina,14,Sina wuya ghungi,,,
review,indel,o,2.2,kaba,20,Diende kaba mpira,okaba,9,Okaba mae na ndighi rose ukawuia mkongo,,,
review,indel,k,8.7,ghwachua,26,Mruke ghwachua,ghwachuka,3,Mwindi ghwa ng'ombe ghwachuka.,,,
review,indel,m,6.2,nakunde,25,Nakunde nikulow'uo.,namkunde,4,Namkunde Mlungu nandighi.,,,
review,indel,i,4.8,sasa,5,Sasa vindo vakaiya vitini ndeviwekata wandu.,siasa,24,Dikesighana na agho dikezoya kudeda kwa malagho gha siasa kwawona wada kuhusu wulongozi ghwa isanga jhose?,,,
review,indel,m,8.7,morekoghe,3,"Morekoghe mkighenda nicha, nani wamnonia?",orekoghe,26,Orekoghe na w'wana ghodeda ghuseko na w'aya.,,,
review,indel,k,6.2,kwadakunda,4,Kwadakunda mmbenyi ukabo,wadakunda,25,Muisanga uhuu wadakunda malagho ghiwiko worinyi.,,,
review,indel,k,1.4,ima,17,Ima dipate mawughanga aha mzedu,kima,12,Kuseide mbao kima,,,
review,substitution,b/y,6.2,kukaba,25,Kwavolwa kusighe kukaba m'mbenyu.,kukaya,4,Maisha ghadima kukaya na wasi lakini dadima kurisima.,,,
review,substitution,d/t,2.6,kodi,21,Kodi ra ighu rashekeria w'andu w'a cheshighadi na andenyi w'ori w'isekekumba mafungu ghaw'o kwa zoghori.,koti,8,Ni suti sharia ra koti rineko ishima.,,,
review,substitution,r/n,4.8,naenda,24,Naenda mbuwenyi,raenda,5,Mifugho raenda lishwa.,,,
review,substitution,z/f,1.2,ifungu,13,Dekona ifungu jetesia wazima,izungu,16,Izungu ibaa ja wandu,,,
review,substitution,k/r,8.7,choko,3,Ihii bahari eka na sangagha ghwa choko.,choro,26,Ichi choro chawuduka mwachiwonieghe wele?,,,
review,substitution,b/k,6.2,kukaba,25,Kwavolwa kusighe kukaba m'mbenyu.,kukaka,4,Kukaka na momu nde kukaiagha muda mlacha.,,,
review,substitution,o/a,2.6,inda,8,Chala chimweri ndechibaragha inda.,indo,21,Kusedile hata indo jimweri,,,
review,substitution,d/r,1.1,diko,15,Mao odeka ukighora nandighi diko shighadi dikimsikira,riko,14,Nguwo riko rielie ni muhimu,,,
review,substitution,k/w,8.7,jako,26,Ituku jako jike na kupoilwa,jawo,3,Isanga jawo ni jesirimika.,,,
review,substitution,u/w,1.6,ueka,18,Nadamuobua mlungu ueka.,weka,11,Wandu weka na kiwiwi na isi.,,,
review,substitution,i/a,1.6,naw'o,11,W'avi naw'o wiasinda kibaruonyi dii,niw'o,18,awa niw'o w'aja w'andu,,,
review,substitution,j/n,2.2,jafuma,9,Iruwa jafuma jikalie shuu idime.,nafuma,20,Vua mbaa yeninyea igua nafuma kudiwenyi.,,,
review,substitution,a/m,8.7,adamu,3,Shimba radaja w`adamu pia,mdamu,26,W'uw'iw'i ghwa mdamu.,,,
review,substitution,f/m,2.2,chifu,9,Uhu useghendie skulu wakotelwa ni chifu uende umbone,chimu,20,Kwa wundu ghwa kilambo chimu?,,,
review,substitution,o/a,3.8,vaka,6,Vindo vako vaka tayari,vako,23,Vindo vako vaka tayari,,,
review,substitution,j/m,1.2,dije,16,Cho dije dadeka mswara na mnavu.,dime,13,Vua yanya dime ghadi,,,
review,substitution,v/n,1.6,naw'o,11,W'avi naw'o wiasinda kibaruonyi dii,vaw'o,18,W'aka w'ape w'edukisha vilambo vaw'o vose kwa ngamila raw'o iw'i.,,,
review,substitution,t/s,8.7,sayari,3,Kila mndu wadima kusoria kwa kulindia sayari yedu.,tayari,26,Vindo vako vaka tayari,,,
review,substitution,k/y,1.1,w'uka,14,W'uka shalu shalu,w'uya,15,W'andu w'eka na w'uya mzima mzima.,,,
review,substitution,i/u,2.6,kibaa,21,Chuo kibaa ni andu kupoiye kushoma,kubaa,8,Oka na kilema kubaa wushunyi ghwape.,,,
review,substitution,j/n,8.7,jako,26,Ituku jako jike na kupoilwa,nako,3,Na uko kukaia moyo niko nako mumbinyi.,,,
review,substitution,m/w,3.8,mabaa,23,Wukame ghukazidi ghwadareda maafa mabaa kwa wakulima na walisha,wabaa,6,Wanake wefeana kuneka ishima wandu wabaa,,,
review,substitution,s/d,1.4,mada,17,Chuilwa mada.,masa,12,Mka wakufungua masa,,,
review,substitution,a/u,4.8,bagha,24,Ini ne Mkatoliki nawelindiliwa ni bagha ya Kristo.,bugha,5,Ni bugha.,,,
review,substitution,r/w,1.1,riko,14,Nguwo riko rielie ni muhimu,wiko,15,Awo wose wiko moyo.,,,
review,substitution,a/e,3.1,ghasia,22,Mariwa ghasia,ghesia,7,Magurudumu gha magare ghawo ghesia.,,,
review,substitution,g/c,3.1,chasia,7,Kirebiti chasia.,ghasia,22,Mariwa ghasia,,,
review,substitution,n/w,6.2,nadakunda,4,Nadakunda kubonya w'ughenyi,wadakunda,25,Muisanga uhuu wadakunda malagho ghiwiko worinyi.,,,
review,substitution,m/i,8.7,izima,3,Diwonanagha ituku izima,mzima,26,W'andu w'eka na w'uya mzima mzima.,,,
review,substitution,i/a,3.1,muda,7,Tumia muda na familia yako,mudi,22,Matuku ghose mwadeda ngelo rose kavui ya mudi ughu.,,,
review,substitution,k/r,1.6,kuka,11,Deko na bahati kuka na afya ipoiye,kura,18,Kuseliwe kura kofia ya wusalama,,,
review,substitution,h/m,8.7,hoyo,3,Oshoa mpira nwao hoyo ukadudugha.,moyo,26,Igho jiko moyo na iyo mbari ya wueli.,,,
review,indel,',1.5,m'mbenyu,11,Kwavolwa kusighe kukaba m'mbenyu.,mmbenyu,17,Chadu cha mmbenyu,,,
review,indel,',6.0,w'aichi,4,W'aichi kushoma ki China,waichi,24,Wadeki waichi kupoisa vindo visingie.,,,
review,indel,b,1.8,nama,18,Leka nije kwaza nama nijoke wulinyi,namba,10,W'ubaa ghwa chadu chapo ni kufuma namba ya ikenda mpaka namba ikumi na imweri.,,,
review,indel,w,1.3,awo,16,Awo wose ni wawiwi.,wawo,12,Waka wawo.,,,
review,indel,u,3.7,che,6,Ghenda kulole chaghu che bonya,uche,22,M'wesere mdawana uche na kio.,,,
review,indel,',2.5,w'urumwengunyi,20,w'urumwengunyi kose,wurumwengunyi,8,Teknologia yarahisisha mawasiiano kose wurumwengunyi,,,
review,indel,n,6.0,ivo,24,Ivo vindo vaka na msingo ghupoie.,nivo,4,Sere na wutulivu nivo vilambo suti isangenyi.,,,
review,indel,',2.5,w'uchafu,20,Inda radaredwa ni w'uchafu,wuchafu,8,Chwakule ndacha ravisa wuchafu,,,
review,indel,y,3.7,w'aw'ae,22,Orasimilwa nguw'o ni w'aw'ae,w'aw'aye,6,W'aw'aye ni mrighiti.,,,
review,indel,k,1.3,kubonye,16,Matuku ghose tima kubonye mecha.,ubonye,12,Waredwa ni ndee ubonye kazi,,,
review,indel,a,8.3,w'aenda,25,W'andu mzinyi w'aenda varo vilacha kudaya machi.,w'enda,3,W'enda sarigha mpira ghwa mindi.,,,
review,indel,',3.0,w'afuma,7,W'afuma W'undanyi itakoniji,wafuma,21,Wandu wose wafuma,,,
review,indel,e,1.5,kueka,17,Kumanye nekulisa oho kueka.,kuka,11,Deko na bahati kuka na afya ipoiye,,,
review,indel,h,8.3,jeka,25,Iji igare jeka na injini ibaa.,jheka,3,Iridia jhapo jheka ivui,,,
review,indel,u,8.3,nigho,25,Wukulima nigho iindi ja mghongo ja mazangamenhi Africa,nighuo,3,Nineke magome nighuo vindo,,,
review,indel,u,8.3,mmbi,3,Matunda na mbogha ni suti kwa mmbi,mumbi,25,Na aw'o w'inughagha bea ra mumbi ndew'idimagha kumrira Mlungu.,,,
review,indel,m,6.0,kukunde,24,"Nawekusikira, ghora ichi kukunde.",kumkunde,4,"Momu ghwa imbiri ni ughu, kumkunde Bwana Mlungu wako na ngolo yako yose.",,,
review,indel,y,8.3,machini,3,Waneng'ena machini,machinyi,25,Kila kilambo cheka machinyi andenyi.,,,
review,substitution,n/w,3.7,niki,22,Ighuri jaro niki??,wiki,6,Weke mao wadakaia na vama vawo va kila wiki,,,
review,substitution,i/e,3.7,mwanyenyu,6,Mwanyenyu bado uduaa uselale.,mwanyinyu,22,Kwadamdeda mwanyinyu.,,,
review,substitution,i/a,4.6,kulala,23,Ndeekoghe chia ingi zima ela kulala isakenyi.,kulila,5,Kulila kwa kusowa sere.,,,
review,substitution,l/k,2.1,mkeku,19,Naenda selia mkeku wapo,mkelu,9,Mkelu wadaghamba ngolonyi kwake.,,,
review,substitution,e/a,1.5,weka,11,Wandu weka na kiwiwi na isi.,weke,17,Yeko ng'ombe ya weke mwaawu kuserefunyireghe.,,,
review,substitution,n/m,8.3,migho,3,Oho na mwana wako mgale kwa migho.,nigho,25,Wukulima nigho iindi ja mghongo ja mazangamenhi Africa,,,
review,substitution,p/k,4.6,lwake,23,Lwembe lwake lumweri lochika.,lwape,5,Kila mndu oko na lughano lwape moni loghora.,,,
review,substitution,n/w,2.5,ana,8,Maghi ana ghachika.,awa,20,Awa wiwae widima kupata.,,,
review,substitution,o/b,6.0,bagha,24,Ini ne Mkatoliki nawelindiliwa ni bagha ya Kristo.,oagha,4,Oagha nyumba ya chumba chimweri.,,,
review,substitution,i/o,1.3,viro,12,Mchakuw'ida viro.,voro,16,Voro ra kutua.,,,
review,substitution,m/w,2.5,ama,8,Wele idime se kwaendie njumonyi ama kwasinda nyumbenyi.,awa,20,Awa wiwae widima kupata.,,,
review,substitution,a/e,4.6,kulala,23,Ndeekoghe chia ingi zima ela kulala isakenyi.,kulela,5,Wavi wijali kulela wana.,,,
review,substitution,a/o,6.0,kwaka,4,Kwaki kwaka na machu,kwako,24,Nido kwako.,,,
review,substitution,i/a,8.3,nakunde,25,Nakunde nikulow'uo.,nikunde,3,"Ara tindima, neko na ilagho nikunde nikukotie.",,,
review,substitution,n/w,4.6,nasilwa,23,Nasilwa,wasilwa,5,Wandu waduka mikono chongo angu wasilwa,,,
review,substitution,n/k,1.8,kamba,18,Kwahuwo kwawona kwa ihi ngelo ya miaka inya wakundikie wirude kamba zaidi,namba,10,W'ubaa ghwa chadu chapo ni kufuma namba ya ikenda mpaka namba ikumi na imweri.,,,
review,substitution,w/v,2.1,veko,19,Ivi vindo veko na msingo uboie.,weko,9,Weko Wadawida walazi wiko shighadi ya Dawida,,,
review,substitution,u/a,3.7,kasikira,6,Kasikira lufu kuche ifonyi icho,kusikira,22,Napoilwa kusikira habari ripoiye,,,
review,substitution,i/e,2.1,veko,19,Ivi vindo veko na msingo uboie.,viko,9,Wandu wakundikia vilambo viko navo karibu na eweweni.,,,
review,substitution,e/a,3.7,vaka,6,Vindo vako vaka tayari,veka,22,Ivi vindo veka na harufu ipoie.,,,
review,substitution,r/z,2.5,kuroghua,8,Ado tambo elemwa ni kuroghua w'andu ni kii?,kuzoghua,20,Wandu wekundikia wikae na kuzoghua na heshima.,,,
review,substitution,n/w,1.8,naweenda,18,Naweenda chaghunyi didedanye lumalwakenyi.,waweenda,10,Nyihi nedeghesha waweenda nyumbenyi.,,,
review,substitution,b/e,6.0,bagha,24,Ini ne Mkatoliki nawelindiliwa ni bagha ya Kristo.,eagha,4,Chongo capo cheka na maghesho eagha choro Mwatate,,,
review,substitution,n/w,1.8,naboilwa,18,Naboilwa kukaiya na oho aha linu.,waboilwa,10,Waboilwa shuu kungia kaburinyi.,,,
review,substitution,w/a,8.3,maindi,3,Ow'uya maindi maduu kufuma uw'urie mkongo.,mwindi,25,Mwindi ghwake ghoko na wasi,,,
review,substitution,i/a,4.6,mabaa,23,Wukame ghukazidi ghwadareda maafa mabaa kwa wakulima na walisha,mibaa,5,Iji isanga jeko na mighondi mibaa.,,,
review,substitution,j/r,2.1,jiboie,19,Ituku jimu jiboie dimkase Mlungu.,riboie,9,Isanga iji jeko na mila riboie.,,,
review,substitution,i/u,3.0,kodi,21,Kodi ra ighu rashekeria w'andu w'a cheshighadi na andenyi w'ori w'isekekumba mafungu ghaw'o kwa zoghori.,kodu,7,Elimu ni chia yekuchuria kughesha kodu.,,,
review,substitution,t/k,8.3,makoko,3,Kusekonoo makoko ghose,makoto,25,Kusesowe kukotia makoto,,,
review,indel,y,4.4,kukaie,22,Kwafane kukaie na mtorori.,kukaiye,5,Dawekuwanga kukaiye mghenyi wa ishima kwa msoro ghodu nakesho.,,,
review,indel,o,8.0,oshoa,3,Oshoa mpira nwao hoyo ukadudugha.,shoa,24,Indoko diende shoa mbande noko cha kilembenyi,,,
review,indel,r,1.7,ighokie,10,"Iruwa jikatua, ndoe yakaia na rangi ighokie",righokie,17,Iri nguwo reko na rangi righokie.,,,
review,indel,s,5.8,mingi,4,W'ana ndew'ikaiaa miaka mingi skulu.,msingi,23,Matuku ghose bidii ni msingi ghwa maendeleo,,,
review,indel,',1.7,kuw'ona,17,Kwaselie kuw'ona igho ja w'esu?,kuwona,10,"Dedimeghe kuwona shimba, chovu, ndigha katika mazingira ghawo",,,
review,indel,',2.0,w'efwana,18,W'aisanga w'efwana w'iw'adane eri kutesiana kuboisa malagho ghaw'o.,wefwana,9,Wandu wefwana wiheshimiane,,,
review,indel,k,1.2,kurama,15,Nyonyi ridima kurama ighu,kuramka,12,Nidakunulwa iridia ikavika kuramka-kasanu.,,,
review,indel,',1.2,w'alegha,12,W'ai w'alegha kucha na omoni,walegha,15,Nienda wona mao ini niekeri kama wanidu walegha,,,
review,indel,',4.4,kaung'a,22,Kukulindie na kaung'a.,kaunga,5,Mwana ukakunyea kaunga ndeikuwada.,,,
review,indel,m,5.8,abaa,4,Abaa wapo,mabaa,23,Wukame ghukazidi ghwadareda maafa mabaa kwa wakulima na walisha,,,
review,indel,k,1.2,kwameria,15,Ela tanu kwameria kuchelwa ni malagho.,wameria,12,"Nao ukachiwada kikombe, ngera iji wameria wafunya chawucha.",,,
review,indel,w,3.5,kabonya,6,Kuhee kabonya kaung'a,kwabonya,21,Ni oho kwabonya uwu angu ni mndu mzima?,,,
review,indel,',1.5,w'abonya,11,W'abonya nicha kwa mashomo ghake,wabonya,16,Mzuri uhuu wabonya malagho ghake kwa chia ipoie.,,,
review,indel,',1.7,kuw'uya,17,Kuw'uya nyuma ndekuko putu,kuwuya,10,Udakambira toe kuwuya nyumbenyi,,,
review,indel,',1.2,law'uke,15,Diawonana law'uke,lawuke,12,Lawuke ni ituku ja njumwa,,,
review,indel,w,8.0,naenda,24,Naenda mbuwenyi,nawenda,3,Nawenda kama Ng'ombe,,,
review,indel,m,8.0,bagha,24,Ini ne Mkatoliki nawelindiliwa ni bagha ya Kristo.,mbagha,3,Msidu ghokorwa mbagha ni w'andu w'ediw'a.,,,
review,indel,l,5.8,kuala,4,Idime ni oho kuala w'uli.,kulala,23,Ndeekoghe chia ingi zima ela kulala isakenyi.,,,
review,indel,v,5.8,isingie,4,Finyingo isingie ni ya nguku,visingie,23,Mka wapo wadeka vindo visingie.,,,
review,indel,',4.4,w'ekunda,22,Wandu w'ose w'uremwengunyi w'ekunda lukundo,wekunda,5,Wekunda kukira magome gha mavuda.,,,
review,indel,e,8.0,ndagha,24,Walaghasha ndagha yape,nedagha,3,Nedagha kitambulisho chapo chienyi,,,
review,indel,',2.0,vaw'o,18,W'aka w'ape w'edukisha vilambo vaw'o vose kwa ngamila raw'o iw'i.,vawo,9,"Na ngera kama niwupande ghobonya kama zoghori huwu wakati wandu wawa vindo vawo, mwauzira masanga ghia na ghia?",,,
review,substitution,a/i,2.9,awi,7,Midi maghana awi ghademwa ni waisanga kutesea iaghi ja skulu,iwi,20,Nichamshana mao shilingi mirongo iwi.,,,
review,substitution,e/a,1.5,hae,16,Hae hae,hee,11,Hee ni kavui,,,
review,substitution,u/i,2.9,mbai,20,Agha ni matuku gha kutua mbai.,mbau,7,Mbau rejighwa ni msaghu,,,
review,substitution,j/v,2.4,jiboie,19,Ituku jimu jiboie dimkase Mlungu.,viboie,8,Ivi vindo viboie kwa viongo.,,,
review,substitution,a/i,4.4,jadima,22,Iji itunda jadima kujighwa kwa mda ghose.,jidima,5,Iji igare jidima kuvuta mizigo ilemere.,,,
review,substitution,k/n,8.0,kaenda,3,Kaenda Mombasa na kwende baharinyi kwa ogha na machi gha chumbi,naenda,24,Naenda mbuwenyi,,,
review,substitution,d/n,3.5,daw'eenda,6,Daw'eenda bora mwazindika,naw'eenda,21,Naw'eenda cha shighadi kulola chaghu.,,,
review,substitution,r/m,2.4,womi,19,Wawa wa womi okunda chughano ra kitambo.,wori,8,Shimba idima kulasa iseghe shwa wori.,,,
review,substitution,e/a,1.2,wai,15,Ni ncha wai na wadawana wishome,wei,12,Waghorie wei i kuchanisigha.,,,
review,substitution,i/a,2.9,awa,20,Awa wiwae widima kupata.,awi,7,Midi maghana awi ghademwa ni waisanga kutesea iaghi ja skulu,,,
review,substitution,m/w,5.8,mumi,23,Mumi wake ni kitoi.,muwi,4,Kuboilwa ndekupatikagha kwa vilambo va muwi vieka.,,,
review,substitution,e/i,2.4,kudema,8,Kudema mbande,kudima,19,Nyonyi ridima kudima nicha,,,
review,substitution,k/b,2.0,kubora,18,Naichi kubora shuu,kukora,9,Wacha kurashua na kukora mudi ughu.,,,
review,substitution,o/n,2.0,ncha,9,Mando ghamu ni ncha kubonya mazoezi,ocha,18,Ocha kwapo ighuo,,,
review,substitution,z/d,2.4,kudima,19,Nyonyi ridima kudima nicha,kuzima,8,Maisha ghikaendelia huwu didafuma dende kuzima.,,,
review,substitution,k/r,8.0,kwako,24,Nido kwako.,kwaro,3,Rikavika saa ikumi na imweri kwaro nafuma.,,,
review,substitution,i/b,2.9,kaba,20,Diende kaba mpira,kaia,7,Kaia na mawono mecha kwa malagho ghose kubonyagha kudafanikilwa.,,,
review,substitution,k/r,5.8,vako,23,Vindo vako vaka tayari,varo,4,Wandu wadapoilwa ni kubonya varo va asili.,,,
review,substitution,e/a,8.0,naenda,24,Naenda mbuwenyi,neenda,3,Neenda roghua wawa wapo nikamdwaia mbogha.,,,
review,substitution,i/u,1.1,w'ika,13,Kusekecha w'ika mundu wa w'andu,w'uka,14,W'uka shalu shalu,,,
review,substitution,o/u,1.1,voi,14,Nawona mundu wakimbia kufuma voi mpaka Mwatate usehoreshere anduangi,vui,13,Yasighwa ngelo vui.,,,
review,substitution,k/b,1.2,bora,12,Wandu wekundikie wijenge kichuku bora.,kora,15,Kora modo kudeke,,,
review,substitution,s/k,2.0,kamba,18,Kwahuwo kwawona kwa ihi ngelo ya miaka inya wakundikie wirude kamba zaidi,samba,9,Samba ukatumbulia.,,,
review,substitution,a/i,1.1,naro,13,Kwawenda hao na mburi ra mzedu na apa olegha naro?,niro,14,Aha dalima sukuma na tindi niro niwonagha rawebonya nicha zaidi aha dawida.,,,
review,substitution,b/l,8.0,bagha,24,Ini ne Mkatoliki nawelindiliwa ni bagha ya Kristo.,lagha,3,Wakabwa ngonde ya Kidari/lagha,,,
review,substitution,m/i,4.4,kukaie,22,Kwafane kukaie na mtorori.,kukame,5,Ghenda kukame ng'ombe dipate mariw'a,,,
review,substitution,o/a,2.9,mbai,20,Agha ni matuku gha kutua mbai.,mboi,7,Seji koni mboi riangagha.,,,
review,substitution,u/a,1.7,w'alindiri,10,W'alindiri na w'azighani.,w'ulindiri,17,Ilombi jelomba w'ulindiri.,,,
review,substitution,u/a,2.0,kavika,9,Kavika nikukabia mwatulituli,kuvika,18,Nawona seji sidimagha kuvika.,,,
review,substitution,l/g,5.8,kugala,4,Kila mndu osindanyavura kugala eri kuw'oka mazara kasho.,kulala,23,Ndeekoghe chia ingi zima ela kulala isakenyi.,,,
review,substitution,a/e,2.4,baa,8,Baa w'awi kuchumba umweri.,bea,19,Na aw'o w'inughagha bea ra mumbi ndew'idimagha kumrira Mlungu.,,,
review,substitution,l/k,1.7,kueka,17,Kumanye nekulisa oho kueka.,kuela,10,Idime ni ituku jipoiye ja iruwa na ndoo kuela kabisa,,,
review,indel,i,1.9,chija,17,Kitabu chija chaghokelo ni malagho shuu.,ichija,9,Kirerende ichija chapoie.,,,
review,indel,f,7.7,ofwa,23,Ofwa wendavalwa.,owa,3,Chienyi kwake owa midi kufuma Wuimgereza,,,
review,indel,k,2.2,ifwa,8,Kuchapata ifwa karakara na ilaghiro.,kifwa,18,Ulemwa kusikira nde na mae ufo kifwa,,,
review,indel,k,7.7,alinga,23,Ni magome alinga?,kalinga,3,Oho ni wa kalinga kenyu?,,,
review,indel,a,7.7,w'uada,3,W'uada vindo vako.,w'uda,23,W'andu w'elwa w'atesiagha nandighi ngelo ra w'uda.,,,
review,indel,o,4.2,fuma,21,Fuma shighadi kukabo ni mbeo,ofuma,5,Ujha mwai ofuma Mrughua,,,
review,indel,',2.2,niw'o,18,awa niw'o w'aja w'andu,niwo,8,Uo niwo uwiseragha wabaa.,,,
review,indel,n,1.9,kueka,17,Kumanye nekulisa oho kueka.,kuneka,9,Wanake wefeana kuneka ishima wandu wabaa,,,
review,indel,v,2.2,ana,8,Maghi ana ghachika.,vana,18,Vana vakongodwa,,,
review,indel,m,1.2,msingo,12,Ivo vindo vaka na msingo ghupoie.,singo,14,Ndigha yeka na singo ndacha,,,
review,indel,t,7.7,indi,3,Koshi idaghenda aha ikumbilwagha indi.,tindi,23,Nikawaya tindi rako ni laghelaghe mao.,,,
review,indel,o,7.7,oreda,3,Uhu mwana oreda shoghoshogho.,reda,23,Reda magome ghapo.,,,
review,indel,',1.2,waw'o,14,Kichuku chose chaendie zighana ndee waw'o aja hospitali ya Voi.,wawo,12,Waka wawo.,,,
review,indel,w,5.5,aje,22,Na warighiti aje wekwaeni wawebonya kazi nicha?,waje,4,Waje wai waichi kuvina,,,
review,indel,i,4.2,indo,21,Kusedile hata indo jimweri,ndo,5,Mufu na mnavu ndo ghuko hata machi nighelola mwanedu.,,,
review,indel,n,2.2,ama,8,Wele idime se kwaendie njumonyi ama kwasinda nyumbenyi.,nama,18,Leka nije kwaza nama nijoke wulinyi,,,
review,substitution,d/j,7.7,reda,23,Reda magome ghapo.,reja,3,Ng'ombe reja nyasi.,,,
review,substitution,r/y,1.9,rachua,17,Izi rachua.,yachua,9,Ihii barabara yachua magare mengi.,,,
review,substitution,a/i,3.3,mazima,20,Elimu yadima kufungua minyango yeenda masanga mazima.,mizima,6,Iri nguwo ni ra mishono mizima mizima.,,,
review,substitution,i/u,1.6,ipoie,16,Lukundo ni hisia ipoie,upoie,10,Mlisha upoie ni Jesu.,,,
review,substitution,m/k,4.2,kibaa,21,Chuo kibaa ni andu kupoiye kushoma,mibaa,5,Iji isanga jeko na mighondi mibaa.,,,
review,substitution,u/a,1.0,w'adadu,13,W'ai w'adadu w'aghenda mbuw'enyi kuw'waya mbogha,w'adudu,13,Nguku raja w'adudu w'a ndoenyi.,,,
review,substitution,e/a,7.7,reda,23,Reda magome ghapo.,rede,3,Rede nikuwikie,,,
review,substitution,w/k,3.3,aka,6,Aka oko mkongo sana.,awa,20,Awa wiwae widima kupata.,,,
review,substitution,k/w,4.2,kafuma,5,kafuma nakio kusewuye aha,wafuma,21,Wandu wose wafuma,,,
review,substitution,k/a,3.3,chiao,6,Kiwacha chiao wana wapo?.,chiko,20,Hachi ni msingi ghwa kichuku chiko na afya.,,,
review,substitution,u/a,3.3,w'akiw'a,20,Disew'iliw'e w'akiw'a.,w'ukiw'a,6,Mizi imu iko na w'ukiw'a yalemwa ni kujisha w'ana w'aw'o.,,,
review,substitution,i/e,5.5,veka,22,Ivi vindo veka na harufu ipoie.,vika,4,Deko na waghenyi sena ela ni vika kireti.,,,
review,substitution,l/s,7.7,kulala,23,Ndeekoghe chia ingi zima ela kulala isakenyi.,kulasa,3,Shimba idima kulasa iseghe shwa wori.,,,
review,substitution,a/o,2.2,ndoa,8,Ndoa ni ahadi ya loli,ndoo,18,Idime ni ituku jipoiye ja iruwa na ndoo kuela kabisa,,,
review,substitution,a/e,4.2,naw'aenda,5,Naw'aenda kwa mao na apa,naw'eenda,21,Naw'eenda cha shighadi kulola chaghu.,,,
review,substitution,g/t,1.2,kugua,14,Otumia magome ghape ghose orew'ikieghe kugua igare.,kutua,12,Agha ni matuku gha kutua mbai.,,,
review,substitution,b/s,5.5,ghubirie,4,Iruwa jadima kukaia na mruke ghubirie.,ghusirie,22,Mwaka ghusirie,,,
review,substitution,a/i,4.2,ando,5,Skulu mbaa ni ando kupoie koshomia.,indo,21,Kusedile hata indo jimweri,,,
review,substitution,e/o,1.4,ndenyi,15,Ghwaighu ghudadukwa ni ghwa ndenyi.,ndonyi,11,Umeme ghobara ndonyi.,,,
review,substitution,z/s,1.0,msigo,13,Kila mndu udaghuduka msigo ghwake iyonge.,mzigo,13,Mwai uhu woka na kifu/mzigo,,,
review,substitution,l/f,1.2,kufwa,14,W'ose w'izamilwagha ni ini w'eekunda kufwa.,kulwa,12,Niki chishekeriagha w'andu kulwa?,,,
review,substitution,a/e,5.5,kusikira,22,Napoilwa kusikira habari ripoiye,kusikire,4,Kaghorelwa mashauri kusikire,,,
review,substitution,e/a,5.5,ucha,4,Ucha ghudishwa,uche,22,M'wesere mdawana uche na kio.,,,
review,substitution,v/k,5.5,kikombe,22,Chawucha bwana kwa mkati na kikombe.,vikombe,4,Ranganya anduamweri na kijiko chimweri cha chai cha divei na vikombe viw'I va machi.,,,
review,substitution,n/d,1.6,dije,16,Cho dije dadeka mswara na mnavu.,nije,10,Nineke vindo nije,,,
review,substitution,k/v,4.2,kibaa,21,Chuo kibaa ni andu kupoiye kushoma,vibaa,5,Ihii nyumba yeko na viumba vibaa vighokie.,,,
review,substitution,a/e,7.7,ghachua,23,Machi ghachua modenyi,ghechua,3,Simanyire ngera didambagha w'ada mana magare ghose ghechua.,,,
review,substitution,v/n,1.2,niro,14,Aha dalima sukuma na tindi niro niwonagha rawebonya nicha zaidi aha dawida.,viro,12,Mchakuw'ida viro.,,,
review,substitution,a/k,1.2,riao,12,Ndodo rako ni riao?,riko,14,Nguwo riko rielie ni muhimu,,,
review,substitution,m/u,3.3,mkunde,6,Mkunde mbenyuu sajikoni kwawajikunda,ukunde,20,Ndekune kilambo chisedimikagha kwa mndu ukunde nandighi.,,,
review,substitution,w/u,2.7,kuende,19,Mao waghora kuende deka wazughwa.,kwende,7,Kaenda Mombasa na kwende baharinyi kwa ogha na machi gha chumbi,,,
review,substitution,p/b,1.6,ghuboie,16,Ihi bahari eko na mvuto ghuboie.,ghupoie,10,Ivo vindo vaka na msingo ghupoie.,,,
review,substitution,d/w,5.5,mudi,22,Matuku ghose mwadeda ngelo rose kavui ya mudi ughu.,muwi,4,Kuboilwa ndekupatikagha kwa vilambo va muwi vieka.,,,
review,substitution,o/u,7.7,kolala,3,Kolala mtaronyi wele,kulala,23,Ndeekoghe chia ingi zima ela kulala isakenyi.,,,
review,substitution,r/f,7.7,ofwa,23,Ofwa wendavalwa.,orwa,3,Uo mwai orwa kirew'etu cha irinda ni sa kuenda duu.,,,
review,substitution,s/v,3.3,isu,20,Ukajikoja isu jake.,ivu,6,Dadakaba mswaki na ivu.,,,
review,substitution,o/e,1.9,weke,17,Yeko ng'ombe ya weke mwaawu kuserefunyireghe.,weko,9,Weko Wadawida walazi wiko shighadi ya Dawida,,,
review,substitution,v/n,7.7,nako,3,Na uko kukaia moyo niko nako mumbinyi.,vako,23,Vindo vako vaka tayari,,,
review,substitution,d/f,2.2,dii,18,Vua esindanya dii.,fii,8,Olua fii sa kira.,,,
review,indel,v,2.6,ndeiko,18,Ngasu ingi ndeiko,ndeviko,7,Vaghu ndeviko wandu wawelola,,,
review,indel,w,2.6,kura,18,Kuseliwe kura kofia ya wusalama,kurwa,7,Kuseliwe kurwa vadu va wusalama,,,
review,indel,l,4.0,kaba,20,Diende kaba mpira,kabla,5,Dakundikie dirighite machi kabla yeghinywa.,,,
review,indel,j,4.0,ghua,5,Naenda ghua Mwemba,ghuja,20,Ghuja wasi kuko nagho kughorie Mlingu ukutesie,,,
review,indel,u,1.8,mnduwaw'omi,9,Uo mka okotia ni kazi ki oredimagha kuibonya uo mnduwaw'omi.,mndwaw'omi,16,Mndwaw'omi wapo orefunya mali kwa w'avi w'apo.,,,
review,indel,w,1.8,efwana,16,W'andu efwana w'itumie magome karakara na wuezo ghwaw'o.,wefwana,9,Wandu wefwana wiheshimiane,,,
review,indel,',2.1,w'ulindiri,17,Ilombi jelomba w'ulindiri.,wulindiri,8,Lukundo lwa kichuku ni msingi ghwa irumirio na wulindiri.,,,
review,indel,',7.3,w'aw'ae,22,Orasimilwa nguw'o ni w'aw'ae,waw'ae,3,Waw'ae soko na mngulu na mbeu zimazima.,,,
review,indel,',2.6,w'adamu,18,W'asi ghwa w'adamu ghusiaa lii?,wadamu,7,Ngolo ra wadamu rakucha ngonde.,,,
review,indel,h,7.3,huwo,22,Nakotia wupe huwo kwachepata wujumbe ghwape kudumilo ni mundu wako kwa deiliane kwamba ukakuneka ghunivikiyagha kwa wuvui.,uwo,3,Uwo nuo mwai kuko nao.,,,
review,indel,',7.3,w'akulima,22,W'akulima w'anyinyiria miw'alwa yaw'o machi shwaa kwa shwaa.,wakulima,3,Wukame ghukazidi ghwadareda maafa mabaa kwa wakulima na walisha,,,
review,indel,i,4.0,mfuko,20,Niko idana nawizera awo wiko na kikuchu angu mfuko udo.,mifuko,5,Nadima kuw'usira mifuko niekeri.,,,
review,indel,g,1.8,wengi,16,Wandu wengi wadapoilwaa ni kusafiri,weni,9,Mwalale mana weni kombo mwanyama huwo.,,,
review,indel,w,2.6,kamba,18,Kwahuwo kwawona kwa ihi ngelo ya miaka inya wakundikie wirude kamba zaidi,kwamba,7,Nakotia wupe huwo kwachepata wujumbe ghwape kudumilo ni mundu wako kwa deiliane kwamba ukakuneka ghunivikiyagha kwa wuvui.,,,
review,indel,m,4.0,kwape,20,Kutiririka kwape kwashekeria kifwa chape.,mkwape,5,Mkwape nio kilongozi wa kampuni idakoni.,,,
review,indel,v,1.8,awo,16,Awo wose ni wawiwi.,vawo,9,"Na ngera kama niwupande ghobonya kama zoghori huwu wakati wandu wawa vindo vawo, mwauzira masanga ghia na ghia?",,,
review,indel,n,1.1,msigo,13,Kila mndu udaghuduka msigo ghwake iyonge.,msingo,12,Ivo vindo vaka na msingo ghupoie.,,,
review,indel,k,1.8,kwanekwa,9,Kwanekwa voro ni mwanyinyu.,wanekwa,16,Wanekwa ndembe remila,,,
review,substitution,e/a,4.0,nafuma,20,Vua mbaa yeninyea igua nafuma kudiwenyi.,nefuma,5,Nefuma mzinyi icho,,,
review,substitution,i/u,1.5,ighokie,10,"Iruwa jikatua, ndoe yakaia na rangi ighokie",ughokie,15,Sidima nikaie na mwai ughokie na unitirire ngolo,,,
review,substitution,d/s,1.1,kedi,13,Wandu wadajikalia weni kedi kukafwa kwada na mali rako,kesi,12,Niko naghamba muche na mayo na ndeo di dede kesi,,,
review,substitution,j/c,4.0,chose,20,Kio ichi chose kuendaa hao?,jhose,5,Walaghasha ighuri jhose,,,
review,substitution,k/m,4.0,mfuko,20,Niko idana nawizera awo wiko na kikuchu angu mfuko udo.,mfumo,5,Na ihi katiba mbishi kudeka na madedo kwamba wibadilishe mfumo ghwa elimu ughu ghukoghe wikainja ghwa wunyanya wikareda CBC kwawona wada ugho mfumo mwishi wareda?,,,
review,substitution,e/a,1.3,sina,14,Sina wuya ghungi,sine,11,Sine haja na njau.,,,
review,substitution,a/i,2.1,ama,8,Wele idime se kwaendie njumonyi ama kwasinda nyumbenyi.,ima,17,Ima dipate mawughanga aha mzedu,,,
review,substitution,r/w,2.6,kura,18,Kuseliwe kura kofia ya wusalama,kuwa,7,Kuwa mbogha,,,
review,substitution,k/l,4.0,kwape,20,Kutiririka kwape kwashekeria kifwa chape.,lwape,5,Kila mndu oko na lughano lwape moni loghora.,,,
review,substitution,m/u,7.3,mche,3,Mche shaw'ori eri disekechelewa.,uche,22,M'wesere mdawana uche na kio.,,,
review,substitution,p/e,5.2,eagha,4,Chongo capo cheka na maghesho eagha choro Mwatate,pagha,21,Mbvua yake yawerucha pagha/ Msanga mbua,,,
review,substitution,u/i,2.6,sikulu,7,Daw'iaenda sikulu.,sukulu,18,Kakaia sukulu kusebonye ikosa jingi,,,
review,substitution,w/n,1.3,naw'o,11,W'avi naw'o wiasinda kibaruonyi dii,waw'o,14,Kichuku chose chaendie zighana ndee waw'o aja hospitali ya Voi.,,,
review,substitution,c/g,2.6,ocha,18,Ocha kwapo ighuo,ogha,7,Kaenda Mombasa na kwende baharinyi kwa ogha na machi gha chumbi,,,
review,substitution,a/i,1.3,nacho,14,Chuo chako neko nacho mzinyi pedu,nicho,11,Icho nicho chichanitesia kufuma aha.,,,
review,substitution,k/n,2.6,kuvika,18,Nawona seji sidimagha kuvika.,kuvina,7,Waje wai waichi kuvina,,,
review,substitution,b/j,4.0,kaba,20,Diende kaba mpira,kaja,5,Kaja manga kunyo machi malazi,,,
review,substitution,i/u,5.2,w'alimi,4,"Sirikali ikapoisa chia, w'alimi wiapata chia redambisha mavalo",w'alimu,21,W'alimu wa tee.,,,
review,substitution,p/o,5.2,oagha,4,Oagha nyumba ya chumba chimweri.,pagha,21,Mbvua yake yawerucha pagha/ Msanga mbua,,,
review,substitution,o/i,1.3,nachi,11,Nachi ozerwa w'ei wabonya miujiza ya tee.,nacho,14,Chuo chako neko nacho mzinyi pedu,,,
review,substitution,k/n,4.0,kafuma,5,kafuma nakio kusewuye aha,nafuma,20,Vua mbaa yeninyea igua nafuma kudiwenyi.,,,
review,substitution,j/m,7.3,jadima,22,Iji itunda jadima kujighwa kwa mda ghose.,madima,3,Madima gha mburi ghesinga,,,
review,substitution,k/b,1.1,bana,12,Neka na wada bana,kana,13,Nalomba kunidumie aghaje magome gheenda whughangenyi nakunda nifume aha kiramka kana.,,,
review,substitution,p/i,2.6,mkaie,7,Namvoya w'anedu mkaie sa iji koni niko.,mkape,18,Nani umbwaghie na mkape mtini?,,,
review,substitution,j/r,5.2,jikurie,4,Ndejiko ilaghoa jikurie jisimwagha kwa kujifunya.,rikurie,21,Ngelo rikurie radafudisha malazi.,,,
review,substitution,e/a,2.1,kuw'ona,17,Kwaselie kuw'ona igho ja w'esu?,kuw'one,8,Choo kuw'one chovu,,,
review,substitution,e/o,1.3,niche,14,Basi nizere koko hao niche idana.,nicho,11,Icho nicho chichanitesia kufuma aha.,,,
review,substitution,g/d,4.0,raenda,5,Mifugho raenda lishwa.,raenga,20,Gheni ghaja magome nerepatagha matini matini ghechaw'uya milioni raenga.,,,
review,substitution,a/e,2.6,kupata,18,Awa wiwae widima kupata.,kupate,7,Hata kadamba cha Nairobi siolazima ingi kupate chaghu chebonya,,,
review,substitution,u/a,7.3,w'akulima,22,W'akulima w'anyinyiria miw'alwa yaw'o machi shwaa kwa shwaa.,w'ukulima,3,Ee w'ukulima ghuchurikiagha w'andu ndew'ifwaa na njala kishakisha.,,,
review,substitution,s/u,1.1,masa,12,Mka wakufungua masa,maua,13,Magome ni maua sena ghadabwagha.,,,
review,substitution,u/a,7.3,aje,22,Na warighiti aje wekwaeni wawebonya kazi nicha?,uje,3,Angu uje aba wamkunde mwana,,,
review,substitution,k/j,7.3,veja,3,Naweghenda mbuwenyi nienda lola mbogha na wijomba veja lumalwakenyi.,veka,22,Ivi vindo veka na harufu ipoie.,,,
review,substitution,a/e,2.6,nama,18,Leka nije kwaza nama nijoke wulinyi,nema,7,Najokieghe noko lungu nema ngachaseagha noko isi.,,,
review,substitution,n/y,1.1,naro,13,Kwawenda hao na mburi ra mzedu na apa olegha naro?,yaro,12,Midi yaro ikaoma.,,,
review,indel,',7.0,w'alimu,21,W'alimu wa tee.,walimu,3,Ni ncha kuwishukuru walimu kwa kazi iboiye wawebonya,,,
review,indel,k,1.7,itini,9,Igho itini jakumbagha mburi kula.,kitini,15,Malunji oka na chongo kitini.,,,
review,indel,v,5.0,iwi,20,Nichamshana mao shilingi mirongo iwi.,viwi,4,Eghwa nuo mwandiki wa ivi vvuo viwi.,,,
review,indel,n,2.0,ninyo,8,Nineke machi ninyo.,niyo,16,Ija niyo mali ivisiro.,,,
review,indel,d,1.7,ndembe,15,Wanekwa ndembe remila,nembe,9,Kwadauza maghanga nembe.,,,
review,indel,a,7.0,idana,21,Hata idana nko moyo ela sio ini.,idanaa,3,Kilo imweri ya nyama idanaa yauzwa shilingi elfu imweri ra Kenya.,,,
review,indel,k,1.7,ibaha,15,Ilagho ibaha niwubinana.,kibaha,9,Ndekune kighirio kibaha kwa mndu uko na kukunda kufanikilwa.,,,
review,indel,',7.0,wu'ghoma,3,Nifuye wu'ghoma apa siwu'riagha sena,wughoma,21,Namfuya wughoma.,,,
review,indel,',3.0,saw'au,18,W'inga saw'au,sawau,6,Sawau radanona pemba,,,
review,indel,a,5.0,mbai,20,Agha ni matuku gha kutua mbai.,mbi,4,Wadawana kw wai wepaswa kulindia mbi ghwawo kwa kuwa ni mzi ghwa Mlungu,,,
review,indel,r,2.0,awo,16,Awo wose ni wawiwi.,rawo,8,Wandu wamu wadakaiya nyumbenyi rawo eri kuepuka hali rizamie ra hewa,,,
review,indel,m,5.0,fuko,4,Dalela w'eke fuko mzinyi.,mfuko,20,Niko idana nawizera awo wiko na kikuchu angu mfuko udo.,,,
review,indel,w,3.8,adadu,19,Orevina na uo mwanaw'aka kwa masaa adadu.,wadadu,5,Niwo awa wadadu walala aha kifumbinyi.,,,
review,indel,t,2.4,ima,17,Ima dipate mawughanga aha mzedu,tima,7,Kuasefo ngolo tima sena,,,
review,indel,',1.7,w'uya,15,W'andu w'eka na w'uya mzima mzima.,wuya,9,Nawaenda ela simanyire ngera ni wuya.,,,
review,substitution,w/r,2.4,ridima,17,Nyonyi ridima kurama ighu,widima,7,Awa wiwae widima kupata.,,,
review,substitution,y/k,2.4,kuw'uka,7,Kuw'uka na chirichiri,kuw'uya,17,Kuw'uya nyuma ndekuko putu,,,
review,substitution,o/u,7.0,indo,21,Kusedile hata indo jimweri,indu,3,Wichaburuka ighu sa indu.,,,
review,substitution,p/k,1.7,chokwa,15,Kipulupulu cha chokwa.,chopwa,9,Magho gharedwa ni mtorori ghwa chopwa.,,,
review,substitution,v/f,7.0,fuma,21,Fuma shighadi kukabo ni mbeo,vuma,3,W'andu w'ekufundisha kuboisa vilambo va vuma.,,,
review,substitution,i/u,3.8,ichaa,19,njumwa ichaa naw'ew'uya kedu,uchaa,5,Ituku jimu uchaa,,,
review,substitution,e/a,1.4,ndeuna,10,Ndeuna bahati,ndeune,14,Omoni ndeune marasimio.,,,
review,substitution,p/l,5.0,kwale,4,Ifungulwagha andu kumweri na kaunti ra Kwale na Makueni.,kwape,20,Kutiririka kwape kwashekeria kifwa chape.,,,
review,substitution,r/w,7.0,rafuma,3,Ngondi rafuma kwa fwandi,wafuma,21,Wandu wose wafuma,,,
review,substitution,o/i,7.0,indi,3,Koshi idaghenda aha ikumbilwagha indi.,indo,21,Kusedile hata indo jimweri,,,
review,substitution,p/b,1.7,kuboisa,15,Mabemba ghadima kutumika kuboisa mavuda ghedeka.,kupoisa,9,Wadeki waichi kupoisa vindo visingie.,,,
review,substitution,r/v,3.0,kura,18,Kuseliwe kura kofia ya wusalama,kuva,6,Mbuwa yadakunda kualilwa eri kuva mapato malazi.,,,
review,substitution,v/j,7.0,juma,21,Dakumbie kura juma isirie.,vuma,3,W'andu w'ekufundisha kuboisa vilambo va vuma.,,,
review,substitution,p/l,7.0,lagha,3,Wakabwa ngonde ya Kidari/lagha,pagha,21,Mbvua yake yawerucha pagha/ Msanga mbua,,,
review,substitution,a/e,2.4,mada,17,Chuilwa mada.,meda,7,Meda na ndiwa rachua machi.,,,
review,substitution,s/m,1.4,moko,10,W'omi moko na ndighi.,soko,14,Boboro ya soko ni vindo vineka mundu ndighi.,,,
review,substitution,g/k,5.0,gwape,4,Safu yadima kuduka kilambo kibaa kuchumba muw'I gwape.,kwape,20,Kutiririka kwape kwashekeria kifwa chape.,,,
review,substitution,k/p,5.0,mkango,4,Jhingi kwajhie Mkango angu kipunde?,mpango,20,W'ebonya mpango ghotesia mruna.,,,
review,substitution,u/i,1.4,ghipoie,14,Iihi skulu yaka na mafundisho ghipoie.,ghupoie,10,Ivo vindo vaka na msingo ghupoie.,,,
review,substitution,v/k,1.7,kitini,15,Malunji oka na chongo kitini.,vitini,9,Sasa vindo vakaiya vitini ndeviwekata wandu.,,,
review,substitution,e/i,1.7,weko,9,Weko Wadawida walazi wiko shighadi ya Dawida,wiko,15,Awo wose wiko moyo.,,,
review,substitution,'/a,1.2,m'baha,13,Mdawana m'baha ukalila mbori.,mabaha,11,Shimba radima kukaia na meso mabaha.,,,
review,substitution,t/p,3.0,mkape,18,Nani umbwaghie na mkape mtini?,mkate,6,Mkate ghwawurwa.,,,
review,substitution,v/n,3.0,nama,18,Leka nije kwaza nama nijoke wulinyi,vama,6,Weke mao wadakaia na vama vawo va kila jumwa.,,,
review,substitution,y/w,2.0,niwo,8,Uo niwo uwiseragha wabaa.,niyo,16,Ija niyo mali ivisiro.,,,
review,substitution,n/k,3.0,vaka,6,Vindo vako vaka tayari,vana,18,Vana vakongodwa,,,
review,substitution,a/u,7.0,w'alima,3,W'andu w'alima kilandu,w'alimu,21,W'alimu wa tee.,,,
review,substitution,m/n,3.0,vama,6,Weke mao wadakaia na vama vawo va kila jumwa.,vana,18,Vana vakongodwa,,,
review,substitution,v/w,1.7,viko,9,Wandu wakundikia vilambo viko navo karibu na eweweni.,wiko,15,Awo wose wiko moyo.,,,
review,substitution,s/k,1.4,kughaluka,10,Kughaluka kwa marangi.,kughalusa,14,Elima yadima kughalusa maisha.,,,
review,substitution,b/k,5.0,kaba,20,Diende kaba mpira,kaka,4,Nyumba ya kaka erew'ada modo.,,,
review,substitution,r/b,5.0,kaba,20,Diende kaba mpira,kara,4,Kara kara na mabonyo ghako,,,
review,substitution,n/s,1.7,kuneka,9,Wanake wefeana kuneka ishima wandu wabaa,kuseka,15,Siwuriagha kuseka.,,,
review,substitution,i/a,3.0,vana,18,Vana vakongodwa,vina,6,"Kiture, vina na midegho.",,,
review,substitution,k/m,1.7,suku,9,Ng'ondi ndeine suku/Mwambori,sumu,15,Choka reko na sumu,,,
review,substitution,n/w,1.0,nameria,12,"Nameria kuonda mariwa,yanifwana nighale mzedu.",wameria,12,"Nao ukachiwada kikombe, ngera iji wameria wafunya chawucha.",,,
review,substitution,a/e,3.0,kuvika,18,Nawona seji sidimagha kuvika.,kuvike,6,Iji kwashoghonoka kuvike bistali.,,,
review,substitution,m/v,3.0,imu,18,Hata saa inonekie ngelo imu yaweghora wuloli.,ivu,6,Dadakaba mswaki na ivu.,,,
review,substitution,v/d,1.7,diko,15,Mao odeka ukighora nandighi diko shighadi dikimsikira,viko,9,Wandu wakundikia vilambo viko navo karibu na eweweni.,,,
review,substitution,o/a,3.0,kura,18,Kuseliwe kura kofia ya wusalama,kuro,6,Mbeo ikavika kuro ikoti,,,
review,substitution,a/o,1.7,charonyi,9,"Aha charonyi ni wasi,vilambo vose ni igome.",choronyi,15,Ihi choronyi chawenuka.,,,
review,substitution,a/u,2.4,mada,17,Chuilwa mada.,muda,7,Tumia muda na familia yako,,,
review,substitution,a/u,1.0,kakunda,12,"Kakunda kupata magome, suti kubonye chaghu",kukunda,12,Kukunda kumoni yadaboia ela kulwana kila ituku.,,,
review,substitution,m/o,3.0,mcha,6,Aba mlungu Koko mcha na kwaine wughoma.,ocha,18,Ocha kwapo ighuo,,,
review,substitution,g/a,5.0,awa,20,Awa wiwae widima kupata.,gwa,4,Mchezo gwa moira ghwa mindi ghwmanyikie,,,
review,substitution,r/v,5.0,raenga,20,Gheni ghaja magome nerepatagha matini matini ghechaw'uya milioni raenga.,vaenga,4,Waandikie vuo vaenga.,,,
review,substitution,t/d,3.8,kudima,19,Nyonyi ridima kudima nicha,kutima,5,Wadeki waboilwa kutima wudeki wugeni.,,,
review,substitution,g/c,1.2,ndechiko,11,Ndechiko chonyi kiwishi ndoenyi.,ndeghiko,13,Maghanga ndeghiko,,,
review,substitution,s/z,3.0,kusighana,6,Olaghasha magome ghape ghose kwa kusighana na mkape.,kuzighana,18,Chungua kwa kuzighana.,,,
review,substitution,n/i,7.0,idana,21,Hata idana nko moyo ela sio ini.,ndana,3,Ndana raw'o rafungilo.,,,
review,substitution,r/v,1.7,ringi,9,Kubulana ndekuw'etesia ringi,vingi,15,Bei ra vindo vingi ramerie kujoka.,,,
review,indel,o,3.6,ndo,5,Mufu na mnavu ndo ghuko hata machi nighelola mwanedu.,ndoo,18,Idime ni ituku jipoiye ja iruwa na ndoo kuela kabisa,,,
review,indel,m,6.7,muende,3,Muende muoghe iri Mindi kwanza.,uende,20,Jeko ilaghoki mundu kufuma mzawo na uende uwike maranu ghake,,,
review,indel,e,6.7,ekaba,3,Ni umu wa ija timu ekaba mpira.,kaba,20,Diende kaba mpira,,,
review,indel,',2.3,w'anekwa,7,w'anekwa irasi,wanekwa,16,Wanekwa ndembe remila,,,
review,indel,g,3.6,nama,18,Leka nije kwaza nama nijoke wulinyi,ngama,5,W'eenda skulu luma lwa kesho na ngama.,,,
review,indel,k,2.3,kwakunde,16,Kwakunde kulow'olwa?,wakunde,7,Uhuu muisanga wakunde kwenda kimbiri.,,,
review,indel,k,1.1,kwawo,11,Mwai wapo waghalie kwawo.,wawo,12,Waka wawo.,,,
review,indel,u,6.7,ghuja,20,Ghuja wasi kuko nagho kughorie Mlingu ukutesie,ughuja,3,Lakini dikaghora ughuja ghwa kitambo ghuwuye ngera ghwakaiya afadhali,,,
review,indel,w,3.6,mkape,18,Nani umbwaghie na mkape mtini?,mkwape,5,Mkwape nio kilongozi wa kampuni idakoni.,,,
review,indel,l,2.8,ima,17,Ima dipate mawughanga aha mzedu,lima,6,Wandu irandadu waenda lima mbuwa,,,
review,indel,a,4.8,icha,4,Dibora chumbo ilinga njumwa icha ikanisenyi?,ichaa,19,njumwa ichaa naw'ew'uya kedu,,,
review,indel,a,1.9,aina,8,Ijo itunda jeka aina zima.,ina,15,Miaka rapo ni mrongo ina na ina.,,,
review,indel,m,2.8,ngua,6,Ngua radaonga mifugho bagha,nguma,17,Nguma ya Jesu.,,,
review,indel,k,3.6,masaa,18,Agha masaa gha nadime ni gheoresha.,masaka,5,Wekunda kuenda mlimenyi wende wona masaka.,,,
review,indel,k,4.8,kudima,19,Nyonyi ridima kudima nicha,udima,4,Kila mundu udima kurumaghia ukapatwa ni matimo ghizamie,,,
review,indel,',4.8,w'ongo,19,W'ongo,wongo,4,Kulole wongo ghoumba nyungu,,,
review,indel,w,6.7,akili,20,Nguvu ya akili ni muhoimu,wakili,3,Mbaa wa isanga wazamilo sana ondasikira seji uo wakili ubonyere.,,,
review,indel,h,6.7,makajhi,3,Kilimo cha makajhi,makaji,20,Makaji ndeghiko kinyangenyi,,,
review,indel,w,6.7,ghadareda,20,Wuvivu ghadareda wuzumba gwa hali ya juu,ghwadareda,3,Wukame ghukazidi ghwadareda maafa mabaa kwa wakulima na walisha,,,
review,indel,j,3.6,ndeiko,18,Ngasu ingi ndeiko,ndejiko,5,Ndejiko ilaghoa jikurie jisimwagha kwa kujifunya.,,,
review,indel,d,1.9,ina,15,Miaka rapo ni mrongo ina na ina.,inda,8,Chala chimweri ndechibaragha inda.,,,
review,indel,o,1.9,ow'uya,8,Ow'uya maindi maduu kufuma uw'urie mkongo.,w'uya,15,W'andu w'eka na w'uya mzima mzima.,,,
review,substitution,v/m,6.7,madima,3,Madima gha mburi ghesinga,vadima,20,Vichuku vadima kureda maghaluso ghiboie.,,,
review,substitution,e/a,6.7,uenda,3,Mrighiti omdumikia mkongo uenda vika wughangenyi.,uende,20,Jeko ilaghoki mundu kufuma mzawo na uende uwike maranu ghake,,,
review,substitution,r/v,1.3,naro,13,Kwawenda hao na mburi ra mzedu na apa olegha naro?,navo,10,Wandu wekundikia wiheshimu vilambo vose daweishi navo.,,,
review,substitution,v/b,2.3,boro,7,Ihi ni boro ya Ng'ombe,voro,16,Voro ra kutua.,,,
review,substitution,n/d,3.6,daweenda,5,Daweenda kota mbia,naweenda,18,Naweenda chaghunyi didedanye lumalwakenyi.,,,
review,substitution,i/o,2.3,awi,7,Midi maghana awi ghademwa ni waisanga kutesea iaghi ja skulu,awo,16,Awo wose ni wawiwi.,,,
review,substitution,z/d,6.7,madima,3,Madima gha mburi ghesinga,mazima,20,Elimu yadima kufungua minyango yeenda masanga mazima.,,,
review,substitution,o/a,6.7,awa,20,Awa wiwae widima kupata.,owa,3,Chienyi kwake owa midi kufuma Wuimgereza,,,
review,substitution,r/s,2.8,ridima,17,Nyonyi ridima kurama ighu,sidima,6,Sidima nikaie na mwai ughokie na unitirire ngolo,,,
review,substitution,s/d,4.8,kudima,19,Nyonyi ridima kudima nicha,kusima,4,Ndekune kighirio kibaa chedima kusima kukunda kubonya.,,,
review,substitution,a/e,1.3,nadeka,10,Nadeka mswara nighuje na mariwa ghivimbie idime.,nedeka,13,Nakunda kumangu ngera nedeka oho.,,,
review,substitution,y/r,6.7,raenga,20,Gheni ghaja magome nerepatagha matini matini ghechaw'uya milioni raenga.,yaenga,3,Aja koko na mighondi yaenga.,,,
review,substitution,v/r,1.6,riko,14,Nguwo riko rielie ni muhimu,viko,9,Wandu wakundikia vilambo viko navo karibu na eweweni.,,,
review,substitution,z/l,1.9,kulima,15,Kwaweenda mbuwenyi kulima na kuwaa mapemba .,kuzima,8,Maisha ghikaendelia huwu didafuma dende kuzima.,,,
review,substitution,n/r,1.1,bana,12,Neka na wada bana,bara,11,Naenda bara magho,,,
review,substitution,i/a,6.7,vadima,20,Vichuku vadima kureda maghaluso ghiboie.,vidima,3,Vichula vidima kukaia na lwaka lughokie.,,,
review,substitution,a/i,2.8,chua,6,Chongonyi kwake kwa chua maghesho pacha,chui,17,Wakabilwa chui,,,
review,substitution,m/w,4.8,majibu,19,"Dikengia kwa malagho gha mashomo, wana wabonyere mtihani ghwa klasi cha wunyanya kwawona agha majibu ghifumie gha mwaka ghusirie na irija miaka ra nanyuma",wajibu,4,Kila mndu oko na wajibu ghtuza isanga na wurumwengu ghodu.,,,
review,substitution,z/d,2.3,meda,7,Meda na ndiwa rachua machi.,meza,16,Soghora meza,,,
review,substitution,a/o,1.6,nacha,9,Nacha nyumbenyi,nacho,14,Chuo chako neko nacho mzinyi pedu,,,
review,substitution,r/a,6.7,awa,20,Awa wiwae widima kupata.,rwa,3,Rwa nguwo ra ishima,,,
review,substitution,a/e,2.3,nienda,7,Naweghenda mbuwenyi nienda lola mbogha na wijomba veja lumalwakenyi.,niende,16,Nazerwa niende rapo,,,
review,substitution,i/a,6.7,nafuma,20,Vua mbaa yeninyea igua nafuma kudiwenyi.,nifuma,3,Ngera nifuma ughu w'ungara lii ghwanisira ndighi,,,
review,substitution,a/e,4.8,kuhoresha,19,Mrighiti wodetesia kuhoresha maumivu gha mkongo.,kuhoreshe,4,Kukasilwa ni ndighi kuhoreshe!,,,
review,substitution,v/k,3.6,mkono,5,"Ighesho jezoya skilu ,bishi kijijinyi kedu jedeughwa mkono ni jamii ndazi",mvono,18,Ukaniw'anga kwa mvono ghwake.,,,
review,substitution,u/a,3.6,kamba,18,Kwahuwo kwawona kwa ihi ngelo ya miaka inya wakundikie wirude kamba zaidi,kumba,5,kumba tindi riwuro,,,
review,substitution,o/i,6.7,chiko,20,Hachi ni msingi ghwa kichuku chiko na afya.,choko,3,Ihii bahari eka na sangagha ghwa choko.,,,
review,substitution,u/i,6.7,kinywa,3,Kinywa waghorie w'atandikilo kwa kavui dakika ikumi na isanu.,kunywa,20,Kuseliwe kunywa machi gha kutosha,,,
review,substitution,w/n,1.3,naja,13,Kifu chweniluma angu naja mngulu mlazi.,waja,10,Awa wabonya nicha ela waja wabonya nicha na ndighi.,,,
review,substitution,l/d,1.3,kuduka,13,Kuseliwe kuduka kiisanduku chako cha vindo va nadime,kuluka,10,Siichi kuluka iridia,,,
review,substitution,b/p,4.8,jiboie,19,Ituku jimu jiboie dimkase Mlungu.,jipoie,4,Mavuda gheko na irumba jipoie,,,
review,substitution,a/u,3.6,kapata,5,Kapata ndongolo kusedaghe washilu.,kupata,18,Awa wiwae widima kupata.,,,
review,substitution,r/n,6.7,nafuma,20,Vua mbaa yeninyea igua nafuma kudiwenyi.,rafuma,3,Ngondi rafuma kwa fwandi,,,
review,substitution,b/d,4.8,adabu,4,Adabu remfundisha.,adadu,19,Orevina na uo mwanaw'aka kwa masaa adadu.,,,
review,substitution,p/m,1.9,kulima,15,Kwaweenda mbuwenyi kulima na kuwaa mapemba .,kulipa,8,Kulipa wushuru ni ijukumu ja kila muizanga,,,
review,substitution,o/a,1.1,bara,11,Naenda bara magho,bora,12,Wandu wekundikie wijenge kichuku bora.,,,
review,substitution,e/i,1.6,meri,9,Oka na meri ikenda.,miri,14,Kila mndu woko na miri na asili yake,,,
review,substitution,b/t,1.9,baa,8,Baa w'awi kuchumba umweri.,taa,15,Ihii chia yeko na taa ra chienyi.,,,
review,substitution,c/j,4.8,chedu,19,Wusalama ni kipaumbele chedu,jhedu,4,Isanga jhedu jeko na sere,,,
review,substitution,v/r,2.8,righokie,17,Iri nguwo reko na rangi righokie.,vighokie,6,Ihii nyumba yeko na viumba vibaa vighokie.,,,
review,substitution,i/a,1.9,ana,8,Maghi ana ghachika.,ina,15,Miaka rapo ni mrongo ina na ina.,,,
review,substitution,i/a,4.8,wadeka,4,Mka wapo wadeka vindo visingie.,wadeki,19,Wadeki wawedekia sahani jingi niseriwonie.,,,
review,substitution,a/k,3.6,ghuao,5,Mzi mbaa ghwa Kenya ni ghuao?,ghuko,18,Mufu na mnavu ndo ghuko hata machi nighelola mwanedu.,,,
review,indel,',6.3,w'erekoghe,19,W'erekoghe w'ughenyu kiw'ada?,werekoghe,3,Kala wandu werekoghe wikisikira Mwalimu wawo.,,,
review,indel,i,1.8,krisimasi,8,Mizi rimu radima kuja nyama ituku ja Krisimasi jiekeri.,krismasi,14,Aba waniguiya ishati jimweri na mvuto rerwa krismasi.,,,
review,indel,i,2.7,mitihani,6,"Kedi w'ei kaw'ona wikunde w'iide mitihani, ni suti w'imanye ivo viteto",mtihani,16,Wowuduka mtihani,,,
review,indel,a,6.3,nadima,19,Nadima kusikira lwaka lwa ndege,ndima,3,Linu ni ituku ja ndima ya Bwana.,,,
review,indel,k,2.1,kwapoilwa,15,Kwapoilwa ni chombo?,wapoilwa,7,Wana wapoilwa ni kucheza mpira.,,,
review,indel,r,1.4,izamie,13,Oka na tabia izamie.,rizamie,9,Wandu wamu wadakaiya nyumbenyi rawo eri kuepuka hali rizamie ra hewa,,,
review,indel,w,2.1,ghawo,15,"Dedimeghe kuwona shimba, chovu, ndigha katika mazingira ghawo",ghwawo,7,Wanake wefwana kufundishwa tabia ripoiya kowokia mwanake ghwawo,,,
review,indel,w,4.5,kuzighana,18,Chungua kwa kuzighana.,kuzighanwa,4,Wana wadakunda kuzighanwa nicha,,,
review,indel,',2.7,w'ambedu,6,nasigha w'ambedu w'ikishoma,wambedu,16,Inimoni na wambedu dedeboisa visuka vina.,,,
review,indel,m,1.8,lisha,8,Dwiaenda lisha mrongo mbaghonyi.,mlisha,14,Mlisha wapo.,,,
review,indel,e,2.7,oenda,16,Oenda shwaw'ori mpande ghwa nguro ya goli.,onda,6,Endenyi onda mifugho redu wana wapo.,,,
review,indel,i,2.7,wekundika,6,Wandu wekundika wikae kindo chimweri.,wekundikia,16,Wandu wekundikia wikae na ngolo ya kazi.,,,
review,indel,o,2.7,nde,6,Mkapo wapo woghenda kwa nde.,ndeo,16,Nechi ini ni ndeo?,,,
review,indel,k,4.5,cheko,18,Charo chipoiye cheko na malipo ghipoiye,cheo,4,Wojoswa cheo.,,,
review,indel,y,1.8,ghipoie,14,Iihi skulu yaka na mafundisho ghipoie.,ghipoiye,8,Bahari yeko na mawimbi ghipoiye,,,
review,indel,k,2.7,kuzighane,16,Imbiri kuseruwukie mtandara kuzighane mtorori,uzighane,6,Kilongozi wa mzedu ungirie ghadi uche uzighane umanye aha shida iko.,,,
review,indel,d,3.4,dima,5,Kazi kwa bidii ya dima kureda marasimio mabaa.,ima,17,Ima dipate mawughanga aha mzedu,,,
review,indel,r,2.7,ipoie,16,Lukundo ni hisia ipoie,ripoie,6,Oho kwameria kusikia maza ripoie.,,,
review,indel,i,2.7,nasikira,16,nasikira sa lwaka lwako,naskira,6,Naskira Shimba yaruruma,,,
review,indel,w,1.2,ghadima,10,Matuku ghadima kukaiya na wasi.,ghwadima,12,Wutamaduni ghwadima kukusanya wandu.,,,
review,indel,r,4.5,ndeiko,18,Ngasu ingi ndeiko,nderiko,4,Ndighi nderiko.,,,
review,indel,i,1.8,baa,8,Baa w'awi kuchumba umweri.,ibaa,14,Iji igare jeka na injini ibaa.,,,
review,indel,y,2.7,awo,16,Awo wose ni wawiwi.,yawo,6,Kila wandu weko na mizango yawo winugha,,,
review,indel,r,6.3,ichaa,19,njumwa ichaa naw'ew'uya kedu,richaa,3,Njumwa iw'i richaa.,,,
review,substitution,w/d,2.7,ado,6,Ado bengi ya w'urumwengu eko isanga jiao?,awo,16,Awo wose ni wawiwi.,,,
review,substitution,e/a,2.7,wakundikia,6,Wangu wakundikia kukaa na mawono malazi.,wekundikia,16,Wandu wekundikia wikae na ngolo ya kazi.,,,
review,substitution,a/u,6.3,kameria,3,Kwachora kameria,kumeria,19,Ni kiwiwi kulwmwa kumeria chaghu cha wandu,,,
review,substitution,w/r,2.1,gharo,7,Mdi ghwadamanyika kwa matunda gharo.,ghawo,15,"Dedimeghe kuwona shimba, chovu, ndigha katika mazingira ghawo",,,
review,substitution,a/e,2.7,nasikira,16,nasikira sa lwaka lwako,nasikire,6,Nasikire w'ei mdaw'ana wako ochaghira mwana wa w'andu?,,,
review,substitution,v/p,1.8,pedu,8,Sigha nighende pedu niwone mao na wanidu,vedu,14,Vadu vedu valaghaya.,,,
review,substitution,n/k,2.7,kasikira,6,Kasikira lufu kuche ifonyi icho,nasikira,16,nasikira sa lwaka lwako,,,
review,substitution,n/w,1.2,navika,10,"Navika idukeni, nikakua jhafungwa",wavika,12,Waaghi wavika.,,,
review,substitution,a/e,1.8,kuw'ika,14,Osighirilwa kwa kuw'ika mafungu.,kuw'ike,8,Kupange imbiri na kuw'ike magome ghikate nambai,,,
review,substitution,u/o,6.3,mikono,3,Oghosha mikono yako na sabuni,mikonu,19,Wawebonya kazi sa mundu ochukie mikonu.,,,
review,substitution,p/v,2.1,penyu,15,Waghenja mifugho rape machinyi kila luma lwa penyu.,venyu,7,Dichatesia vipughi venyu vose.,,,
review,substitution,r/l,1.8,kalamu,14,Ihii kalamu eko na wino ghupoie.,karamu,8,Karamu esia nakio nandighi.,,,
review,substitution,w/n,6.3,namanya,19,Namanya ngolo yapo yakunde kulowua Samba,wamanya,3,Mlungu nio wamanya agho ghose gheka mkonunyi kwape.,,,
review,substitution,k/w,2.7,kabonya,6,Kuhee kabonya kaung'a,wabonya,16,Mzuri uhuu wabonya malagho ghake kwa chia ipoie.,,,
review,substitution,a/e,1.2,w'azerwa,12,W'akatili w'azerwa w'eko ichenicho kifumbu.,w'ezerwa,10,W'ana w'ezerwa ni w'alimu w'isedede Kidaw'ida skulunyi,,,
review,substitution,m/d,6.3,adadu,19,Orevina na uo mwanaw'aka kwa masaa adadu.,adamu,3,Shimba radaja w`adamu pia,,,
review,substitution,k/s,4.5,kuvika,18,Nawona seji sidimagha kuvika.,kuvisa,4,Kusetime kuvisa wuloli,,,
review,substitution,i/a,3.4,raghokie,5,Iri nguwo raghokie shuu.,righokie,17,Iri nguwo reko na rangi righokie.,,,
review,substitution,k/v,4.5,kifwa,18,Ulemwa kusikira nde na mae ufo kifwa,vifwa,4,Nuo oreshekerieghe vifwa va maelfu gha w'andu.,,,
review,substitution,a/e,1.2,w'acha,12,W'andu w'acha na iseghe kumtesia mkongo,w'echa,10,W'azighaniri w'echa w'a manosi gha Mlungu.,,,
review,substitution,w/m,6.3,kimonu,19,Kwani ndokumanyire? Wadambie kimonu mori ghusirie,kiwonu,3,Wajiwadia kiwonu,,,
review,substitution,j/r,1.2,jija,10,Ituku jija chumbo riborwa,rija,12,Rija ngelo ni seji icho kifumbi cheka na kazi iw'i.,,,
review,substitution,n/m,6.3,madima,3,Madima gha mburi ghesinga,nadima,19,Nadima kusikira lwaka lwa ndege,,,
review,substitution,e/o,2.1,ndembe,15,Wanekwa ndembe remila,ndembo,7,Nawelola ndembo niwe,,,
review,substitution,n/s,6.3,diw'one,3,Diende kiw'acheni diw'one misarigho,diw'ose,19,W'esera diende diw'ose,,,
review,substitution,u/a,2.7,ghaboie,6,Machungwa ghaboie sana kwa muw'i.,ghuboie,16,Ihi bahari eko na mvuto ghuboie.,,,
review,substitution,m/k,6.3,kuende,19,Mao waghora kuende deka wazughwa.,muende,3,Muende muoghe iri Mindi kwanza.,,,
review,substitution,b/a,2.7,maembe,16,Nideogha nendafuma kurura maembe.,mbembe,6,Ihi fwandi ndeiwadie mbembe,,,
review,substitution,a/s,1.8,aina,8,Ijo itunda jeka aina zima.,sina,14,Sina wuya ghungi,,,
review,substitution,r/j,1.2,jiao,10,Oho koko na irumirio jiao,riao,12,Ndodo rako ni riao?,,,
review,substitution,t/d,6.3,nadima,19,Nadima kusikira lwaka lwa ndege,natima,3,Natima kurugha mnyango,,,
review,substitution,l/y,2.7,nilo,6,Lukundo nilo lupoie,niyo,16,Ija niyo mali ivisiro.,,,
review,substitution,r/j,3.4,jidima,5,Iji igare jidima kuvuta mizigo ilemere.,ridima,17,Nyonyi ridima kurama ighu,,,
review,substitution,v/w,4.5,kuvika,18,Nawona seji sidimagha kuvika.,kuwika,4,Kuwika magome ni ishomo muhimu saana kwa zoghori,,,
review,substitution,n/w,2.7,nanekwa,6,nanekwa rusa ni mao,wanekwa,16,Wanekwa ndembe remila,,,
review,substitution,s/b,4.5,kubora,18,Naichi kubora shuu,kusora,4,Kila mndu wadima kusora kwa kutuza isanga.,,,
review,substitution,a/u,4.5,kara,4,Kara kara na mabonyo ghako,kura,18,Kuseliwe kura kofia ya wusalama,,,
review,substitution,k/l,3.4,loka,5,Ela dendapwana loka ni lukundo,lola,17,"Lomba, Lola.",,,
review,substitution,a/e,3.4,chija,17,Kitabu chija chaghokelo ni malagho shuu.,chije,5,Chije kilole chachika,,,
review,substitution,o/u,4.5,ocha,18,Ocha kwapo ighuo,ucha,4,Ucha ghudishwa,,,
review,substitution,r/y,1.2,rasia,12,Wokoni rasia,yasia,10,Kalamu yasia wwino,,,
review,substitution,w/r,1.8,niro,14,Aha dalima sukuma na tindi niro niwonagha rawebonya nicha zaidi aha dawida.,niwo,8,Uo niwo uwiseragha wabaa.,,,
review,substitution,u/o,3.4,ngoma,5,Waichi kukaba ngoma.,nguma,17,Nguma ya Jesu.,,,
review,substitution,e/o,2.1,ereka,7,Kala ereka ngasu kulowolwa ni mkoloni.,oreka,15,Ija miaka yape ya imbiri oreka msuse.,,,
review,substitution,e/a,2.7,kutumia,16,Ndouichi kutumia magome nicha.,kutumie,6,Kutumie magome nicha,,,
review,substitution,a/i,4.5,kamba,18,Kwahuwo kwawona kwa ihi ngelo ya miaka inya wakundikie wirude kamba zaidi,kambi,4,Chumba cha w'aka w'iko na misigo chaaghilo hospitali ya Kambi Ra Punda.,,,
review,substitution,p/r,2.1,penyu,15,Waghenja mifugho rape machinyi kila luma lwa penyu.,renyu,7,Rashuenyi ngolo renyu,,,
review,substitution,n/m,1.2,mamba,12,Omba umilo ni mamba.,namba,10,W'ubaa ghwa chadu chapo ni kufuma namba ya ikenda mpaka namba ikumi na imweri.,,,
review,substitution,u/a,3.4,ngama,5,W'eenda skulu luma lwa kesho na ngama.,nguma,17,Nguma ya Jesu.,,,
review,substitution,o/e,2.7,efwana,16,W'andu efwana w'itumie magome karakara na wuezo ghwaw'o.,ofwana,6,Ofwana utane na ugho w'ukelu.,,,
review,substitution,y/m,1.8,manya,8,Manya mazingira ghako,yanya,14,Vua yanya dime ghadi,,,
review,substitution,o/i,4.5,icha,4,Dibora chumbo ilinga njumwa icha ikanisenyi?,ocha,18,Ocha kwapo ighuo,,,
review,substitution,i/o,3.4,lila,5,Leka lila,lola,17,"Lomba, Lola.",,,
review,substitution,d/n,2.1,dalomba,7,Dalomba Mlungu malagho ghape ghiboo.,nalomba,15,Nalomba kunitesie na chaghu ichi,,,
review,substitution,o/a,3.4,lala,5,W'andu w'ose w'aw'eghenda lala nokoo,lola,17,"Lomba, Lola.",,,
review,indel,a,6.0,akaunti,3,Ndouw'adie akaunti ya bengi.,kaunti,18,Kuw'itesia kuboisa ugho w'asi ghwa mano aghadi ya iro kaunti idadu.,,,
review,indel,e,6.0,mbeonyi,18,Nyonyi rose ra mbeonyi nariichi.,mbonyi,3,Mbonyi biashara wawebonya biashara.,,,
review,indel,e,6.0,naweenda,18,Naweenda chaghunyi didedanye lumalwakenyi.,nawenda,3,Nawenda kama Ng'ombe,,,
review,indel,v,2.5,ina,15,Miaka rapo ni mrongo ina na ina.,vina,6,"Kiture, vina na midegho.",,,
review,indel,w,2.0,chakule,7,Chakule radakundika ridumbulo,chwakule,14,Chwakule ndacha ravisa wuchafu,,,
review,indel,h,2.0,kughua,7,Kuaeliwe kughua vilambo va fwana,kugua,14,Otumia magome ghape ghose orew'ikieghe kugua igare.,,,
review,indel,k,1.6,ana,8,Maghi ana ghachika.,kana,13,Nalomba kunidumie aghaje magome gheenda whughangenyi nakunda nifume aha kiramka kana.,,,
review,indel,k,2.5,ina,15,Miaka rapo ni mrongo ina na ina.,kina,6,Kina chakotwa,,,
review,indel,',6.0,m'mbi,18,Vindo vipoie wadawowekesha m'mbi.,mmbi,3,Matunda na mbogha ni suti kwa mmbi,,,
review,indel,n,1.3,wei,12,Waghorie wei i kuchanisigha.,weni,9,Mwalale mana weni kombo mwanyama huwo.,,,
review,indel,s,6.0,mara,3,W'andu w'anekwa kumara-mara ichia na ichia.,msara,18,Mfu ghwa msara ndeghuko,,,
review,indel,w,2.0,idima,14,Ihi ndege idima kuduka wandu.,widima,7,Awa wiwae widima kupata.,,,
review,indel,e,3.2,ndeo,16,Nechi ini ni ndeo?,ndo,5,Mufu na mnavu ndo ghuko hata machi nighelola mwanedu.,,,
review,indel,u,2.0,kacha,7,Kacha nadime kumwona,ukacha,14,Ukacha kavui na andu nerekoghe kimusi.,,,
review,indel,n,3.2,awo,16,Awo wose ni wawiwi.,nawo,5,Nawo wichapata ndighi mbishi.,,,
review,indel,h,3.2,garama,16,Sidimie kushoma kwa wundu ghwa garama ra skulu ya mashomo gha ighu.,gharama,5,Hebu ghesha iro gharama rose diritumie.,,,
review,indel,j,2.5,jose,15,Irughu Jose jawurwa,ose,6,Mngulu wape ose ononeka kuzoyenyi kwa kimu chekuw'ida.,,,
review,indel,m,1.6,mvui,8,koka mvui,vui,13,Yasighwa ngelo vui.,,,
review,indel,f,2.0,kufwa,14,W'ose w'izamilwagha ni ini w'eekunda kufwa.,kuwa,7,Kuwa mbogha,,,
review,indel,u,4.2,racha,4,Racha wele,rachua,17,Izi rachua.,,,
review,indel,k,2.5,kwalegha,6,Kwalegha kughala,walegha,15,Nienda wona mao ini niekeri kama wanidu walegha,,,
review,indel,d,6.0,ndediko,3,Ndediko na hachi,ndeiko,18,Ngasu ingi ndeiko,,,
review,indel,r,6.0,kuboa,3,Waghenyi wa loli wadakutesia kuboa na kujielelwa.,kubora,18,Naichi kubora shuu,,,
review,indel,m,4.2,kulomba,17,Kulomba w'utesia nakesho.,kumlomba,4,Kumlomba Mlungu na kubonya kazi,,,
review,indel,i,1.6,misigo,8,Misigo yadukwa ni mchungu,msigo,13,Kila mndu udaghuduka msigo ghwake iyonge.,,,
review,indel,j,2.5,ina,15,Miaka rapo ni mrongo ina na ina.,inja,6,Inja machu ghako.,,,
review,substitution,p/f,6.0,w'efwana,18,W'aisanga w'efwana w'iw'adane eri kutesiana kuboisa malagho ghaw'o.,w'epwana,3,W'epwana Rwanda mwaka ghusirie.,,,
review,substitution,i/u,2.0,kuw'ika,14,Osighirilwa kwa kuw'ika mafungu.,kuw'uka,7,Kuw'uka na chirichiri,,,
review,substitution,a/o,1.6,isaka,8,Naenda dema isaka,isoka,13,Watumia isoka kubara mbande,,,
review,substitution,p/k,6.0,mkake,3,Mkake ni sa ngolo yake cheni.,mkape,18,Nani umbwaghie na mkape mtini?,,,
review,substitution,r/k,1.3,viko,9,Wandu wakundikia vilambo viko navo karibu na eweweni.,viro,12,Mchakuw'ida viro.,,,
review,substitution,m/u,2.0,mkaie,7,Namvoya w'anedu mkaie sa iji koni niko.,ukaie,14,Ghenda Mlungu ukaie chia imweri na oho,,,
review,substitution,y/s,4.2,kuw'usa,4,Oreghorua mkonu kuw'usa mfuko ghwape.,kuw'uya,17,Kuw'uya nyuma ndekuko putu,,,
review,substitution,l/k,1.3,wuki,12,Nakundaa wuki.,wuli,9,Kukawuka kuale wuli,,,
review,substitution,i/a,2.0,mbao,14,Kuseide mbao kima,mbio,7,Iri igare jaweenda mbio.,,,
review,substitution,r/f,2.5,kifumbu,15,Iyo mizozo yareda w'ow'a kwa icho kifumbu.,kirumbu,6,Kwamrusha kirumbu cha w'ubaa na hishima.,,,
review,substitution,y/k,6.0,kamba,18,Kwahuwo kwawona kwa ihi ngelo ya miaka inya wakundikie wirude kamba zaidi,yamba,3,Boboro yamba ilunguo ara churia machi,,,
review,substitution,o/e,1.1,weka,11,Wandu weka na kiwiwi na isi.,woka,10,Mwai uhu woka na kifu/mzigo,,,
review,substitution,e/a,3.2,kulindia,16,Defwana kulindia mazingira,kulindie,5,Kulindie kungiria malagho gha w'andu.,,,
review,substitution,n/r,6.0,naweenda,18,Naweenda chaghunyi didedanye lumalwakenyi.,raweenda,3,Iri nyonyi raweenda mda mlacha.,,,
review,substitution,e/a,1.3,wameria,12,"Nao ukachiwada kikombe, ngera iji wameria wafunya chawucha.",wamerie,9,Jesu wamerie ghose.,,,
review,substitution,u/i,1.6,ndeghiko,13,Maghanga ndeghiko,ndeghuko,8,Mfu ghwa msara ndeghuko,,,
review,substitution,o/i,2.5,wiki,6,Weke mao wadakaia na vama vawo va kila wiki,wiko,15,Awo wose wiko moyo.,,,
review,substitution,b/p,3.2,nadaboilwa,5,Matuku ghose nadaboilwa ni kudedanya na waghenyu.,nadapoilwa,16,Matuku ghose nadapoilwa ni kushoma vuo,,,
review,substitution,d/j,2.5,diko,15,Mao odeka ukighora nandighi diko shighadi dikimsikira,jiko,6,Igho jiko moyo na iyo mbari ya wueli.,,,
review,substitution,e/a,6.0,nawaenda,3,Nawaenda ela simanyire ngera ni wuya.,naweenda,18,Naweenda chaghunyi didedanye lumalwakenyi.,,,
review,substitution,o/e,6.0,cheko,18,Charo chipoiye cheko na malipo ghipoiye,choko,3,Ihii bahari eka na sangagha ghwa choko.,,,
review,substitution,a/e,4.2,kuw'uya,17,Kuw'uya nyuma ndekuko putu,kuw'uye,4,Ni kihi chakubonya kuw'uye mzinyi?,,,
review,substitution,w/n,3.2,nasikira,16,nasikira sa lwaka lwako,wasikira,5,Uhuu mzuri wasikira wandu wake.,,,
review,substitution,u/o,2.0,mbao,14,Kuseide mbao kima,mbau,7,Mbau rejighwa ni msaghu,,,
review,substitution,d/k,1.6,kedi,13,Wandu wadajikalia weni kedi kukafwa kwada na mali rako,keki,8,Keki yawurwa.,,,
review,substitution,r/n,1.6,naja,13,Kifu chweniluma angu naja mngulu mlazi.,raja,8,Nyoni iro raja wadudu wipoie.,,,
review,substitution,a/o,1.6,kunya,13,Vua yeendelia kunya.,kunyo,8,Kaja manga kunyo machi malazi,,,
review,substitution,v/r,1.3,rasia,12,Wokoni rasia,vasia,9,Wokoni vasia,,,
review,substitution,n/r,6.0,nama,18,Leka nije kwaza nama nijoke wulinyi,rama,3,Rama na idirisha.,,,
review,substitution,p/b,6.0,mkabe,3,Mkabe na rungu noko icho kitoi,mkape,18,Nani umbwaghie na mkape mtini?,,,
review,substitution,a/e,1.1,kuoghosha,10,Idana nakunda kuoghosha wuchafu whose.,kuoghoshe,11,Tumbanya vilambo kuoghoshe,,,
review,substitution,k/w,1.3,kavika,9,Kavika nikukabia mwatulituli,wavika,12,Waaghi wavika.,,,
review,substitution,f/r,1.1,safu,10,Dawakora safu,saru,11,Saru ndeiwekata mbuwenyi,,,
review,substitution,p/k,1.6,ikwanyiko,8,Kazi ya ikwanyiko yadima kuka ipoiye zaidi,ipwanyiko,13,Ipwanyiko jenughiria ni lii?,,,
review,substitution,l/h,1.1,hee,11,Hee ni kavui,lee,10,Maghembe ghedu dighisighie mbuwenyi denda ghionda lee?,,,
review,substitution,n/j,6.0,jaweenda,3,Iri igare jaweenda mbio.,naweenda,18,Naweenda chaghunyi didedanye lumalwakenyi.,,,
review,substitution,s/m,1.3,mamba,12,Omba umilo ni mamba.,samba,9,Samba ukatumbulia.,,,
review,substitution,m/f,6.0,wafu,3,Andu kwa wafu,wamu,18,Wandu wamu wadakaiya nyumbenyi rawo eri kuepuka hali rizamie ra hewa,,,
review,substitution,v/j,6.0,jaw'o,3,W'andu w'engi w'ekiria kutini baada ya ishua jaw'o kuzama.,vaw'o,18,W'aka w'ape w'edukisha vilambo vaw'o vose kwa ngamila raw'o iw'i.,,,
review,substitution,v/l,2.5,ola,15,Ola sikirenyi.,ova,6,Uja mka ova mwana icho,,,
review,substitution,r/f,2.0,kufwa,14,W'ose w'izamilwagha ni ini w'eekunda kufwa.,kurwa,7,Kuseliwe kurwa vadu va wusalama,,,
review,substitution,w/v,1.3,vawo,9,"Na ngera kama niwupande ghobonya kama zoghori huwu wakati wandu wawa vindo vawo, mwauzira masanga ghia na ghia?",wawo,12,Waka wawo.,,,
review,substitution,u/i,1.3,kiramka,9,Nalomba kunidumie aghaje magome gheenda whughangenyi nakunda nifume aha kiramka kana.,kuramka,12,Nidakunulwa iridia ikavika kuramka-kasanu.,,,
review,substitution,j/w,2.5,jiko,6,Igho jiko moyo na iyo mbari ya wueli.,wiko,15,Awo wose wiko moyo.,,,
review,substitution,l/m,1.1,chala,11,Chala chimweri ndechibaragha inda.,chama,10,Orebonya chama cha siasa kiw'ishi.,,,
review,indel,w,3.0,wai,15,Ni ncha wai na wadawana wishome,wawi,5,Wandu wawi waguagha na wishorombote.,,,
review,indel,s,2.3,idima,14,Ihi ndege idima kuduka wandu.,sidima,6,Sidima nikaie na mwai ughokie na unitirire ngolo,,,
review,indel,',5.7,w'aghorie,3,W'aghorie ukaiya na makuw'ido mabaa nandighi kimu chichaa.,waghorie,17,Waghorie wei i kuchanisigha.,,,
review,indel,d,5.7,nideka,3,Icho nideka mkongo nikaenda wughangenyi.,nieka,17,Naw'aenda idukeni nieka,,,
review,indel,k,3.0,kusea,5,Olrelegha kusea basinyi.,kuseka,15,Siwuriagha kuseka.,,,
review,indel,w,3.0,kafuma,5,kafuma nakio kusewuye aha,kwafuma,15,Kwafuma kwa weni ani aho cha Rong'e,,,
review,indel,',1.2,yaw'enya,9,Seji daw'ededanya huw'u vua yaw'enya,yawenya,11,Vua yawenya nakio,,,
review,indel,n,1.5,baa,8,Baa w'awi kuchumba umweri.,bana,12,Neka na wada bana,,,
review,indel,a,5.7,mada,17,Chuilwa mada.,mda,3,Iri nyonyi raweenda mda mlacha.,,,
review,indel,o,2.3,fwana,14,Kuaeliwe kughua vilambo va fwana,ofwana,6,Ofwana utane na ugho w'ukelu.,,,
review,indel,',2.3,diw'eni,14,Dikundane diw'eni kwa diw'eni.,diweni,6,Dauza daendagha hata Mombasa daendagha hata wundanyi anya mzedu pia dadazungushirana diweni kwa diweni.,,,
review,indel,k,1.5,kwavika,8,Kuvika aha kwavika,wavika,12,Waaghi wavika.,,,
review,indel,w,4.0,ipoie,16,Lukundo ni hisia ipoie,wipoie,4,Nyoni iro raja wadudu wipoie.,,,
review,indel,',1.5,w'ameria,8,W'ameria kushoma icho chuo,wameria,12,"Nao ukachiwada kikombe, ngera iji wameria wafunya chawucha.",,,
review,indel,',3.0,w'aruna,15,Odeka na w'aruna w'a tee.,waruna,5,Mghenyi wapo wacha na waruna wa waka wikoie shuu,,,
review,indel,r,4.0,efwana,16,W'andu efwana w'itumie magome karakara na wuezo ghwaw'o.,refwana,4,Iri nguku refwana riaghilo kitang'ara.,,,
review,indel,',3.0,w'uzuri,5,naw'ona w'uzuri ghwake,wuzuri,15,Wutamaduni ghwa isanga jedu ni wuzuri,,,
review,indel,j,4.0,ipoie,16,Lukundo ni hisia ipoie,jipoie,4,Mavuda gheko na irumba jipoie,,,
review,indel,a,3.0,naw'aenda,5,Naw'aenda kwa mao na apa,naw'enda,15,naw'enda misarigho ya skuli,,,
review,indel,b,1.5,ana,8,Maghi ana ghachika.,bana,12,Neka na wada bana,,,
review,indel,i,1.0,namba,10,W'ubaa ghwa chadu chapo ni kufuma namba ya ikenda mpaka namba ikumi na imweri.,nambai,10,W'andu w'azerwagha w'iw'ike ifungu jimu nambai ja mapato ghaw'o.,,,
review,indel,m,3.0,kulima,15,Kwaweenda mbuwenyi kulima na kuwaa mapemba .,mkulima,5,Mkulima wawelima.,,,
review,indel,h,3.0,jhose,5,Walaghasha ighuri jhose,jose,15,Irughu Jose jawurwa,,,
review,indel,i,3.0,inimoni,15,Inimoni na wambedu dedeboisa visuka vina.,inmoni,5,Nekutika inmoni na isoka ja mao nikibara mbande,,,
review,indel,',1.0,waw'eenda,10,Nani waw'eenda idukenyi?,waweenda,10,Nyihi nedeghesha waweenda nyumbenyi.,,,
review,indel,e,3.0,endenyi,5,Endenyi onda mifugho redu wana wapo.,ndenyi,15,Ghwaighu ghudadukwa ni ghwa ndenyi.,,,
review,substitution,r/w,5.7,rachua,17,Izi rachua.,wachua,3,Wachua ighade.,,,
review,substitution,v/w,2.3,vedu,14,Vadu vedu valaghaya.,wedu,6,Ihii skulu yawatesia wadawana wedu.,,,
review,substitution,e/i,5.7,uje,3,Angu uje aba wamkunde mwana,uji,17,Kuweseree uji uhoo,,,
review,substitution,y/t,1.9,tabia,13,Wanake wefwana kufundishwa tabia ripoiya kowokia mwanake ghwawo,yabia,7,Mbeo yabia linu.,,,
review,substitution,o/a,1.2,weka,11,Wandu weka na kiwiwi na isi.,weko,9,Weko Wadawida walazi wiko shighadi ya Dawida,,,
review,substitution,t/j,3.0,jaa,5,Jaa mboa mboa,taa,15,Ihii chia yeko na taa ra chienyi.,,,
review,substitution,a/e,5.7,kulomba,17,Kulomba w'utesia nakesho.,kulombe,3,Kakunda kilambo kuzoye kulombe,,,
review,substitution,m/d,5.7,dada,3,Malagho ghaka mengi dada.,mada,17,Chuilwa mada.,,,
review,substitution,l/m,5.7,walola,3,Walola nyungu yape ukaisow'a.,wamola,17,Linu ni harusi ya Wamola.,,,
review,substitution,k/s,3.0,kumu,5,Nkila gonda ni irina ja andu kumu Ethiopia.,sumu,15,Choka reko na sumu,,,
review,substitution,a/u,1.9,waloli,7,Matuku ghose kuke waloli,wuloli,13,Ndodo rako radima kuka wuloli ghwa kesho,,,
review,substitution,a/e,3.0,kuseka,15,Siwuriagha kuseka.,kuseke,5,Kuseke tima kuniwada wushu ghwapo.,,,
review,substitution,e/i,5.7,cheja,3,Uhu uko na cheja umneke uhu mwana wasowa vindo,chija,17,Kitabu chija chaghokelo ni malagho shuu.,,,
review,substitution,j/r,2.3,jiko,6,Igho jiko moyo na iyo mbari ya wueli.,riko,14,Nguwo riko rielie ni muhimu,,,
review,substitution,a/u,1.5,w'acha,12,W'andu w'acha na iseghe kumtesia mkongo,w'ucha,8,Kio na dime yadifwane dimkase Mlungu kwa w'ucha ghwape.,,,
review,substitution,c/g,3.0,chawo,5,Choro chawo chiaghwagha kafwani.,ghawo,15,"Dedimeghe kuwona shimba, chovu, ndigha katika mazingira ghawo",,,
review,substitution,r/j,5.7,jachua,3,Itangi jachua machi,rachua,17,Izi rachua.,,,
review,substitution,w/n,4.0,nabonya,4,Nabonya waghenyi walazi bila kuobua.,wabonya,16,Mzuri uhuu wabonya malagho ghake kwa chia ipoie.,,,
review,substitution,f/d,2.3,kudwa,6,Kusekeliwa kudwa isanduku jako cha vindo va nadime,kufwa,14,W'ose w'izamilwagha ni ini w'eekunda kufwa.,,,
review,substitution,s/b,2.3,ibaa,14,Iji igare jeka na injini ibaa.,isaa,6,Mka wamuongosha mwana kwa isaa jimweri.,,,
review,substitution,a/e,4.0,kwakunda,4,Kwakunda nikutesie wada?,kwakunde,16,Kwakunde kulow'olwa?,,,
review,substitution,e/a,4.0,wekundikia,16,Wandu wekundikia wikae na ngolo ya kazi.,wekundikie,4,Wandu wekundikie wijenge kichuku bora.,,,
review,substitution,n/w,1.9,naro,13,Kwawenda hao na mburi ra mzedu na apa olegha naro?,waro,7,Pusi otoroka mndu waro.,,,
review,substitution,k/s,2.3,kina,6,Kina chakotwa,sina,14,Sina wuya ghungi,,,
review,substitution,k/n,1.5,kakunda,12,"Kakunda kupata magome, suti kubonye chaghu",nakunda,8,Nalomba kunidumie aghaje magome gheenda whughangenyi nakunda nifume aha kiramka kana.,,,
review,substitution,t/l,3.0,kulima,15,Kwaweenda mbuwenyi kulima na kuwaa mapemba .,kutima,5,Wadeki waboilwa kutima wudeki wugeni.,,,
review,substitution,z/j,5.7,uji,17,Kuweseree uji uhoo,uzi,3,Uhuu uzi wozama.,,,
review,substitution,o/e,3.0,ghesinga,15,Malaji gha kidawida ghesinga na chai cha rangi,ghosinga,5,Mswara gha mnyunya ghosinga,,,
review,substitution,y/p,3.0,penyu,15,Waghenja mifugho rape machinyi kila luma lwa penyu.,yenyu,5,Ndedidimagha kushinda timu yenyu.,,,
review,substitution,u/a,1.0,w'arighiti,10,W'arighiti w'alegha chaghu,w'urighiti,10,W'urighiti ghwa w'ukongo ghwa sukari ghwadimwa ni w'andu w'iko na magome.,,,
review,substitution,g/d,4.0,mindi,16,Mchezo gwa moira ghwa mindi ghwmanyikie,mingi,4,W'ana ndew'ikaiaa miaka mingi skulu.,,,
review,substitution,e/a,5.7,rachua,17,Izi rachua.,rechua,3,Nadime koko na kazi nyingi rechua.,,,
review,substitution,l/m,3.0,kulila,5,Kulila kwa kusowa sere.,kulima,15,Kwaweenda mbuwenyi kulima na kuwaa mapemba .,,,
review,substitution,d/n,1.9,dedeka,7,Isi dedeka ni wandu weshoma.,nedeka,13,Nakunda kumangu ngera nedeka oho.,,,
review,substitution,s/k,1.5,keki,8,Keki yawurwa.,kesi,12,Niko naghamba muche na mayo na ndeo di dede kesi,,,
review,substitution,r/d,5.7,mada,17,Chuilwa mada.,mara,3,W'andu w'anekwa kumara-mara ichia na ichia.,,,
review,substitution,p/b,4.0,chiboie,16,Kiswahili ni kiteto chiboie.,chipoie,4,Ndekune kilambo chingi chipoie sa kukia.,,,
review,substitution,u/m,5.7,ima,17,Ima dipate mawughanga aha mzedu,iua,3,Nani wadumbua Iua,,,
review,substitution,n/w,1.2,nafunya,9,Nafunya chaw'ucha,wafunya,11,"Nao ukachiwada kikombe, ngera iji wameria wafunya chawucha.",,,
review,substitution,h/n,1.9,haja,7,Sine haja na njau.,naja,13,Kifu chweniluma angu naja mngulu mlazi.,,,
review,substitution,a/i,1.5,raja,8,Nyoni iro raja wadudu wipoie.,rija,12,Rija ngelo ni seji icho kifumbi cheka na kazi iw'i.,,,
review,substitution,r/n,1.9,nedeka,13,Nakunda kumangu ngera nedeka oho.,redeka,7,Ngelo refunya chughano redeka luma lwa kenyi angu nakio,,,
review,substitution,i/n,4.0,kuboiye,4,Njama iboie yadima kughalusa wurumwengu kukaiya andu kuboiye.,kubonye,16,Matuku ghose tima kubonye mecha.,,,
review,substitution,y/n,4.0,nadapoilwa,16,Matuku ghose nadapoilwa ni kushoma vuo,yadapoilwa,4,Familia yapo yadapoilwa kuja andwamweri kila jioni,,,
review,substitution,m/v,1.9,munyu,13,Vindo ndevina munyu,vunyu,7,Nimanyaghan w'ada neka na vunyu?,,,
review,substitution,r/t,3.0,kora,15,Kora modo kudeke,kota,5,Daweenda kota mbia,,,
review,substitution,a/i,1.2,nacha,9,Nacha nyumbenyi,nachi,11,Nachi ozerwa w'ei wabonya miujiza ya tee.,,,
review,substitution,m/k,3.0,kitini,15,Malunji oka na chongo kitini.,mitini,5,Misele mitini mitini yadareda mafanikio mabaa.,,,
review,substitution,l/j,3.0,oja,5,Uja mwanawaka oja magome ghapo.,ola,15,Ola sikirenyi.,,,
review,substitution,k/p,3.0,kwaru,15,Naweboisa kitangara cha kwaru,pwaru,5,Ko kala korekoghe pwaru na mbisi.,,,
review,substitution,y/v,4.0,nivo,4,Sere na wutulivu nivo vilambo suti isangenyi.,niyo,16,Ija niyo mali ivisiro.,,,
review,substitution,l/r,2.3,nilo,6,Lukundo nilo lupoie,niro,14,Aha dalima sukuma na tindi niro niwonagha rawebonya nicha zaidi aha dawida.,,,
review,substitution,o/a,4.0,varo,4,Wandu wadapoilwa ni kubonya varo va asili.,voro,16,Voro ra kutua.,,,
review,substitution,f/w,1.0,faida,10,W'akulima w'amu w'azoe kufugha choki kwa w'undu ghwa faida raw'o.,waida,10,Weke mwangalanga waida itakoni wikilola mwatulituli rilagharie,,,
review,substitution,i/n,2.3,ikaiya,6,Na kwawona ngera wakati ghwawecha ikaiya kaiya wada?,ikanya,14,Machi ghadachua modenyi vua ikanya,,,
review,substitution,k/l,3.0,kuseka,15,Siwuriagha kuseka.,kusela,5,Koshi yadapoilwa ni kusela.,,,
review,substitution,b/w,4.0,abo,4,Nadema mudi gha abo ghuko modenyi,awo,16,Awo wose ni wawiwi.,,,
review,substitution,d/m,5.7,ida,3,Leka ida na aho,ima,17,Ima dipate mawughanga aha mzedu,,,
review,substitution,v/s,2.3,sina,14,Sina wuya ghungi,vina,6,"Kiture, vina na midegho.",,,
review,substitution,i/n,1.9,kaia,7,Kaia na mawono mecha kwa malagho ghose kubonyagha kudafanikilwa.,kana,13,Nalomba kunidumie aghaje magome gheenda whughangenyi nakunda nifume aha kiramka kana.,,,
review,substitution,a/i,5.7,kwana,3,Dedeka dikwane lakini ndediche kwana,kwani,17,Kwani ndokumanyire? Wadambie kimonu mori ghusirie,,,
review,substitution,e/a,3.0,josa,5,Josa nalughu,jose,15,Irughu Jose jawurwa,,,
review,substitution,v/r,5.7,ridima,17,Nyonyi ridima kurama ighu,vidima,3,Vichula vidima kukaia na lwaka lughokie.,,,
review,substitution,w/r,1.5,rawo,8,Wandu wamu wadakaiya nyumbenyi rawo eri kuepuka hali rizamie ra hewa,wawo,12,Waka wawo.,,,
review,indel,i,2.8,dima,5,Kazi kwa bidii ya dima kureda marasimio mabaa.,idima,14,Ihi ndege idima kuduka wandu.,,,
review,indel,k,3.8,mkosi,4,Seji niko mkosi.,mosi,15,Mosi ghwa igari ni ghwa chilu,,,
review,indel,',2.2,w'akundwa,6,Na kwadima kuvikia lengo yako kwa kuboilwanya na w'akundwa w'ako,wakundwa,13,Tumia ngelo na wakundwa wako,,,
review,indel,o,2.2,otumia,6,Kusekebonya iriso na mndu otumia ndighi.,tumia,13,Tumia ngelo na marafiki wako,,,
review,indel,l,1.7,kulwa,12,Niki chishekeriagha w'andu kulwa?,kuwa,7,Kuwa mbogha,,,
review,indel,h,5.3,dije,16,Cho dije dadeka mswara na mnavu.,dijhe,3,Sea kidombo dijhe malagho,,,
review,indel,k,1.7,ishomo,12,Ishomo ni mfunguo ghwa mafanikio,kishomo,7,Wandu wekundikia wizingatie kishomo.,,,
review,indel,k,1.1,kwaw'eenda,9,Kwaki kwaw'eenda kukitighina,waw'eenda,10,Nani waw'eenda idukenyi?,,,
review,indel,',1.1,fuw'e,10,Fuw'e rakaia vilembenyi.,fuwe,9,Fuwe yewada nguku yapo,,,
review,indel,j,5.3,awo,16,Awo wose ni wawiwi.,jawo,3,Isanga jawo ni jesirimika.,,,
review,indel,',2.8,chaw'o,14,W'aja w'adaw'ana werekoghe na kidali chaw'o kulegha usekeendanya na w'ew'eni.,chawo,5,Choro chawo chiaghwagha kafwani.,,,
review,indel,m,5.3,indi,3,Koshi idaghenda aha ikumbilwagha indi.,mindi,16,Mchezo gwa moira ghwa mindi ghwmanyikie,,,
review,indel,',1.4,w'undanyi,11,Wafuma w'undanyi itakoniji,wundanyi,8,Deko na waghenyi sena saki ni vika Wundanyi,,,
review,indel,k,2.8,miri,14,Kila mndu woko na miri na asili yake,mkiri,5,Isi de w'anake w'atini ela daw'adia ghaja gha mkiri.,,,
review,indel,',1.4,maw'ishi,11,"Kipunde ni mabemba maw'ishi ghizumulo, ghikafungwa na madundu na kuchemshwa",mawishi,8,Daweja marughu mawishi.,,,
review,indel,',1.7,w'alazi,7,w'andu w'abwaghwa w'alazi,walazi,12,Wadawana walazi walagha chofinyi.,,,
review,indel,m,5.3,kristo,16,Fwana ya matiriro gha Kristo.,mkristo,3,Mndu wadima ukaiye Mwisilamu amu Mkristo na usekaiye na irumiro jhingi,,,
review,indel,a,3.8,kwafuma,15,Kwafuma kwa weni ani aho cha Rong'e,kwafumaa,4,Kwafumaa hao?,,,
review,indel,o,3.8,osea,4,Mwana wa chovu osea kidombo na maghu ghape gha nanyuma ghiko na ndighi.,sea,15,Sea kidombo aha,,,
review,indel,a,5.3,mazozo,16,Mazozo ghachua kila andu,mzozo,3,Mzozo ghwa iyo mizi iw'I ghuboiso.,,,
review,indel,m,2.8,ibaa,14,Iji igare jeka na injini ibaa.,mibaa,5,Iji isanga jeko na mighondi mibaa.,,,
review,indel,v,2.8,ibaa,14,Iji igare jeka na injini ibaa.,vibaa,5,Ihii nyumba yeko na viumba vibaa vighokie.,,,
review,indel,a,5.3,simanya,3,Naenda lakini simanya niwuya lii.,simanyaa,16,Simanyaa ngera wareda,,,
review,indel,k,5.3,kutumia,16,Ndouichi kutumia magome nicha.,kutumika,3,Mabemba ghadima kutumika kuboisa mavuda ghedeka.,,,
review,indel,a,5.3,maindi,3,Ow'uya maindi maduu kufuma uw'urie mkongo.,mindi,16,Mchezo gwa moira ghwa mindi ghwmanyikie,,,
review,indel,r,1.4,baa,8,Baa w'awi kuchumba umweri.,bara,11,Naenda bara magho,,,
review,indel,j,2.8,idima,14,Ihi ndege idima kuduka wandu.,jidima,5,Iji igare jidima kuvuta mizigo ilemere.,,,
review,indel,k,2.2,kwaw'ekunda,13,kwaw'ekunda kunikumba ndasanya,waw'ekunda,6,Wanizera waw'ekunda kulala.,,,
review,indel,',2.8,w'elee,14,"W'elee, mkwako nduendietasa ikanisenyi?",welee,5,"Welee, wandu wawi",,,
review,indel,v,3.8,ibaha,15,Ilagho ibaha niwubinana.,vibaha,4,Ndoupoilwa kushoma vuo vibaha,,,
review,indel,y,2.8,ukaie,14,Ghenda Mlungu ukaie chia imweri na oho,ukaiye,5,Mndu wadima ukaiye Mwisilamu amu Mkristo na usekaiye na irumiro jhingi,,,
review,indel,m,2.2,mwakio,6,Mwakio odelaswa chui ni awuye wake uendamjibu kwa wung'eto.,wakio,13,Ambango udawangw wakio,,,
review,indel,l,3.8,sea,15,Sea kidombo aha,sela,4,Diendagha sela kireti andwamweri na mwawu.,,,
review,indel,a,3.8,awaje,15,Wandu wekundikia kuwitesia awaje wisejitesiagha.,waje,4,Waje wai waichi kuvina,,,
review,indel,p,2.8,pwaw'o,5,W'eko na mboi raenga mzinyi pwaw'o.,waw'o,14,Kichuku chose chaendie zighana ndee waw'o aja hospitali ya Voi.,,,
review,indel,o,3.8,nimoni,15,Nimoni nio mwana ukindilo ni w'avi w'ape.,niomoni,4,Aba niomoni kilongozi wa kichuku.,,,
review,indel,k,1.7,ndekuko,7,Kuw'uya nyuma ndekuko putu,ndeuko,12,Grace ndeuko mzinyi waenda cha Makadara uzighano kama wahoa,,,
review,substitution,i/u,2.8,ikaie,5,Skulu iboie ni suti ikaie na vilasi va w'ana.,ukaie,14,Ghenda Mlungu ukaie chia imweri na oho,,,
review,substitution,o/a,2.8,kulale,14,Kulale mana abo,kulole,5,Kulole Njogholo,,,
review,substitution,e/a,5.3,mbawa,3,Nyonyi radima kukaia na mbawa ndacha.,mbewa,16,Mbewa ikatoa kishoo ndeilekagha.,,,
review,substitution,v/y,1.1,vasia,9,Wokoni vasia,yasia,10,Kalamu yasia wwino,,,
review,substitution,k/v,2.2,kigharo,13,Naichi kuagha kigharo,vigharo,6,vighemu vawudukia vigharo,,,
review,substitution,a/o,1.7,bora,12,Wandu wekundikie wijenge kichuku bora.,boro,7,Ihi ni boro ya Ng'ombe,,,
review,substitution,p/m,3.8,sumu,15,Choka reko na sumu,supu,4,Iguo deja mswara na mbogha ra kizenya na supu ya nguku.,,,
review,substitution,s/j,3.8,jela,15,Seji iw'onekagha iji ikosa ubonyere wadima kufungwa jela miaka misanu.,sela,4,Diendagha sela kireti andwamweri na mwawu.,,,
review,substitution,w/l,5.3,mbela,3,Mbela ra chopwa reka kavui kusia.,mbewa,16,Mbewa ikatoa kishoo ndeilekagha.,,,
review,substitution,t/k,1.7,kima,12,Kuseide mbao kima,tima,7,Kuasefo ngolo tima sena,,,
review,substitution,e/a,1.7,kughenda,12,Iji igare jidime kughenda masaa malazi.,kughende,7,Kukadumwa kughende shwa-shwa.,,,
review,substitution,k/d,1.4,duka,8,Duka ighembe,kuka,11,Deko na bahati kuka na afya ipoiye,,,
review,substitution,i/a,5.3,nayo,3,Bahari yadima kukaia na wuzuri ghupoisirwanyo nayo.,niyo,16,Ija niyo mali ivisiro.,,,
review,substitution,n/k,1.7,kesi,12,Niko naghamba muche na mayo na ndeo di dede kesi,nesi,7,Mlungu okanye nesi.,,,
review,substitution,b/a,2.2,maua,13,Magome ni maua sena ghadabwagha.,mbua,6,Mbvua yake yawerucha pagha/ Msanga mbua,,,
review,substitution,v/k,1.4,saki,8,Deko na waghenyi sena saki ni vika Wundanyi,savi,11,Savi rawedoghoda,,,
review,substitution,n/k,1.1,kavika,9,Kavika nikukabia mwatulituli,navika,10,"Navika idukeni, nikakua jhafungwa",,,
review,substitution,y/w,1.7,waro,7,Pusi otoroka mndu waro.,yaro,12,Midi yaro ikaoma.,,,
review,substitution,k/p,1.4,lwako,8,Lukaso lwako,lwapo,11,Na jingi sikunekagha lumbo lwapo.,,,
review,substitution,r/n,3.8,kitini,15,Malunji oka na chongo kitini.,kitiri,4,Kitiri chachika.,,,
review,substitution,r/l,1.7,kulwa,12,Niki chishekeriagha w'andu kulwa?,kurwa,7,Kuseliwe kurwa vadu va wusalama,,,
review,substitution,z/r,3.8,kurama,15,Nyonyi ridima kurama ighu,kuzama,4,Bengi ra kiIsilamu reko na kuboa na kuzama kwaw'o.,,,
review,substitution,u/w,2.8,anduamweri,5,Kubonya kazi kwa anduamweri kwadima kuvikia malengo.,andwamweri,14,Familia yapo yadapoilwa kuja andwamweri kila jioni,,,
review,substitution,n/y,2.2,nedeka,13,Nakunda kumangu ngera nedeka oho.,yedeka,6,Ighuo yedeka kiramka na idime ni kiramka kaw'i,,,
review,substitution,a/w,5.3,maembe,16,Nideogha nendafuma kurura maembe.,mwembe,3,Ojoka mwembe.,,,
review,substitution,j/d,5.3,niende,16,Nazerwa niende rapo,nienje,3,Nienje mzinyi,,,
review,substitution,o/u,5.3,oenda,16,Oenda shwaw'ori mpande ghwa nguro ya goli.,uenda,3,Mrighiti omdumikia mkongo uenda vika wughangenyi.,,,
review,substitution,r/t,1.7,irangi,12,Machi ni irangi.,itangi,7,Itangi ndejina machi,,,
review,substitution,s/l,3.8,kulima,15,Kwaweenda mbuwenyi kulima na kuwaa mapemba .,kusima,4,Ndekune kighirio kibaa chedima kusima kukunda kubonya.,,,
review,substitution,m/h,1.7,hasa,7,W'andu hasa w'a kiw'omi kughochuaghochua chienyi ni w'aya.,masa,12,Mka wakufungua masa,,,
review,substitution,s/n,1.1,namba,10,W'ubaa ghwa chadu chapo ni kufuma namba ya ikenda mpaka namba ikumi na imweri.,samba,9,Samba ukatumbulia.,,,
review,substitution,r/k,3.8,ughokie,15,Sidima nikaie na mwai ughokie na unitirire ngolo,ughorie,4,W'ele nani ughorie w'ei mka usevaa ulegho?,,,
review,substitution,a/u,5.3,awo,16,Awo wose ni wawiwi.,uwo,3,Uwo nuo mwai kuko nao.,,,
review,substitution,i/o,1.7,kikala,7,Iri shairi jawejenga kikala cha mzedu.,kokala,12,Jingi ndekusikire nereibonyenghe mipango kokala uko?,,,
review,substitution,s/d,3.8,diko,15,Mao odeka ukighora nandighi diko shighadi dikimsikira,siko,4,Siko tayari nikulaghashe angu konikata.,,,
review,substitution,z/y,1.1,kwaya,9,Ongia kwaya ya ikanisenyi.,kwaza,10,Leka nije kwaza nama nijoke wulinyi,,,
review,substitution,s/w,3.8,siko,4,Siko tayari nikulaghashe angu konikata.,wiko,15,Awo wose wiko moyo.,,,
review,substitution,j/g,2.8,ghipoie,14,Iihi skulu yaka na mafundisho ghipoie.,jhipoie,5,Ilaghiro jhipoie,,,
review,substitution,o/a,3.8,kara,4,Kara kara na mabonyo ghako,kora,15,Kora modo kudeke,,,
review,substitution,a/i,2.2,kana,13,Nalomba kunidumie aghaje magome gheenda whughangenyi nakunda nifume aha kiramka kana.,kina,6,Kina chakotwa,,,
review,substitution,c/g,2.2,chiao,6,Kiwacha chiao wana wapo?.,ghiao,13,Magome ghiao.,,,
review,substitution,e/a,1.1,namba,10,W'ubaa ghwa chadu chapo ni kufuma namba ya ikenda mpaka namba ikumi na imweri.,nambe,9,Nambe ngamanya yadacha nanyuma.,,,
review,substitution,r/d,3.8,odeghora,15,Odeghora ni suti ughughushe wurigha.,oreghora,4,Oreghora chija uchikunde ondaghesha kutineri.,,,
review,substitution,m/v,3.8,mingi,4,W'ana ndew'ikaiaa miaka mingi skulu.,vingi,15,Bei ra vindo vingi ramerie kujoka.,,,
review,substitution,o/i,3.8,wiko,15,Awo wose wiko moyo.,woko,4,Kila mndu woko na miri na asili yake,,,
review,substitution,k/m,1.7,kasanu,12,Kasanu naweenda malombinyi,masanu,7,Neka kula umweri maghana ghake masanu.,,,
review,substitution,m/f,5.3,feza,3,Saghua mafundisho w'ulalo ghwa feza.,meza,16,Soghora meza,,,
review,substitution,w/j,1.1,joka,9,Joka lughongonyi,woka,10,Mwai uhu woka na kifu/mzigo,,,
review,substitution,e/a,2.2,kuduka,13,Kuseliwe kuduka kiisanduku chako cha vindo va nadime,kuduke,6,Kukaghenda idukenyi kuduke mfuko,,,
review,substitution,w/r,1.7,waro,7,Pusi otoroka mndu waro.,wawo,12,Waka wawo.,,,
review,substitution,y/d,2.2,kunda,6,Kunda jirani wako seji kujikunde,kunya,13,Vua yeendelia kunya.,,,
review,substitution,n/d,2.8,diche,5,Kuchalii mghenyi wapo diche disinde.,niche,14,Basi nizere koko hao niche idana.,,,
review,substitution,n/w,1.4,naw'echa,8,Naw'echa kuonda,waw'echa,11,Waw'echa kesho dikwashe viro.,,,
review,substitution,w/d,5.3,dabonya,3,Dabonya mtihani.,wabonya,16,Mzuri uhuu wabonya malagho ghake kwa chia ipoie.,,,
review,indel,y,1.6,kaia,7,Kaia na mawono mecha kwa malagho ghose kubonyagha kudafanikilwa.,kaiya,11,Na kwawona ngera wakati ghwawecha ikaiya kaiya wada?,,,
review,indel,o,1.0,ow'ona,9,Uja mka ow'ona angu uhu mwana oko kiw'uzima.,w'ona,9,W'ona seji w'ajikucha,,,
review,indel,y,5.0,taa,15,Ihii chia yeko na taa ra chienyi.,taya,3,Taya rarimishwa,,,
review,indel,',1.6,kiw'achenyi,11,W'ana w'a skulu w'aw'esarigha kiw'achenyi,kiwachenyi,7,Wana wawecheza kiwachenyi,,,
review,indel,',3.5,kuw'ika,14,Osighirilwa kwa kuw'ika mafungu.,kuwika,4,Kuwika magome ni ishomo muhimu saana kwa zoghori,,,
review,indel,',1.2,w'aw'eenda,8,Awongo w'aw'eenda w'aya mbogha,waw'eenda,10,Nani waw'eenda idukenyi?,,,
review,indel,k,1.2,kwareda,10,Wufisadi kati ya vilongozi kwareda hasarambaa,wareda,8,Na ihi katiba mbishi kudeka na madedo kwamba wibadilishe mfumo ghwa elimu ughu ghukoghe wikainja ghwa wunyanya wikareda CBC kwawona wada ugho mfumo mwishi wareda?,,,
review,indel,v,2.0,onda,6,Endenyi onda mifugho redu wana wapo.,vonda,12,Vonda vadafaa vioghosho,,,
review,indel,j,2.6,izamie,13,Oka na tabia izamie.,jizamie,5,Shimba radima kukaia na irumba jizamie.,,,
review,indel,k,1.2,kukakaia,8,Kukakaia mwana wa Abrahamu.,ukakaia,10,Sabina nuo uzoe kughuwona muzi ghwa John Kombo ukakaia aho.,,,
review,indel,k,5.0,kwamanya,15,Kwamanya maza ndazi.,wamanya,3,Mlungu nio wamanya agho ghose gheka mkonunyi kwape.,,,
review,indel,v,1.0,itini,9,Igho itini jakumbagha mburi kula.,vitini,9,Sasa vindo vakaiya vitini ndeviwekata wandu.,,,
review,indel,',5.0,naw'enda,15,naw'enda misarigho ya skuli,nawenda,3,Nawenda kama Ng'ombe,,,
review,indel,n,2.6,mzigo,13,Mwai uhu woka na kifu/mzigo,mzingo,5,Mzingo ghwake si sikari ingi.,,,
review,indel,k,5.0,kughokie,3,Angu kughokie kuneko nguma,ughokie,15,Sidima nikaie na mwai ughokie na unitirire ngolo,,,
review,indel,k,1.0,ilacha,9,Oka na iridia ilacha,kilacha,9,Charo chapo chedeka kilacha na chechokesha,,,
review,indel,w,5.0,kameria,3,Kwachora kameria,kwameria,15,Ela tanu kwameria kuchelwa ni malagho.,,,
review,indel,y,1.2,kwakaia,8,Kwakaia na ani kenyu?,kwakaiya,10,Kwauwo ngera kuwuya kwa jesu kwakaiya kavui?,,,
review,indel,m,3.5,mbao,14,Kuseide mbao kima,mmbao,4,Mndu ungi uselo na mmbao,,,
review,indel,a,1.0,nacha,9,Nacha nyumbenyi,ncha,9,Mando ghamu ni ncha kubonya mazoezi,,,
review,indel,',2.0,w'azerwa,12,W'akatili w'azerwa w'eko ichenicho kifumbu.,wazerwa,6,Nachi wazerwa w'ei oreloghwa.,,,
review,indel,',1.6,iw'ishi,7,Ituku iw'ishi jazoya.,iwishi,11,Kila ituku ni wulalo ghojifundisha ilagho iwishi.,,,
review,indel,y,2.0,ripoie,6,Oho kwameria kusikia maza ripoie.,ripoiye,12,Napoilwa kusikira habari ripoiye,,,
review,indel,',2.6,w'adadu,13,W'ai w'adadu w'aghenda mbuw'enyi kuw'waya mbogha,wadadu,5,Niwo awa wadadu walala aha kifumbinyi.,,,
review,indel,',5.0,aw'aje,3,W'itesie aw'aje w'isedimaa,awaje,15,Wandu wekundikia kuwitesia awaje wisejitesiagha.,,,
review,indel,w,5.0,kuboisa,15,Mabemba ghadima kutumika kuboisa mavuda ghedeka.,kuboiswa,3,Ijo ilagho jameria kuboiswa ni w'abaa w'aro.,,,
review,indel,y,5.0,sea,15,Sea kidombo aha,seya,3,Seya kidombo,,,
review,indel,w,5.0,walegha,15,Nienda wona mao ini niekeri kama wanidu walegha,waleghwa,3,"Kwadiranganya, nimoni ni Mkaw'anyika si Waleghwa ungi.",,,
review,indel,i,5.0,rwa,3,Rwa nguwo ra ishima,rwai,15,Rwai yadareda makongo,,,
review,indel,',1.6,kuw'a,11,Daw'iapata w'asi nandighi kuw'a mchele.,kuwa,7,Kuwa mbogha,,,
review,indel,i,1.6,nachi,11,Nachi ozerwa w'ei wabonya miujiza ya tee.,naichi,7,Naichi kuagha kigharo,,,
review,substitution,i/u,3.5,ikacha,4,Ndekune ilagho itini ikacha malagho ghejifundisha.,ukacha,14,Ukacha kavui na andu nerekoghe kimusi.,,,
review,substitution,a/e,1.0,kuneka,9,Wanake wefeana kuneka ishima wandu wabaa,kuneke,9,Kuneke wavi ishima,,,
review,substitution,p/k,1.2,mwanake,8,Wanake wefwana kufundishwa tabia ripoiya kowokia mwanake ghwawo,mwanape,10,Aboo wawemlindia mwanape.,,,
review,substitution,f/i,3.5,kufwa,14,W'ose w'izamilwagha ni ini w'eekunda kufwa.,kuiwa,4,Kuiwa kindu cha mundu ungi ni karakakara?,,,
review,substitution,k/w,1.6,kuka,11,Deko na bahati kuka na afya ipoiye,kuwa,7,Kuwa mbogha,,,
review,substitution,e/a,1.0,nambe,9,Nambe ngamanya yadacha nanyuma.,nembe,9,Kwadauza maghanga nembe.,,,
review,substitution,n/k,5.0,kuseka,15,Siwuriagha kuseka.,kusena,3,Kwaki kusena ishima oho?,,,
review,substitution,s/r,3.5,riko,14,Nguwo riko rielie ni muhimu,siko,4,Siko tayari nikulaghashe angu konikata.,,,
review,substitution,n/k,2.6,kaja,5,Kaja manga kunyo machi malazi,naja,13,Kifu chweniluma angu naja mngulu mlazi.,,,
review,substitution,u/i,2.0,wiki,6,Weke mao wadakaia na vama vawo va kila wiki,wuki,12,Nakundaa wuki.,,,
review,substitution,k/w,2.6,kadadu,13,Kesho ni kadadu,wadadu,5,Niwo awa wadadu walala aha kifumbinyi.,,,
review,substitution,g/c,1.2,chipoiye,10,Charo chipoiye cheko na malipo ghipoiye,ghipoiye,8,Bahari yeko na mawimbi ghipoiye,,,
review,substitution,u/i,3.5,idima,14,Ihi ndege idima kuduka wandu.,udima,4,Kila mundu udima kurumaghia ukapatwa ni matimo ghizamie,,,
review,substitution,c/g,2.6,chighokie,5,Cheko kifurute chighokie,ghighokie,13,Ihi nyumba eka na jibamba ghighokie.,,,
review,substitution,u/o,5.0,kwaro,3,Rikavika saa ikumi na imweri kwaro nafuma.,kwaru,15,Naweboisa kitangara cha kwaru,,,
review,substitution,e/o,5.0,jhake,15,Ishati jhake ni jha misharia,jhako,3,Irina jhako jiele,,,
review,substitution,v/t,1.0,katika,9,Familia ni muhimu katika maisha ghapo,kavika,9,Kavika nikukabia mwatulituli,,,
review,substitution,l/w,5.0,ola,15,Ola sikirenyi.,owa,3,Chienyi kwake owa midi kufuma Wuimgereza,,,
review,substitution,e/o,5.0,ghebonya,3,Matuku arandadu ni ghebonya kazi.,ghobonya,15,"Na ngera kama niwupande ghobonya kama zoghori huwu wakati wandu wawa vindo vawo, mwauzira masanga ghia na ghia?",,,
review,substitution,u/e,1.2,w'echa,10,W'azighaniri w'echa w'a manosi gha Mlungu.,w'ucha,8,Kio na dime yadifwane dimkase Mlungu kwa w'ucha ghwape.,,,
review,substitution,n/k,2.0,kilo,12,Enda idukenyi kuuziro mapemba kilo isanau alafu kushelo mufu.,nilo,6,Lukundo nilo lupoie,,,
review,substitution,n/d,5.0,daw'enda,3,Daw'enda noko kimono dendaneka mao lufu.,naw'enda,15,naw'enda misarigho ya skuli,,,
review,substitution,a/o,5.0,tafauti,3,Choka reka na rangi tafauti.,tofauti,15,Nedepoilwa ni kujifundisha kitetu tofauti,,,
review,substitution,a/o,5.0,kuseka,15,Siwuriagha kuseka.,kuseko,3,Wichaaghenda kuseko na kudumbuka.,,,
review,substitution,w/r,2.0,yaro,12,Midi yaro ikaoma.,yawo,6,Kila wandu weko na mizango yawo winugha,,,
review,substitution,r/w,2.6,naro,13,Kwawenda hao na mburi ra mzedu na apa olegha naro?,nawo,5,Nawo wichapata ndighi mbishi.,,,
review,substitution,i/o,3.5,siko,4,Siko tayari nikulaghashe angu konikata.,soko,14,Boboro ya soko ni vindo vineka mundu ndighi.,,,
review,substitution,d/n,1.2,dikaie,10,Yakundika dikaie kindo chimweri sa waisanga,nikaie,8,Sidima nikaie na mwai ughokie na unitirire ngolo,,,
review,substitution,i/a,3.5,ghapoie,4,Maisha ghapoie kula ituku,ghipoie,14,Iihi skulu yaka na mafundisho ghipoie.,,,
review,substitution,e/o,1.2,mwanape,10,Aboo wawemlindia mwanape.,mwanapo,8,Nekunda kuchemsha mariwa mwanapo ukewuka unyo.,,,
review,substitution,l/k,2.0,kima,12,Kuseide mbao kima,lima,6,Wandu irandadu waenda lima mbuwa,,,
review,substitution,n/u,5.0,ina,15,Miaka rapo ni mrongo ina na ina.,iua,3,Nani wadumbua Iua,,,
review,substitution,f/d,1.0,dunga,9,Dunga ngokoro,funga,9,Mao waenda funga mifugho,,,
review,substitution,w/y,2.0,wawo,12,Waka wawo.,yawo,6,Kila wandu weko na mizango yawo winugha,,,
review,substitution,'/a,5.0,naw'enda,15,naw'enda misarigho ya skuli,nawaenda,3,Nawaenda ela simanyire ngera ni wuya.,,,
review,substitution,u/i,2.6,ghiao,13,Magome ghiao.,ghuao,5,Mzi mbaa ghwa Kenya ni ghuao?,,,
review,substitution,r/v,2.0,rija,12,Rija ngelo ni seji icho kifumbi cheka na kazi iw'i.,vija,6,Dazoghora vija didimagha kukuw'ida.,,,
review,substitution,a/e,5.0,w'aghora,15,W'aghora kuchurie magome,w'eghora,3,W'eghora ndew'ine makosa.,,,
review,substitution,a/e,2.6,dima,5,Kazi kwa bidii ya dima kureda marasimio mabaa.,dime,13,Vua yanya dime ghadi,,,
review,substitution,a/o,5.0,dika,3,Machi gha we dika.,diko,15,Mao odeka ukighora nandighi diko shighadi dikimsikira,,,
review,substitution,h/r,5.0,kuhama,3,Mizozo ya mbuw'a yashekerie w'andu kuhama.,kurama,15,Nyonyi ridima kurama ighu,,,
review,substitution,u/o,2.0,kokunda,6,Kokunda va duu,kukunda,12,Kukunda kumoni yadaboia ela kulwana kila ituku.,,,
review,substitution,n/j,2.6,kaja,5,Kaja manga kunyo machi malazi,kana,13,Nalomba kunidumie aghaje magome gheenda whughangenyi nakunda nifume aha kiramka kana.,,,
review,substitution,n/d,5.0,ida,3,Leka ida na aho,ina,15,Miaka rapo ni mrongo ina na ina.,,,
review,substitution,a/e,2.6,wakati,13,Mrighiti wodeghora uneke wughanga ugho wakati.,waketi,5,Wabaa waketi,,,
review,substitution,a/o,2.6,naja,13,Kifu chweniluma angu naja mngulu mlazi.,najo,5,Dwa Irina kuenda najo sa ngao.,,,
review,substitution,c/g,3.5,chipoie,4,Ndekune kilambo chingi chipoie sa kukia.,ghipoie,14,Iihi skulu yaka na mafundisho ghipoie.,,,
review,substitution,k/s,2.0,kukia,6,Nekunda kukia.,kusia,12,Wanake ni inose jisena kusia.,,,
review,substitution,r/w,1.2,raja,8,Nyoni iro raja wadudu wipoie.,waja,10,Awa wabonya nicha ela waja wabonya nicha na ndighi.,,,
review,substitution,c/g,5.0,chesinga,3,Chai chesinga saa chofi,ghesinga,15,Malaji gha kidawida ghesinga na chai cha rangi,,,
review,substitution,a/o,3.5,kugua,14,Otumia magome ghape ghose orew'ikieghe kugua igare.,kuguo,4,Ghenda kuguo sukari didunge chai,,,
review,substitution,n/m,2.0,kima,12,Kuseide mbao kima,kina,6,Kina chakotwa,,,
review,substitution,k/w,1.2,kuzima,8,Maisha ghikaendelia huwu didafuma dende kuzima.,wuzima,10,Dadima kubonya wuzima kwakichuku chedu.,,,
review,substitution,d/f,5.0,kwaduma,3,Kwaduma ani,kwafuma,15,Kwafuma kwa weni ani aho cha Rong'e,,,
review,substitution,n/g,5.0,ndege,15,Nadima kusikira lwaka lwa ndege,ndene,3,Mwanwako ndene akili.,,,
review,substitution,l/d,2.0,kudwa,6,Kusekeliwa kudwa isanduku jako cha vindo va nadime,kulwa,12,Niki chishekeriagha w'andu kulwa?,,,
review,substitution,r/j,2.6,najo,5,Dwa Irina kuenda najo sa ngao.,naro,13,Kwawenda hao na mburi ra mzedu na apa olegha naro?,,,
review,substitution,r/v,3.5,niro,14,Aha dalima sukuma na tindi niro niwonagha rawebonya nicha zaidi aha dawida.,nivo,4,Sere na wutulivu nivo vilambo suti isangenyi.,,,
review,substitution,k/d,5.0,oreda,3,Uhu mwana oreda shoghoshogho.,oreka,15,Ija miaka yape ya imbiri oreka msuse.,,,
review,substitution,i/a,3.5,abaa,4,Abaa wapo,ibaa,14,Iji igare jeka na injini ibaa.,,,
review,substitution,a/o,2.0,kakunda,12,"Kakunda kupata magome, suti kubonye chaghu",kokunda,6,Kokunda va duu,,,
review,substitution,w/s,3.5,soko,14,Boboro ya soko ni vindo vineka mundu ndighi.,woko,4,Kila mndu woko na miri na asili yake,,,
review,indel,w,1.8,waduka,11,Waduka machi chongo,wadukwa,6,Wadukwa iyonge.,,,
review,indel,i,4.7,ukae,3,Kila mndu ukae wulalonyi ghwake,ukaie,14,Ghenda Mlungu ukaie chia imweri na oho,,,
review,indel,u,1.4,ndena,7,Ata nikadomghorea ndena w'utesia ghungi,ndeuna,10,Ndeuna bahati,,,
review,indel,w,1.4,kacha,7,Kacha nadime kumwona,kwacha,10,Kwaki kwacha nakio,,,
review,indel,k,1.4,kwasigha,10,Mao whele kwasigha mbogha hao.,wasigha,7,Mwalimu kwamtumbulia nicha uhu mwana. Mundu ukafuilwa ni mruna nao wasigha muka usevae nao mwana ungi.,,,
review,indel,a,1.8,kuka,11,Deko na bahati kuka na afya ipoiye,kukaa,6,Wangu wakundikia kukaa na mawono malazi.,,,
review,indel,k,1.4,awi,7,Midi maghana awi ghademwa ni waisanga kutesea iaghi ja skulu,kawi,10,Linu ni kiramka kawi,,,
review,indel,w,4.7,kuw'ika,14,Osighirilwa kwa kuw'ika mafungu.,kuw'ikwa,3,Sherehe ra kuw'ikwa wakfu raendie nicha.,,,
review,indel,',2.4,kiw'acha,12,Ni magome alinga kuagha kiw'acha kiw'ishi cha ndege?,kiwacha,5,Kiwacha chiao wana wapo?.,,,
review,indel,',1.8,waw'echa,11,Waw'echa kesho dikwashe viro.,wawecha,6,Wawecha didede.,,,
review,indel,w,1.1,kavika,9,Kavika nikukabia mwatulituli,kwavika,8,Kuvika aha kwavika,,,
review,indel,v,4.7,idima,14,Ihi ndege idima kuduka wandu.,vidima,3,Vichula vidima kukaia na lwaka lughokie.,,,
review,indel,i,1.8,kuka,11,Deko na bahati kuka na afya ipoiye,kukia,6,Nekunda kukia.,,,
review,indel,',1.4,maw'ughanga,10,Maw'ughanga ndeghiko,mawughanga,7,Isanga janonwa ni mawughanga,,,
review,indel,o,3.2,kenyi,13,Nichagha luma lwa kenyi,okenyi,4,Okenyi w'aghenyu haw'a w'angia.,,,
review,indel,',3.2,w'akichuku,13,W'akichuku ndew'idimie kuvikia w'andu w'aw'o w'iko jela.,wakichuku,4,Wakichuku wadaluya msangaghenyi.,,,
review,indel,w,3.2,wakunda,4,Wadeki wakunda kutima wudeki wupya.,wakundwa,13,Tumia ngelo na wakundwa wako,,,
review,indel,z,4.7,miri,14,Kila mndu woko na miri na asili yake,mziri,3,Mziri ghwa shighadi ndeghusowagha chefunga.,,,
review,indel,i,1.8,ikaiya,6,Na kwawona ngera wakati ghwawecha ikaiya kaiya wada?,kaiya,11,Na kwawona ngera wakati ghwawecha ikaiya kaiya wada?,,,
review,indel,',1.8,mkiw'a,11,Ini moni si mkiw'a.,mkiwa,6,Ela ini ni mkiwa nisewadie kindo chingi,,,
review,indel,k,4.7,kulale,14,Kulale mana abo,ulale,3,Waboria mwana ulale.,,,
review,indel,j,3.2,ikurie,13,Nachoka baada ya kazi ikurie,jikurie,4,Ndejiko ilaghoa jikurie jisimwagha kwa kujifunya.,,,
review,indel,f,1.1,mfwano,8,Mfwano ghwa imbiri putu.,mwano,9,Obonya mwano.,,,
review,indel,',4.7,w'uka,14,W'uka shalu shalu,wuka,3,Wuka shalu shalu,,,
review,indel,o,3.2,ghia,4,"Na ngera kama niwupande ghobonya kama zoghori huwu wakati wandu wawa vindo vawo, mwauzira masanga ghia na ghia?",ghiao,13,Magome ghiao.,,,
review,indel,m,1.8,w'adia,6,W'adia kilambo kizima.,w'adima,11,W'ashomi na w'alimu w'adima kubonya ichi kibarua,,,
review,indel,u,4.7,ndene,3,Mwanwako ndene akili.,ndeune,14,Omoni ndeune marasimio.,,,
review,indel,e,3.2,w'ieka,4,Ni nicha w'adaw'ana kusarigha wieka na w'ai kusarigha w'ieka.,w'ika,13,Kusekecha w'ika mundu wa w'andu,,,
review,indel,k,1.4,kwaja,7,Kwaja kii idimei,waja,10,Awa wabonya nicha ela waja wabonya nicha na ndighi.,,,
review,indel,',1.4,w'ulongozi,7,Kampeni ra w'ulongozi ghwa isanga razoya juma ichaa.,wulongozi,10,Wulongozi ni sifa ya kipekee,,,
review,indel,d,4.7,sina,14,Sina wuya ghungi,sinda,3,Kucha sinda na mwana wapo ituku jichaa nakunda nighende njumonyi.,,,
review,indel,',1.8,w'ulinyi,11,Ngasikira kiw'iw'I konyu ni kwapo nangia w'ulinyi nihoreshe.,wulinyi,6,Najoka wulinyi kwapo,,,
review,indel,m,1.1,ilacha,9,Oka na iridia ilacha,milacha,8,Shimba reka na mikomba milacha.,,,
review,indel,p,3.2,icha,4,Dibora chumbo ilinga njumwa icha ikanisenyi?,picha,13,Picha ni chia yerekodi maghesho,,,
review,indel,o,2.4,kulwa,12,Niki chishekeriagha w'andu kulwa?,okulwa,5,W'aw'aye okulwa ukilogha,,,
review,substitution,w/h,1.4,haja,7,Sine haja na njau.,waja,10,Awa wabonya nicha ela waja wabonya nicha na ndighi.,,,
review,substitution,o/e,4.7,ndeune,14,Omoni ndeune marasimio.,ndoune,3,Hata ndoune ngunya.,,,
review,substitution,k/f,3.2,chufu,4,Chufu ndouw'adie ndoe.,chuku,13,W'enyama chuku ki kuhusu ijo ilagho.,,,
review,substitution,l/f,2.4,kifo,5,Dighua mburi isanu kwa samba relisha na resicha ngelo ya kifo,kilo,12,Enda idukenyi kuuziro mapemba kilo isanau alafu kushelo mufu.,,,
review,substitution,e/a,1.1,kusigha,8,Ilengo ja maisha ni kusigha alama iboie kwa vizazi vichagha.,kusighe,9,Kwavolwa kusighe kukaba m'mbenyu.,,,
review,substitution,j/z,1.4,kwaja,7,Kwaja kii idimei,kwaza,10,Leka nije kwaza nama nijoke wulinyi,,,
review,substitution,w/n,3.2,nitesie,13,Nitesie na machi ghenywa,witesie,4,Wandu wekundikie witesie kichuku.,,,
review,substitution,n/v,3.2,naro,13,Kwawenda hao na mburi ra mzedu na apa olegha naro?,varo,4,Wandu wadapoilwa ni kubonya varo va asili.,,,
review,substitution,c/g,1.4,chadima,7,Na ni kii chadima chibonyo kwa hali sa iro ikaiye ya maana?,ghadima,10,Matuku ghadima kukaiya na wasi.,,,
review,substitution,r/j,2.4,jasia,5,Ivunde jasia,rasia,12,Wokoni rasia,,,
review,substitution,i/u,3.2,iekeri,4,Omoni wauza nyama ya mburi iekeri.,uekeri,13,Ndoudimaa kusarigha uekeri.,,,
review,substitution,b/d,3.2,kubuka,4,Vua yadima kureda kubuka .,kuduka,13,Kuseliwe kuduka kiisanduku chako cha vindo va nadime,,,
review,substitution,m/u,4.7,mbao,14,Kuseide mbao kima,ubao,3,Wedefuta ubao,,,
review,substitution,r/j,4.7,miji,3,Ndekune miji iboie skulu ra cha mzinyi.,miri,14,Kila mndu woko na miri na asili yake,,,
review,substitution,e/a,1.4,kwenda,10,Uhuu muisanga wakunde kwenda kimbiri.,kwende,7,Kaenda Mombasa na kwende baharinyi kwa ogha na machi gha chumbi,,,
review,substitution,d/k,4.7,udacha,3,Udacha sa kitoi,ukacha,14,Ukacha kavui na andu nerekoghe kimusi.,,,
review,substitution,d/z,4.7,idima,14,Ihi ndege idima kuduka wandu.,izima,3,Diwonanagha ituku izima,,,
review,substitution,u/o,4.7,kogua,3,Nembe kogua vadu viw'ishi,kugua,14,Otumia magome ghape ghose orew'ikieghe kugua igare.,,,
review,substitution,y/w,1.8,wafunya,11,"Nao ukachiwada kikombe, ngera iji wameria wafunya chawucha.",yafunya,6,Ndoe yafunya mavalo ghake.,,,
review,substitution,k/m,1.4,ghadika,7,Machi ghadika.,ghadima,10,Matuku ghadima kukaiya na wasi.,,,
review,substitution,v/a,3.2,maua,13,Magome ni maua sena ghadabwagha.,mvua,4,Mvua yenya.,,,
review,substitution,n/r,3.2,kana,13,Nalomba kunidumie aghaje magome gheenda whughangenyi nakunda nifume aha kiramka kana.,kara,4,Kara kara na mabonyo ghako,,,
review,substitution,i/n,4.7,idima,14,Ihi ndege idima kuduka wandu.,ndima,3,Linu ni ituku ja ndima ya Bwana.,,,
review,substitution,e/a,1.1,yachua,9,Ihii barabara yachua magare mengi.,yechua,8,Mbuw'a yake yechua mbogha.,,,
review,substitution,d/m,1.4,deda,10,Jingi siwone kisuka cha deda,meda,7,Meda na ndiwa rachua machi.,,,
review,substitution,e/i,2.4,kusea,5,Olrelegha kusea basinyi.,kusia,12,Wanake ni inose jisena kusia.,,,
review,substitution,e/u,3.2,olemwa,13,"Kwa mzwana ghuzamie, olemwa kupata chaghu",olumwa,4,Olumwa kughu ni koshi.,,,
review,substitution,b/s,1.4,yabia,7,Mbeo yabia linu.,yasia,10,Kalamu yasia wwino,,,
review,substitution,a/e,2.4,w'alegha,12,W'ai w'alegha kucha na omoni,w'elegha,5,W'ana w'elegha kufuma cha shighadi.,,,
review,substitution,k/f,4.7,fwana,14,Kuaeliwe kughua vilambo va fwana,kwana,3,Dedeka dikwane lakini ndediche kwana,,,
review,substitution,j/t,3.2,jabia,4,Iruw'a jabia sigha dilole kiju.,tabia,13,Wanake wefwana kufundishwa tabia ripoiya kowokia mwanake ghwawo,,,
review,substitution,u/i,4.7,izi,14,Kidasi cha mawora ndechitanya na izi.,uzi,3,Uhuu uzi wozama.,,,
review,substitution,r/v,1.1,riboie,9,Isanga iji jeko na mila riboie.,viboie,8,Ivi vindo viboie kwa viongo.,,,
review,substitution,v/r,1.1,rawo,8,Wandu wamu wadakaiya nyumbenyi rawo eri kuepuka hali rizamie ra hewa,vawo,9,"Na ngera kama niwupande ghobonya kama zoghori huwu wakati wandu wawa vindo vawo, mwauzira masanga ghia na ghia?",,,
review,substitution,s/z,2.4,msingo,12,Ivo vindo vaka na msingo ghupoie.,mzingo,5,Mzingo ghwake si sikari ingi.,,,
review,substitution,n/k,3.2,kaka,4,Nyumba ya kaka erew'ada modo.,kana,13,Nalomba kunidumie aghaje magome gheenda whughangenyi nakunda nifume aha kiramka kana.,,,
review,substitution,d/k,2.4,dima,5,Kazi kwa bidii ya dima kureda marasimio mabaa.,kima,12,Kuseide mbao kima,,,
review,substitution,f/n,4.7,sifa,3,Waukarimu ni sifa ipoiye,sina,14,Sina wuya ghungi,,,
review,substitution,s/m,1.8,mavi,6,Njau mbaa idaaghia mavi na mzeri.,savi,11,Savi rawedoghoda,,,
review,substitution,o/i,2.4,wawi,5,Wandu wawi waguagha na wishorombote.,wawo,12,Waka wawo.,,,
review,substitution,p/b,1.4,waboilwa,10,Waboilwa shuu kungia kaburinyi.,wapoilwa,7,Wana wapoilwa ni kucheza mpira.,,,
review,substitution,n/w,2.4,nadaboilwa,5,Matuku ghose nadaboilwa ni kudedanya na waghenyu.,wadaboilwa,12,Wadaboilwa ni kukasa na chumbo.,,,
review,substitution,w/j,4.7,jaw'o,3,W'andu w'engi w'ekiria kutini baada ya ishua jaw'o kuzama.,waw'o,14,Kichuku chose chaendie zighana ndee waw'o aja hospitali ya Voi.,,,
review,substitution,e/o,1.8,w'aw'aye,6,W'aw'aye ni mrighiti.,w'aw'ayo,11,Mroghue w'aw'ayo,,,
review,substitution,m/k,1.1,kilacha,9,Charo chapo chedeka kilacha na chechokesha,milacha,8,Shimba reka na mikomba milacha.,,,
review,substitution,i/u,1.4,ikakaia,7,Olow'olwa ni mkichuku ikakaia suti mburi ifunyo kizongona.,ukakaia,10,Sabina nuo uzoe kughuwona muzi ghwa John Kombo ukakaia aho.,,,
review,substitution,e/i,1.4,kirerende,10,Kirerende ichija chapoie.,kirerendi,7,Waw'ezighana Kirerendi,,,
review,substitution,w/n,2.4,nawo,5,Nawo wichapata ndighi mbishi.,wawo,12,Waka wawo.,,,
review,substitution,k/r,2.4,kwaghoka,5,Kwaghoka shuu,kwaghora,12,"Kwaghora loli,nibwaghilo ni njala.",,,
review,substitution,s/m,2.4,masa,12,Mka wakufungua masa,sasa,5,Sasa vindo vakaiya vitini ndeviwekata wandu.,,,
review,substitution,p/b,3.2,basi,13,Basi nizere koko hao niche idana.,pasi,4,Ishati jakabwa pasi,,,
review,substitution,m/s,4.7,miri,14,Kila mndu woko na miri na asili yake,siri,3,Wadeki waichi siri re deka.,,,
review,substitution,o/e,1.4,ndeuna,10,Ndeuna bahati,ndouna,7,Mao ndouna magome ghenishomesha,,,
review,substitution,u/i,1.4,ghikate,10,Ng'ondi raja kisambura na rikanywa machi ghikate.,ghukate,7,Agho matangazo ndegherekoghe na mwengere ghukate eri w'andu w'ielelo.,,,
review,substitution,e/a,4.7,yanya,14,Vua yanya dime ghadi,yenya,3,Mvua yenya.,,,
review,substitution,n/w,4.7,niche,14,Basi nizere koko hao niche idana.,wiche,3,Wizere wiche lawuke,,,
review,substitution,k/v,1.8,kuka,11,Deko na bahati kuka na afya ipoiye,kuva,6,Mbuwa yadakunda kualilwa eri kuva mapato malazi.,,,
review,substitution,u/i,3.2,mingi,4,W'ana ndew'ikaiaa miaka mingi skulu.,mungi,13,Io mizi erekoghe na wasi mungi.,,,
review,substitution,s/g,1.8,ighegho,6,Ighegho jawenija,ighesho,11,"Ighesho jezoya skilu ,bishi kijijinyi kedu jedeughwa mkono ni jamii ndazi",,,
review,substitution,y/d,1.1,dekunda,9,dekunda kughala,yekunda,8,Ihii kazi yekunda kuvumilia.,,,
review,substitution,f/m,3.2,vifu,4,Ng'ombe na mburi reka na vifu vibaa viw'aghikie mando ana.,vimu,13,"Msejhe vindo vose, msighare vimu",,,
review,indel,o,4.3,ghosha,3,W'andu w'engi w'adaja mswara ghosha,oghosha,13,Oghosha mikono yako na sabuni,,,
review,indel,w,1.3,mano,7,Wona ghimbe ikineng'ena kusewone mano ghikitifuka.,mwano,9,Obonya mwano.,,,
review,indel,',4.3,kwaw'ekunda,13,kwaw'ekunda kunikumba ndasanya,kwawekunda,3,Kwawekunda kumanya ini ni ani,,,
review,indel,n,1.7,kwanza,6,Muende muoghe iri Mindi kwanza.,kwaza,10,Leka nije kwaza nama nijoke wulinyi,,,
review,indel,v,1.7,ighokie,10,"Iruwa jikatua, ndoe yakaia na rangi ighokie",vighokie,6,Ihii nyumba yeko na viumba vibaa vighokie.,,,
review,indel,',4.3,w'ubinana,13,Ndekune w'ubinana isangenyi ihi ngelo.,wubinana,3,Wubinana gha kichuku ghadategemea kuwadana kodu.,,,
review,indel,i,4.3,ivui,3,Iridia jhapo jheka ivui,vui,13,Yasighwa ngelo vui.,,,
review,indel,i,1.0,aina,8,Ijo itunda jeka aina zima.,ana,8,Maghi ana ghachika.,,,
review,indel,v,1.3,iw'ishi,7,Ituku iw'ishi jazoya.,viw'ishi,9,Opata vuo viw'ishi kufuma kwa w'aruna.,,,
review,indel,',1.7,w'edu,10,W'ana w'edu w'azoghua,wedu,6,Ihii skulu yawatesia wadawana wedu.,,,
review,indel,k,1.3,kwasinda,9,Wele idime se kwaendie njumonyi ama kwasinda nyumbenyi.,wasinda,7,Wasinda njala,,,
review,indel,i,3.0,irija,4,"Dikengia kwa malagho gha mashomo, wana wabonyere mtihani ghwa klasi cha wunyanya kwawona agha majibu ghifumie gha mwaka ghusirie na irija miaka ra nanyuma",rija,12,Rija ngelo ni seji icho kifumbi cheka na kazi iw'i.,,,
review,indel,w,4.3,kana,13,Nalomba kunidumie aghaje magome gheenda whughangenyi nakunda nifume aha kiramka kana.,kwana,3,Dedeka dikwane lakini ndediche kwana,,,
review,indel,y,3.0,eagha,4,Chongo capo cheka na maghesho eagha choro Mwatate,yeagha,12,Kubonya kazi andukumweri ni chia iangue yeagha isanga.,,,
review,indel,',3.0,w'avika,4,W'aghenyu w'ako w'avika.,wavika,12,Waaghi wavika.,,,
review,indel,o,4.3,ow'ika,3,Ow'ika mpira andonyi.,w'ika,13,Kusekecha w'ika mundu wa w'andu,,,
review,indel,u,1.3,funga,9,Mao waenda funga mifugho,fungua,7,Fungua ilanga ja nyumba,,,
review,indel,h,1.7,waja,10,Awa wabonya nicha ela waja wabonya nicha na ndighi.,wajha,6,Wajha Hotelinyi,,,
review,indel,k,4.3,kuekeri,3,Kuchumba kudamba kuko kuekeri,uekeri,13,Ndoudimaa kusarigha uekeri.,,,
review,indel,k,3.0,kwabonyere,4,Kwabonyere mwana wada,wabonyere,12,Sharon wabonyere wanidu winileghe putu.,,,
review,indel,w,3.0,kakunda,12,"Kakunda kupata magome, suti kubonye chaghu",kwakunda,4,Kwakunda nikutesie wada?,,,
review,indel,',1.3,kiw'omi,9,Ini ni mwana wa kiw'omi,kiwomi,7,Ini ni mwana wa kiwomi kedu,,,
review,indel,y,4.3,keni,3,Oho ko mwana wani keni?,kenyi,13,Nichagha luma lwa kenyi,,,
review,indel,i,2.2,misele,5,Misele mitini mitini yadareda mafanikio mabaa.,msele,11,Charo kilacha chadazoya na msele ghumweri.,,,
review,indel,k,1.3,kusighe,9,Kwavolwa kusighe kukaba m'mbenyu.,usighe,7,Usighe kuwona seji ndedinaa kazi yebonyaa,,,
review,indel,m,3.0,kusia,12,Wanake ni inose jisena kusia.,kusima,4,Ndekune kighirio kibaa chedima kusima kukunda kubonya.,,,
review,indel,i,2.2,kuiw'a,5,Kilongozi uo oshitakilwa kwa kuiw'a ndoe.,kuw'a,11,Daw'iapata w'asi nandighi kuw'a mchele.,,,
review,indel,w,4.3,kuduka,13,Kuseliwe kuduka kiisanduku chako cha vindo va nadime,kudukwa,3,Elimu ni hazina idimagha kudukwa kila andu.,,,
review,indel,e,1.3,ncha,9,Mando ghamu ni ncha kubonya mazoezi,necha,7,Necha icho,,,
review,indel,m,1.7,kumzere,10,Na mkekaiya woruwu kupate wulalo kudede na mmamgi wa malagho gha mashomo kwadima kumzere wada?,kuzere,6,Kuzere ndeyo ukuneke magome kuende skuli.,,,
review,indel,',2.2,naw'o,11,W'avi naw'o wiasinda kibaruonyi dii,nawo,5,Nawo wichapata ndighi mbishi.,,,
review,indel,',1.7,w'aida,6,W'aida naro naisi,waida,10,Weke mwangalanga waida itakoni wikilola mwatulituli rilagharie,,,
review,indel,k,2.2,kwaw'echa,5,Naw'ekukotia kama kwaw'echa,waw'echa,11,Waw'echa kesho dikwashe viro.,,,
review,indel,',2.2,w'aduka,5,Mcharo w'aduka msigo ghulemere,waduka,11,Waduka machi chongo,,,
review,indel,l,3.0,mamba,12,Omba umilo ni mamba.,mlamba,4,Kwadima kujoka mlamba,,,
review,indel,k,2.2,iwishi,11,Kila ituku ni wulalo ghojifundisha ilagho iwishi.,kiwishi,5,Ndechiko chonyi kiwishi ndoenyi.,,,
review,indel,a,1.7,kwaenda,6,Agha matuku kwaenda chaghunyi hao?,kwenda,10,Uhuu muisanga wakunde kwenda kimbiri.,,,
review,substitution,r/d,4.3,nedeka,13,Nakunda kumangu ngera nedeka oho.,nereka,3,Nereka nikibonya kazi ra nyumbenyi iji w'agjen yu w'apo w'erecheeniroghua.,,,
review,substitution,y/w,3.0,wavika,12,Waaghi wavika.,yavika,4,ngelo yeenda bonya kazi nyumbeni yavika,,,
review,substitution,n/m,1.0,ama,8,Wele idime se kwaendie njumonyi ama kwasinda nyumbenyi.,ana,8,Maghi ana ghachika.,,,
review,substitution,e/u,1.3,walemwa,7,Mghadi wadabegha vindo ela walemwa ni kuvisoma.,walumwa,9,Walumwa ni mwambandenyi,,,
review,substitution,d/w,3.0,davika,4,Ihi miaka davika daw'eseria w'eke w'aw'a.,wavika,12,Waaghi wavika.,,,
review,substitution,r/y,4.3,naro,13,Kwawenda hao na mburi ra mzedu na apa olegha naro?,nayo,3,Bahari yadima kukaia na wuzuri ghupoisirwanyo nayo.,,,
review,substitution,i/u,1.7,kivalwa,10,Mtesie kivalwa chichagha,kuvalwa,6,Kuvalwa ni bahati kufwa ni lazima.,,,
review,substitution,e/a,1.7,wakundikia,6,Wangu wakundikia kukaa na mawono malazi.,wakundikie,10,Wandu wakundikie wikae na ngolo ra wughoma.,,,
review,substitution,n/y,4.3,naja,13,Kifu chweniluma angu naja mngulu mlazi.,yaja,3,Koshi yaja pwaru wose.,,,
review,substitution,p/k,1.3,mkwako,9,Iji nivikagha mzinyi nimzera mkwako kwawuia shelemba,mkwapo,7,Kwadika kukaie mkwapo?,,,
review,substitution,j/w,2.2,jafunya,5,Iji igare jafunya huduma bora kwa wose.,wafunya,11,"Nao ukachiwada kikombe, ngera iji wameria wafunya chawucha.",,,
review,substitution,a/h,4.3,kujaa,3,Kujaa vindo va luma lwa kesho?,kujha,13,W'andu w'eleka kujha ivo vindo wei w'iaw'ona ni maendeleo kusunga w'uzungu!,,,
review,substitution,l/i,3.0,kuiwa,4,Kuiwa kindu cha mundu ungi ni karakakara?,kulwa,12,Niki chishekeriagha w'andu kulwa?,,,
review,substitution,e/o,1.3,mkwake,7,Kokala korekoghe na mndumu na mkwake nao wedevamilwa ni vitoi.,mkwako,9,Iji nivikagha mzinyi nimzera mkwako kwawuia shelemba,,,
review,substitution,d/n,4.3,kedi,13,Wandu wadajikalia weni kedi kukafwa kwada na mali rako,keni,3,Oho ko mwana wani keni?,,,
review,substitution,e/o,2.2,lwape,5,Kila mndu oko na lughano lwape moni loghora.,lwapo,11,Na jingi sikunekagha lumbo lwapo.,,,
review,substitution,e/a,2.2,w'abonya,11,W'abonya nicha kwa mashomo ghake,w'ebonya,5,Oreandika w'andu w'ebonya kazi kwa kudima ela ndouw'ilipie mafungu ghaw'o.,,,
review,substitution,j/v,1.7,jija,10,Ituku jija chumbo riborwa,vija,6,Dazoghora vija didimagha kukuw'ida.,,,
review,substitution,u/i,3.0,ibonye,4,Skulu hii yawetima ibonye ncha sana.,ubonye,12,Waredwa ni ndee ubonye kazi,,,
review,substitution,o/e,1.3,ghenyu,9,Chanenyi maghembe ghenyu,ghonyu,7,Mtorori ghonyu ghwaduida chienyi.,,,
review,substitution,u/e,1.7,mkunde,6,Mkunde mbenyuu sajikoni kwawajikunda,mkundu,10,Mwasare wapo udapoilwa na nguwo ra mkundu,,,
review,substitution,d/n,1.3,kudeke,7,Kora modo kudeke,kuneke,9,Kuneke wavi ishima,,,
review,substitution,i/a,3.0,varo,4,Wandu wadapoilwa ni kubonya varo va asili.,viro,12,Mchakuw'ida viro.,,,
review,substitution,u/a,2.2,wadaka,5,Apa wadaka mzinyi ueka,waduka,11,Waduka machi chongo,,,
review,substitution,m/l,4.3,olelwa,3,Uhu mwana olelwa kisha ni w'avi wake.,olemwa,13,"Kwa mzwana ghuzamie, olemwa kupata chaghu",,,
review,substitution,w/d,1.7,daw'eenda,6,Daw'eenda bora mwazindika,waw'eenda,10,Nani waw'eenda idukenyi?,,,
review,substitution,u/i,1.3,mnyinya,7,Wadawida wadapoilwa ni mbogha ra mnyinya.,mnyunya,9,Mnyunya ni mbogha ribirie,,,
review,substitution,d/n,1.7,dideke,10,Korenyi modo dideke chai.,dineke,6,Dineke agha,,,
review,substitution,v/k,4.3,kenyi,13,Nichagha luma lwa kenyi,venyi,3,Venyi,,,
review,substitution,k/w,3.0,kakunda,12,"Kakunda kupata magome, suti kubonye chaghu",wakunda,4,Wadeki wakunda kutima wudeki wupya.,,,
review,substitution,i/e,4.3,nedeka,13,Nakunda kumangu ngera nedeka oho.,nideka,3,Icho nideka mkongo nikaenda wughangenyi.,,,
review,substitution,n/d,2.2,dighorie,5,Dighorie wuwiwi ughu ghwadipata kwa wundu ghwa indoki?,nighorie,11,Kukalemwa nighorie,,,
review,substitution,d/n,4.3,dawona,3,Aho nio dawona yawaumiza wandu zaidi.,nawona,13,Nawona seji sidimagha kuvika.,,,
review,substitution,k/a,1.7,jiao,10,Oho koko na irumirio jiao,jiko,6,Igho jiko moyo na iyo mbari ya wueli.,,,
review,substitution,d/y,1.3,wuda,7,Isanga jedu ndedine wuda,wuya,9,Nawaenda ela simanyire ngera ni wuya.,,,
review,substitution,y/v,3.0,varo,4,Wandu wadapoilwa ni kubonya varo va asili.,yaro,12,Midi yaro ikaoma.,,,
review,substitution,k/n,1.7,woka,10,Mwai uhu woka na kifu/mzigo,wona,6,Wekunda kuenda mlimenyi wende wona masaka.,,,
review,substitution,w/r,3.0,rasia,12,Wokoni rasia,wasia,4,Uji wasia kwa samosi,,,
review,substitution,n/k,1.3,kacha,7,Kacha nadime kumwona,nacha,9,Nacha nyumbenyi,,,
review,substitution,d/m,4.3,dadima,13,Dadima ngera dizere hali ya agho makongo yakundikie wandu wibonye wada?,madima,3,Madima gha mburi ghesinga,,,
review,substitution,s/h,1.0,haki,8,Wandu wekundikia wiheshimu haki ra nyamandu.,saki,8,Deko na waghenyi sena saki ni vika Wundanyi,,,
review,substitution,r/u,4.3,mara,3,W'andu w'anekwa kumara-mara ichia na ichia.,maua,13,Magome ni maua sena ghadabwagha.,,,
review,substitution,d/t,4.3,dumia,3,Dumia ngelo na waghenyi wako,tumia,13,Tumia ngelo na marafiki wako,,,
review,substitution,a/e,1.3,nacha,9,Nacha nyumbenyi,necha,7,Necha icho,,,
review,substitution,j/y,1.3,kwaja,7,Kwaja kii idimei,kwaya,9,Ongia kwaya ya ikanisenyi.,,,
review,substitution,r/k,4.3,nako,3,Na uko kukaia moyo niko nako mumbinyi.,naro,13,Kwawenda hao na mburi ra mzedu na apa olegha naro?,,,
review,indel,',1.1,w'ucha,8,Kio na dime yadifwane dimkase Mlungu kwa w'ucha ghwape.,wucha,7,Mlungu wadneka wucha na wubanana.,,,
review,indel,',2.8,w'aw'echa,4,Ata ndeughoree mae kama w'aw'echa kwapo,waw'echa,11,Waw'echa kesho dikwashe viro.,,,
review,indel,a,2.8,waghosi,11,Wandu wikundikie wineke waghosi heshima.,waghosia,4,Waghosia hata iridia ni uvu nduu.,,,
review,indel,i,2.0,kiwacha,5,Kiwacha chiao wana wapo?.,kwacha,10,Kwaki kwacha nakio,,,
review,indel,',1.5,w'ona,9,W'ona seji w'ajikucha,wona,6,Wekunda kuenda mlimenyi wende wona masaka.,,,
review,indel,',2.0,w'ukelu,10,W'ukelu ghokusaghika na mali.,wukelu,5,Wukelu ghotasa milimu.,,,
review,indel,s,2.0,kuela,10,Idime ni ituku jipoiye ja iruwa na ndoo kuela kabisa,kusela,5,Koshi yadapoilwa ni kusela.,,,
review,indel,m,1.1,m'bishi,8,Jirani odu m'bishi oka na koshi vui na ndacha.,m'mbishi,7,W'andu w'engi w'akunde kilongozi m'mbishi.,,,
review,indel,c,2.8,chee,4,Kufuma ni chee hata linu nde wibore,hee,11,Hee ni kavui,,,
review,indel,m,1.5,kumneke,6,Mwana ukalila kumneke kikombe cha uji.,kuneke,9,Kuneke wavi ishima,,,
review,indel,l,2.0,lupoie,5,Lukundo nilo lupoie,upoie,10,Mlisha upoie ni Jesu.,,,
review,indel,k,4.0,kukunda,12,Kukunda kumoni yadaboia ela kulwana kila ituku.,kuunda,3,W'abonyi zoghori w'aralipa kodi kwa kaunti ya Daw'ida imbiri ya serikali kuunda kaunti.,,,
review,indel,e,4.0,w'eenda,12,W'ana w'eenda nyumbenyi kwa uo mndu nao w'ikanekwa magome.,w'enda,3,W'enda sarigha mpira ghwa mindi.,,,
review,indel,',2.0,w'esera,10,W'esera diende diw'ose,wesera,5,Wesera diende diwose,,,
review,indel,k,4.0,kwalazi,3,Nyamandu radaruma ngelo ra kwalazi.,walazi,12,Wadawana walazi walagha chofinyi.,,,
review,indel,a,1.5,iaghi,9,Midi maghana awi ghademwa ni waisanga kutesea iaghi ja skulu,ighi,6,Nawalindia ighi mapemba ghisejigho ni fuwe.,,,
review,indel,b,1.1,nikabie,7,Kakunda kidasi nikabie mwatululi,nikaie,8,Sidima nikaie na mwai ughokie na unitirire ngolo,,,
review,indel,k,1.1,kunyo,8,Kaja manga kunyo machi malazi,unyo,7,Kila munndu unyo chai na iole,,,
review,indel,w,4.0,yeagha,12,Kubonya kazi andukumweri ni chia iangue yeagha isanga.,yeaghwa,3,Skulu ija yeaghwa kavui na moda,,,
review,indel,k,2.0,kumanye,10,Ukakakongoma kumanye waw'uya mkongo.,umanye,5,Kilongozi wa mzedu ungirie ghadi uche uzighane umanye aha shida iko.,,,
review,indel,l,2.0,kuela,10,Idime ni ituku jipoiye ja iruwa na ndoo kuela kabisa,kulela,5,Wavi wijali kulela wana.,,,
review,indel,u,4.0,ghaka,12,"Isanga jakaya na malagho, Vilambo vajoka, Vilongozi wawoka malagho matini matini, njala yakaiya na malagho ghaka ghikurie.",ghakua,3,Malagho ghakua aha skuli at nawelemwa.,,,
review,indel,i,1.5,milazi,6,Mrighiti washoma kwa kujikaza kwa miaka milazi.,mlazi,9,Elimu ni mfunguo ghorughua minyango ya wulalo mlazi.,,,
review,indel,k,2.8,kwadeka,11,Ngera kwadeka?,wadeka,4,Mka wapo wadeka vindo visingie.,,,
review,indel,d,2.0,dikaie,10,Yakundika dikaie kindo chimweri sa waisanga,ikaie,5,Skulu iboie ni suti ikaie na vilasi va w'ana.,,,
review,indel,',1.1,w'azoya,8,w'azoya kureda madumbu,wazoya,7,Mwana wazoya kuavua,,,
review,indel,r,2.0,ielie,10,Chia ielie.,rielie,5,Nguwo riko rielie ni muhimu,,,
review,substitution,k/b,2.8,bara,11,Naenda bara magho,kara,4,Kara kara na mabonyo ghako,,,
review,substitution,m/k,4.0,korekoghe,12,Kokala korekoghe na mndumu na mkwake nao wedevamilwa ni vitoi.,morekoghe,3,"Morekoghe mkighenda nicha, nani wamnonia?",,,
review,substitution,o/e,1.5,kuneke,9,Kuneke wavi ishima,kuneko,6,Lomba na kufunge tumu kuneko alama.,,,
review,substitution,r/h,1.1,haja,7,Sine haja na njau.,raja,8,Nyoni iro raja wadudu wipoie.,,,
review,substitution,f/t,2.8,kofia,11,Kuseliwe kura kofia ya wusalama,kotia,4,Kukakunda w'uloli kotia w'ana,,,
review,substitution,j/d,2.0,deda,10,Jingi siwone kisuka cha deda,deja,5,Iguo deja mswara na mbogha ra kizenya na supu ya nguku.,,,
review,substitution,v/j,2.0,najo,5,Dwa Irina kuenda najo sa ngao.,navo,10,Wandu wekundikia wiheshimu vilambo vose daweishi navo.,,,
review,substitution,w/j,4.0,jawo,3,Isanga jawo ni jesirimika.,wawo,12,Waka wawo.,,,
review,substitution,k/m,2.8,kuka,11,Deko na bahati kuka na afya ipoiye,muka,4,Saa muka uko na kifu.,,,
review,substitution,d/w,2.0,dakundikie,5,Isi diwose dakundikie kuishimu hachi ra kidamu.,wakundikie,10,Wandu wakundikie wikae na ngolo ra wughoma.,,,
review,substitution,v/j,1.5,jiko,6,Igho jiko moyo na iyo mbari ya wueli.,viko,9,Wandu wakundikia vilambo viko navo karibu na eweweni.,,,
review,substitution,j/c,4.0,w'acha,12,W'andu w'acha na iseghe kumtesia mkongo,w'ajha,3,W'achukuo w'ajha w'ikaghuda,,,
review,substitution,l/o,4.0,kilo,12,Enda idukenyi kuuziro mapemba kilo isanau alafu kushelo mufu.,kioo,3,Kioo chabarika.,,,
review,substitution,k/v,1.5,kiw'ishi,6,Ni magome alinga kuagha kiw'acha kiw'ishi cha ndege?,viw'ishi,9,Opata vuo viw'ishi kufuma kwa w'aruna.,,,
review,substitution,k/m,4.0,ghwadika,3,Machi ghwadika,ghwadima,12,Wutamaduni ghwadima kukusanya wandu.,,,
review,substitution,n/i,1.5,kuida,9,Iro ngelo ramerie kuida.,kunda,6,Kunda jirani wako seji kujikunde,,,
review,substitution,i/a,4.0,wuka,3,Wuka shalu shalu,wuki,12,Nakundaa wuki.,,,
review,substitution,i/e,4.0,reja,3,Ng'ombe reja nyasi.,rija,12,Rija ngelo ni seji icho kifumbi cheka na kazi iw'i.,,,
review,substitution,a/o,1.5,kuneka,9,Wanake wefeana kuneka ishima wandu wabaa,kuneko,6,Lomba na kufunge tumu kuneko alama.,,,
review,substitution,p/b,1.5,riboie,9,Isanga iji jeko na mila riboie.,ripoie,6,Oho kwameria kusikia maza ripoie.,,,
review,substitution,w/d,2.0,daweenda,5,Daweenda kota mbia,waweenda,10,Nyihi nedeghesha waweenda nyumbenyi.,,,
review,substitution,r/v,4.0,riao,12,Ndodo rako ni riao?,viao,3,Mombasa w'ajaa vindo viao?,,,
review,substitution,b/p,1.1,ghiboiye,7,kichuku chadima kureda maghaluso ghiboiye.,ghipoiye,8,Bahari yeko na mawimbi ghipoiye,,,
review,substitution,e/a,2.8,chashighadi,11,Lukundo lwa loli ndolugheshagha malagho gha chashighadi.,cheshighadi,4,Deko na soko ya andenyi na ya cheshighadi.,,,
review,substitution,y/j,2.0,jasia,5,Ivunde jasia,yasia,10,Kalamu yasia wwino,,,
review,substitution,m/k,2.8,maduka,4,Maduka ghafungwa,maduma,11,Nguwe radaja maduma,,,
review,substitution,y/n,1.5,nafunya,9,Nafunya chaw'ucha,yafunya,6,Ndoe yafunya mavalo ghake.,,,
review,substitution,n/w,2.0,nanywa,5,Nikakola nanywa kikombe chimweri ni basi.,wanywa,10,Wanywa chai.,,,
review,substitution,i/l,4.0,kokaia,3,Wanda wadaagha kokaia.,kokala,12,Jingi ndekusikire nereibonyenghe mipango kokala uko?,,,
review,substitution,s/n,4.0,keni,3,Oho ko mwana wani keni?,kesi,12,Niko naghamba muche na mayo na ndeo di dede kesi,,,
review,substitution,a/u,4.0,kau,12,Nabwaghwa ni njala na kau,kuu,3,Kishere cheoma kuu.,,,
review,substitution,w/l,2.0,loka,5,Ela dendapwana loka ni lukundo,woka,10,Mwai uhu woka na kifu/mzigo,,,
review,substitution,v/m,1.5,milazi,6,Mrighiti washoma kwa kujikaza kwa miaka milazi.,vilazi,9,Weka na vuo vilazi,,,
review,substitution,n/k,4.0,kameria,3,Kwachora kameria,nameria,12,"Nameria kuonda mariwa,yanifwana nighale mzedu.",,,
review,substitution,w/k,2.0,kawi,10,Linu ni kiramka kawi,wawi,5,Wandu wawi waguagha na wishorombote.,,,
review,substitution,i/t,2.0,ghikaie,5,Kuwadana kwadima kubonya malagho ghikaie ghiangue.,ghikate,10,Ng'ondi raja kisambura na rikanywa machi ghikate.,,,
review,substitution,g/y,2.8,wafunga,4,Wafunga mabao awi.,wafunya,11,"Nao ukachiwada kikombe, ngera iji wameria wafunya chawucha.",,,
review,substitution,u/a,2.0,wakongo,5,Mrighiti orighika wakongo kwa sere.,wukongo,10,Mburi ra mzuri refwa rose rendapata wukongo,,,
review,substitution,d/m,2.0,deda,10,Jingi siwone kisuka cha deda,dema,5,Naenda dema isaka,,,
review,substitution,k/w,4.0,kameria,3,Kwachora kameria,wameria,12,"Nao ukachiwada kikombe, ngera iji wameria wafunya chawucha.",,,
review,substitution,m/n,1.5,mcha,6,Aba mlungu Koko mcha na kwaine wughoma.,ncha,9,Mando ghamu ni ncha kubonya mazoezi,,,
review,substitution,k/w,2.0,woka,10,Mwai uhu woka na kifu/mzigo,wowa,5,Wanikumba wowa,,,
review,substitution,w/n,4.0,nabonyere,3,Nabonyere Kazi Kireti,wabonyere,12,Sharon wabonyere wanidu winileghe putu.,,,
review,substitution,w/m,2.8,maduka,4,Maduka ghafungwa,waduka,11,Waduka machi chongo,,,
review,substitution,u/a,2.8,kaka,4,Nyumba ya kaka erew'ada modo.,kuka,11,Deko na bahati kuka na afya ipoiye,,,
review,substitution,r/s,4.0,mara,3,W'andu w'anekwa kumara-mara ichia na ichia.,masa,12,Mka wakufungua masa,,,
review,substitution,w/k,2.0,kaja,5,Kaja manga kunyo machi malazi,waja,10,Awa wabonya nicha ela waja wabonya nicha na ndighi.,,,
review,substitution,w/f,1.5,mfano,6,Mlungu oduumba kwa mfano ghwake.,mwano,9,Obonya mwano.,,,
review,substitution,v/w,2.0,navo,10,Wandu wekundikia wiheshimu vilambo vose daweishi navo.,nawo,5,Nawo wichapata ndighi mbishi.,,,
review,substitution,g/v,4.0,gonda,3,Kala w'andu w'aravina dazi iw'angwagha gonda.,vonda,12,Vonda vadafaa vioghosho,,,
review,substitution,a/w,1.5,aeni,6,Koko aeni aghadi yedu.,weni,9,Mwalale mana weni kombo mwanyama huwo.,,,
review,substitution,n/d,4.0,dimerie,3,Ni suti dimerie w'ukiw'a ughu mwaka ghuchaa.,nimerie,12,Wesera nimerie,,,
review,substitution,y/m,4.0,mamba,12,Omba umilo ni mamba.,yamba,3,Boboro yamba ilunguo ara churia machi,,,
review,substitution,n/l,2.8,sile,4,Kukaniw'ona kunilaw'ie sile yako.,sine,11,Sine haja na njau.,,,
review,substitution,j/w,4.0,javika,3,Ituku jekombolwa javika,wavika,12,Waaghi wavika.,,,
review,substitution,d/s,2.0,w'edu,10,W'ana w'edu w'azoghua,w'esu,5,Kwaselie kuw'ona igho ja w'esu?,,,
review,substitution,n/d,2.8,kwadeka,11,Ngera kwadeka?,kwaneka,4,Kwaneka koshi vindo?,,,
review,substitution,r/a,4.0,viao,3,Mombasa w'ajaa vindo viao?,viro,12,Mchakuw'ida viro.,,,
review,substitution,g/c,1.1,chalaghaya,7,Chadu kimweri chalaghaya,ghalaghaya,8,Kuwa midi kwawetesia na kupoisa pia kukota msangagha kwareda malagho mengi pia machi ghalaghaya ndeghiwewoneka,,,
review,substitution,t/w,2.0,kati,5,Chuki kati ya wanajamii matuku ghose hureda hasara,kawi,10,Linu ni kiramka kawi,,,
review,substitution,v/y,1.5,vawo,9,"Na ngera kama niwupande ghobonya kama zoghori huwu wakati wandu wawa vindo vawo, mwauzira masanga ghia na ghia?",yawo,6,Kila wandu weko na mizango yawo winugha,,,
review,substitution,m/t,1.5,meri,9,Oka na meri ikenda.,teri,6,Kuboa kwaro ni vua ikanya yaenga yainja teri.,,,
review,substitution,l/k,4.0,kokala,12,Jingi ndekusikire nereibonyenghe mipango kokala uko?,kolala,3,Kolala mtaronyi wele,,,
review,substitution,e/o,4.0,ndeuko,12,Grace ndeuko mzinyi waenda cha Makadara uzighano kama wahoa,ndouko,3,Ndouko ungi uchakukunda unichumbe.,,,
review,substitution,w/n,1.5,naghua,6,Naghua vuo virandadu na kalamu iw'i,waghua,9,Waghua mtorori.,,,
review,substitution,s/c,2.0,kwacha,10,Kwaki kwacha nakio,kwasha,5,Obia saji kwasha ni mwachaka,,,
review,substitution,l/d,4.0,dini,12,W'ele dini yako ni iyao?,lini,3,Kwache kufuma lini mdawana wa mzedu,,,
review,substitution,u/e,2.8,wadeka,4,Mka wapo wadeka vindo visingie.,waduka,11,Waduka machi chongo,,,
review,substitution,c/g,4.0,chabarika,12,Kilole chabarika,ghabarika,3,Maghi ghabarika ghiko kichungunyi.,,,
review,substitution,m/k,1.1,isaka,8,Naenda dema isaka,isama,7,Odewadwa ni isama,,,
review,indel,o,1.8,lala,5,W'andu w'ose w'aw'eghenda lala nokoo,olala,9,Mlindiri olala ukilindia.,,,
review,indel,s,3.7,rua,3,Rua ishati,rusa,11,nanekwa rusa ni mao,,,
review,indel,i,1.8,kuida,9,Iro ngelo ramerie kuida.,kuidia,5,Wandu wadajifundisha kuidia makosa.,,,
review,indel,r,1.0,kurwa,7,Kuseliwe kurwa vadu va wusalama,kuwa,7,Kuwa mbogha,,,
review,indel,v,1.3,ama,8,Wele idime se kwaendie njumonyi ama kwasinda nyumbenyi.,vama,6,Weke mao wadakaia na vama vawo va kila jumwa.,,,
review,indel,i,1.8,bibilia,5,Nadapoilwa kushoma bibilia,biblia,9,Biblia etafsirilwa kwa viteto vizima vizima.,,,
review,indel,w,1.3,mfano,6,Mlungu oduumba kwa mfano ghwake.,mfwano,8,Mfwano ghwa imbiri putu.,,,
review,indel,i,1.3,kiimbiri,6,Seremghorieghe malagho agha kiimbiri,kimbiri,8,Uhuu muisanga wakunde kwenda kimbiri.,,,
review,indel,a,1.0,masanu,7,Neka kula umweri maghana ghake masanu.,msanu,7,Isangenyi koka na wandu wikate milioni mrongo msanu.,,,
review,indel,n,1.3,aisi,8,Derekoghe dafungwa aisi ya sharia.,naisi,6,Seya naisi,,,
review,indel,',2.5,w'adaenda,4,Daw'ida w'aka na w'omi w'adaenda mbuw'enyi.,wadaenda,10,Wadawana watini wadaenda msidunyi widiwe nyonyi na mbewa,,,
review,indel,o,3.7,bara,11,Naenda bara magho,obara,3,Obara nyungu vibengula kwa kutumia igho.,,,
review,indel,u,1.3,mvi,6,Mvi ukakakukotia makoto yekundika kutumbulie kwa wumboa.,mvui,8,koka mvui,,,
review,indel,k,1.3,kuneko,6,Lomba na kufunge tumu kuneko alama.,uneko,8,Uneko nguma,,,
review,indel,u,2.5,kakaia,4,Mndu kakaia na choyo kwam'manyira kuvisa vindo.,ukakaia,10,Sabina nuo uzoe kughuwona muzi ghwa John Kombo ukakaia aho.,,,
review,indel,f,2.5,fwaida,4,Hikima yaw'adie fwaida mbaa kuchumba fedha.,waida,10,Weke mwangalanga waida itakoni wikilola mwatulituli rilagharie,,,
review,indel,k,1.3,kwakaia,8,Kwakaia na ani kenyu?,wakaia,6,Wakaia mkongo.,,,
review,indel,u,2.5,w'echa,10,W'azighaniri w'echa w'a manosi gha Mlungu.,w'echua,4,Nio mana w'eke matee w'echua kii.,,,
review,indel,',2.5,w'ujuzi,10,Mbaa odu oko na w'ujuzi.,wujuzi,4,Wufundi ni wujuzi ghwa maana,,,
review,indel,r,3.7,idareda,11,Midi idareda vua.,ridareda,3,Rwai ridareda malaria,,,
review,indel,j,1.8,imange,9,Ndekune chidimagha kumghiria mndu uko na njama imange.,jimange,5,Uo ni igho jimange.,,,
review,indel,',1.0,w'akunde,7,W'aja w'andu w'akunde w'ada?,wakunde,7,Uhuu muisanga wakunde kwenda kimbiri.,,,
review,indel,y,2.5,kuboie,10,Ihii bahari eka mbaimbai kuboie.,kuboiye,4,Njama iboie yadima kughalusa wurumwengu kukaiya andu kuboiye.,,,
review,indel,k,2.5,kuboie,10,Ihii bahari eka mbaimbai kuboie.,uboie,4,Ivi vindo veko na msingo uboie.,,,
review,indel,k,3.7,kuje,11,Enda kusee kidombo kuje.,uje,3,Angu uje aba wamkunde mwana,,,
review,indel,o,1.3,oshoma,6,Mrighiti oshoma kwa kutima eri uvikie ndodo rake.,shoma,8,kila kifulanguwo isi dida shoma vuo va chughano.,,,
review,indel,i,3.7,nighore,3,Kwakunde nighore w'ada?,nighorie,11,Kukalemwa nighorie,,,
review,indel,k,2.5,kwanizera,4,Kimangu kwanizera,wanizera,10,Uja waniboisa niomoni wanizera niduke igodoro japo nighende.,,,
review,indel,',3.7,w'afunya,3,W'afunya mifuko idadu ya posho.,wafunya,11,"Nao ukachiwada kikombe, ngera iji wameria wafunya chawucha.",,,
review,indel,',1.8,w'akongo,9,"Namanya nikokoni, w'andu w'amba w'aw'ona sejhi sipitali ralemwa kutesia w'akongo",wakongo,5,Mrighiti orighika wakongo kwa sere.,,,
review,indel,k,3.7,wadua,3,Wandu wa Mwatate wadua wiseche na mburi,waduka,11,Waduka machi chongo,,,
review,indel,w,1.8,okaba,9,Okaba mae na ndighi rose ukawuia mkongo,okabwa,5,Okabwa kisaya ni polisi.,,,
review,indel,m,1.8,itini,9,Igho itini jakumbagha mburi kula.,mitini,5,Misele mitini mitini yadareda mafanikio mabaa.,,,
review,indel,k,1.3,isaa,6,Mka wamuongosha mwana kwa isaa jimweri.,isaka,8,Naenda dema isaka,,,
review,indel,y,2.5,upoie,10,Mlisha upoie ni Jesu.,upoiye,4,Mwanafunzi upoiye ni uja uko na tabia ripoiye na ishima ja hali ya ighu,,,
review,indel,p,1.3,chua,6,Chongonyi kwake kwa chua maghesho pacha,chupa,8,Chupa ya wuki yaweuza idukenyi.,,,
review,indel,w,2.5,faida,10,W'akulima w'amu w'azoe kufugha choki kwa w'undu ghwa faida raw'o.,fwaida,4,Hikima yaw'adie fwaida mbaa kuchumba fedha.,,,
review,indel,',3.7,w'iche,11,W'anga w'andu w'iche tesia,wiche,3,Wizere wiche lawuke,,,
review,indel,y,2.5,chipoie,4,Ndekune kilambo chingi chipoie sa kukia.,chipoiye,10,Charo chipoiye cheko na malipo ghipoiye,,,
review,indel,w,1.8,kuneka,9,Wanake wefeana kuneka ishima wandu wabaa,kunekwa,5,Mrighiti woderighita bila kunekwa magome.,,,
review,indel,r,3.7,kungia,11,W'ereleloghe ni kungia kwa kusowa irumirio.,kungira,3,Olemwa ni kungira goli.,,,
review,substitution,o/e,1.3,ghe,8,Wazazi wafunya malengo ghe teseia.,gho,6,Ihii nyumba eko na wulalo gho horesha.,,,
review,substitution,y/w,2.5,waida,10,Weke mwangalanga waida itakoni wikilola mwatulituli rilagharie,yaida,4,Miaka milazi yaida vua isenyee,,,
review,substitution,r/y,1.0,raoma,7,Midi raoma,yaoma,7,Pagha yaoma.,,,
review,substitution,s/w,1.8,saghua,5,Saghua mafundisho w'ulalo ghwa feza.,waghua,9,Waghua mtorori.,,,
review,substitution,p/k,1.3,kunda,6,Kunda jirani wako seji kujikunde,punda,8,Mwana wa punda olasa mae na iseghe.,,,
review,substitution,l/d,3.7,w'adima,11,W'ashomi na w'alimu w'adima kubonya ichi kibarua,w'alima,3,W'andu w'alima kilandu,,,
review,substitution,m/b,3.7,bara,11,Naenda bara magho,mara,3,W'andu w'anekwa kumara-mara ichia na ichia.,,,
review,substitution,w/r,3.7,kwaro,3,Rikavika saa ikumi na imweri kwaro nafuma.,kwawo,11,Mwai wapo waghalie kwawo.,,,
review,substitution,m/k,1.3,aka,6,Aka oko mkongo sana.,ama,8,Wele idime se kwaendie njumonyi ama kwasinda nyumbenyi.,,,
review,substitution,e/a,2.5,yasia,10,Kalamu yasia wwino,yesia,4,Mbeu ya manga yesia mpaka diguo zima,,,
review,substitution,m/w,3.7,maghosi,3,Maghosi ghose ghaw'ikwa andu kumweri.,waghosi,11,Wandu wikundikie wineke waghosi heshima.,,,
review,substitution,a/e,2.5,waja,10,Awa wabonya nicha ela waja wabonya nicha na ndighi.,waje,4,Waje wai waichi kuvina,,,
review,substitution,d/w,1.8,dekunda,9,dekunda kughala,wekunda,5,Wekunda kukira magome gha mavuda.,,,
review,substitution,n/s,1.8,kuneke,9,Kuneke wavi ishima,kuseke,5,Kuseke tima kuniwada wushu ghwapo.,,,
review,substitution,m/p,1.3,kumanga,6,Kurumaghia kwadareda kumanga na ndighi.,kupanga,8,Kichuku chikwanagha kupanga kifwa na wawa wa waka.,,,
review,substitution,e/u,1.0,venyu,7,Dichatesia vipughi venyu vose.,vunyu,7,Nimanyaghan w'ada neka na vunyu?,,,
review,substitution,k/m,1.8,kwasinda,9,Wele idime se kwaendie njumonyi ama kwasinda nyumbenyi.,mwasinda,5,"Wele moko hao,namroghua wele mwasinda.",,,
review,substitution,f/y,2.5,faida,10,W'akulima w'amu w'azoe kufugha choki kwa w'undu ghwa faida raw'o.,yaida,4,Miaka milazi yaida vua isenyee,,,
review,substitution,u/a,2.5,ghapoie,4,Maisha ghapoie kula ituku,ghupoie,10,Ivo vindo vaka na msingo ghupoie.,,,
review,substitution,a/o,2.5,woka,10,Mwai uhu woka na kifu/mzigo,woko,4,Kila mndu woko na miri na asili yake,,,
review,substitution,u/a,2.5,chama,10,Orebonya chama cha siasa kiw'ishi.,chuma,4,Kumuoghosha sa chuma.,,,
review,substitution,s/j,1.0,haja,7,Sine haja na njau.,hasa,7,W'andu hasa w'a kiw'omi kughochuaghochua chienyi ni w'aya.,,,
review,substitution,k/b,1.3,kubaa,8,Oka na kilema kubaa wushunyi ghwape.,kukaa,6,Wangu wakundikia kukaa na mawono malazi.,,,
review,substitution,j/w,3.7,kujoka,11,Nadaobua kujoka ndege,kuwoka,3,Njama iboie ni kuwoka kuboilwa.,,,
review,substitution,u/a,1.3,kumanga,6,Kurumaghia kwadareda kumanga na ndighi.,kumangu,8,Nakunda kumangu ngera nedeka oho.,,,
review,substitution,a/u,1.3,panda,6,Panda yededumbuka,punda,8,Mwana wa punda olasa mae na iseghe.,,,
review,substitution,w/l,1.8,kilacha,9,Charo chapo chedeka kilacha na chechokesha,kiwacha,5,Kiwacha chiao wana wapo?.,,,
review,substitution,w/n,1.3,napata,8,Napata Chaghu,wapata,6,Kwahuwo ngera mndu wapata wasi wadima ukimbie/ ulase iseghe,,,
review,substitution,k/a,1.3,aina,8,Ijo itunda jeka aina zima.,kina,6,Kina chakotwa,,,
review,substitution,e/u,1.0,meda,7,Meda na ndiwa rachua machi.,muda,7,Tumia muda na familia yako,,,
review,substitution,o/i,1.3,inda,8,Chala chimweri ndechibaragha inda.,onda,6,Endenyi onda mifugho redu wana wapo.,,,
review,substitution,w/p,1.3,pedu,8,Sigha nighende pedu niwone mao na wanidu,wedu,6,Ihii skulu yawatesia wadawana wedu.,,,
review,substitution,n/j,3.7,jaw'o,3,W'andu w'engi w'ekiria kutini baada ya ishua jaw'o kuzama.,naw'o,11,W'avi naw'o wiasinda kibaruonyi dii,,,
review,substitution,i/a,2.5,wakundikie,10,Wandu wakundikie wikae na ngolo ra wughoma.,wikundikie,4,Wandu wikundikie wiwe na mawino mabaa.,,,
review,substitution,s/k,1.8,joka,9,Joka lughongonyi,josa,5,Josa nalughu,,,
review,substitution,n/w,2.5,kunona,4,Kukakaiya na w'ow'a kwadima kunona malagho.,kuwona,10,"Dedimeghe kuwona shimba, chovu, ndigha katika mazingira ghawo",,,
review,substitution,k/j,1.8,jafuma,9,Iruwa jafuma jikalie shuu idime.,kafuma,5,kafuma nakio kusewuye aha,,,
review,substitution,d/r,1.0,dedeka,7,Isi dedeka ni wandu weshoma.,redeka,7,Ngelo refunya chughano redeka luma lwa kenyi angu nakio,,,
review,substitution,w/y,2.5,wakundikie,10,Wandu wakundikie wikae na ngolo ra wughoma.,yakundikie,4,Dadima ngera dizere hali ya agho makongo yakundikie wandu wibonye wada?,,,
review,substitution,a/i,1.0,ukaenda,7,Mndwaw'omi wako onywa chofi ukaenda nyumbenyi.,ukienda,7,Ija koshi yedemluma mwanedu wa womi ukienda mbuwenyi.,,,
review,substitution,k/w,3.7,kuka,11,Deko na bahati kuka na afya ipoiye,wuka,3,Wuka shalu shalu,,,
review,substitution,n/v,2.5,manongo,10,Aghia manongo,mavongo,4,Ichi chia yeko na mavongo mabaa.,,,
review,substitution,e/a,1.8,chachua,9,Choro chachua.,chechua,5,Kijiji chedu chechua w'ai w'ighokie,,,
review,substitution,y/r,1.3,rangia,6,Fuwe rangia mbuwenyi,yangia,8,Chola yangia mrumenyi,,,
review,substitution,w/y,2.5,wasia,4,Uji wasia kwa samosi,yasia,10,Kalamu yasia wwino,,,
review,substitution,v/r,1.0,renyu,7,Rashuenyi ngolo renyu,venyu,7,Dichatesia vipughi venyu vose.,,,
review,substitution,n/y,2.5,navika,10,"Navika idukeni, nikakua jhafungwa",yavika,4,ngelo yeenda bonya kazi nyumbeni yavika,,,
review,substitution,e/a,1.3,wundanyi,8,Deko na waghenyi sena saki ni vika Wundanyi,wundenyi,6,Ihii bahari eko na wundenyi gho vutia ndenyi.,,,
review,substitution,n/w,1.3,naboilwagha,8,Ini naboilwagha kushoma vuo vesekesha.,waboilwagha,6,Weke mao waboilwagha shuu kuluka chungo,,,
review,substitution,w/i,2.5,yasia,10,Kalamu yasia wwino,yaswa,4,Bado simerie kudeka na ndoe yaswa.,,,
review,substitution,e/u,3.7,weka,11,Wandu weka na kiwiwi na isi.,wuka,3,Wuka shalu shalu,,,
review,substitution,r/j,1.8,jizamie,5,Shimba radima kukaia na irumba jizamie.,rizamie,9,Wandu wamu wadakaiya nyumbenyi rawo eri kuepuka hali rizamie ra hewa,,,
review,substitution,v/j,1.8,jasia,5,Ivunde jasia,vasia,9,Wokoni vasia,,,
review,substitution,m/v,1.8,mitini,5,Misele mitini mitini yadareda mafanikio mabaa.,vitini,9,Sasa vindo vakaiya vitini ndeviwekata wandu.,,,
review,substitution,p/b,2.5,uboie,4,Ivi vindo veko na msingo uboie.,upoie,10,Mlisha upoie ni Jesu.,,,
review,substitution,c/g,1.3,che,6,Ghenda kulole chaghu che bonya,ghe,8,Wazazi wafunya malengo ghe teseia.,,,
review,substitution,n/w,2.5,nadeka,10,Nadeka mswara nighuje na mariwa ghivimbie idime.,wadeka,4,Mka wapo wadeka vindo visingie.,,,
review,substitution,g/j,1.3,ighi,6,Nawalindia ighi mapemba ghisejigho ni fuwe.,ijhi,8,Ikanisa ijhi jhe kaba makofi Jiwangwagha,,,
review,substitution,u/i,3.7,madima,3,Madima gha mburi ghesinga,maduma,11,Nguwe radaja maduma,,,
review,substitution,n/j,1.8,jafunya,5,Iji igare jafunya huduma bora kwa wose.,nafunya,9,Nafunya chaw'ucha,,,
review,substitution,n/i,1.8,iembe,5,Iembe jewoa,nembe,9,Kwadauza maghanga nembe.,,,
review,substitution,t/g,1.3,ghe,8,Wazazi wafunya malengo ghe teseia.,the,6,Olow'orwa kwa mghosi wa miaka mrongo mfungade uko the miaka ikumi na inya.,,,
review,substitution,s/b,1.8,ibirie,5,Shimba ni nyamandu ibirie,isirie,9,Dakumbie kura juma isirie.,,,
review,substitution,o/a,1.0,kughua,7,Kuaeliwe kughua vilambo va fwana,kughuo,7,Mao odekuzera kwende kughuo wusiku na wusiku,,,
review,substitution,f/r,2.5,kwafwa,4,Kemangia cha mwanyinyu kwafwa mkiwa.,kwarwa,10,Kwarwa nguwo kifirika,,,
review,substitution,e/a,2.5,kuala,4,Idime ni oho kuala w'uli.,kuela,10,Idime ni ituku jipoiye ja iruwa na ndoo kuela kabisa,,,
review,substitution,e/i,1.0,chasea,7,Kiraa chasea wandu waweenda cha nyumbenyi.,chasia,7,Kirebiti chasia.,,,
review,substitution,y/j,2.5,waja,10,Awa wabonya nicha ela waja wabonya nicha na ndighi.,waya,4,Mwaawu waweenda waya mbogha,,,
review,substitution,n/w,1.8,nalumwa,5,Nalumwa ni ngalamvo.,walumwa,9,Walumwa ni mwambandenyi,,,
review,substitution,l/j,1.8,joka,9,Joka lughongonyi,loka,5,Ela dendapwana loka ni lukundo,,,
review,substitution,k/z,2.5,kwaka,4,Kwaki kwaka na machu,kwaza,10,Leka nije kwaza nama nijoke wulinyi,,,
review,substitution,b/l,2.5,kubuka,4,Vua yadima kureda kubuka .,kuluka,10,Siichi kuluka iridia,,,
review,substitution,h/m,3.7,hee,11,Hee ni kavui,mee,3,Mee mwana,,,
review,substitution,l/w,1.3,nilo,6,Lukundo nilo lupoie,niwo,8,Uo niwo uwiseragha wabaa.,,,
review,substitution,d/n,2.5,dadeka,4,Cho dije dadeka mswara na mnavu.,nadeka,10,Nadeka mswara nighuje na mariwa ghivimbie idime.,,,
review,substitution,i/o,3.7,mkiw'a,11,Ini moni si mkiw'a.,mkow'a,3,Nineke mkow'a ghofunga kiw'onu.,,,
review,substitution,w/r,3.7,rusa,11,nanekwa rusa ni mao,wusa,3,Wusa voro kufuma kwa aba na mao.,,,
review,substitution,a/i,2.5,navo,10,Wandu wekundikia wiheshimu vilambo vose daweishi navo.,nivo,4,Sere na wutulivu nivo vilambo suti isangenyi.,,,
review,substitution,u/a,1.0,w'ahalifu,7,Bunduki nyingi regulwa eri ritumilo kulwa na w'ahalifu.,w'uhalifu,7,W'uhalifu ghobonywa na irina jape.,,,
review,substitution,a/e,2.5,kuwona,10,"Dedimeghe kuwona shimba, chovu, ndigha katika mazingira ghawo",kuwone,4,Ghenda hata kwake kuwone seji usirie,,,
review,substitution,m/i,1.8,ikelu,5,Kwadikwa ni luda sa ikelu,mkelu,9,Mkelu wadaghamba ngolonyi kwake.,,,
review,substitution,e/a,2.5,wakundikie,10,Wandu wakundikie wikae na ngolo ra wughoma.,wekundikie,4,Wandu wekundikie wijenge kichuku bora.,,,
review,substitution,i/u,1.8,ghichagha,5,Kujifunya ni chia yewikia matuku ghichagha.,ghuchagha,9,Vua mbaha yaw'esuw'irilwa mori ghuchagha.,,,
review,substitution,e/a,1.8,kuogha,5,Nashinika ngere nidimagha kuogha vuonyi.,kuoghe,9,nakesho kaw'uka kuoghe,,,
review,substitution,v/a,1.3,aina,8,Ijo itunda jeka aina zima.,vina,6,"Kiture, vina na midegho.",,,
review,substitution,w/m,1.0,muda,7,Tumia muda na familia yako,wuda,7,Isanga jedu ndedine wuda,,,
review,substitution,v/n,1.8,nawo,5,Nawo wichapata ndighi mbishi.,vawo,9,"Na ngera kama niwupande ghobonya kama zoghori huwu wakati wandu wawa vindo vawo, mwauzira masanga ghia na ghia?",,,
review,substitution,j/d,1.3,inda,8,Chala chimweri ndechibaragha inda.,inja,6,Inja machu ghako.,,,
review,substitution,u/a,3.7,kangia,3,Linu kamruke kangia.,kungia,11,W'ereleloghe ni kungia kwa kusowa irumirio.,,,
review,substitution,i/u,1.3,kimanga,8,Mwakichwa odejha kimanga cha makaji ighuo,kumanga,6,Kurumaghia kwadareda kumanga na ndighi.,,,
review,substitution,w/m,2.5,moko,10,W'omi moko na ndighi.,woko,4,Kila mndu woko na miri na asili yake,,,
review,substitution,y/r,1.3,rawo,8,Wandu wamu wadakaiya nyumbenyi rawo eri kuepuka hali rizamie ra hewa,yawo,6,Kila wandu weko na mizango yawo winugha,,,
review,substitution,n/d,2.5,davika,4,Ihi miaka davika daw'eseria w'eke w'aw'a.,navika,10,"Navika idukeni, nikakua jhafungwa",,,
review,substitution,n/l,3.7,chala,11,Chala chimweri ndechibaragha inda.,chana,3,Indu jawada Chana,,,
review,substitution,n/k,1.3,aka,6,Aka oko mkongo sana.,ana,8,Maghi ana ghachika.,,,
review,indel,',1.6,mdaw'ida,8,Ini ne Mdaw'ida tiki,mdawida,5,Nekunda kulowolwa ni mdawida ushomie,,,
review,indel,e,1.2,ekaia,6,Bea ekaia andwamweri.,kaia,7,Kaia na mawono mecha kwa malagho ghose kubonyagha kudafanikilwa.,,,
review,indel,',3.3,ndew'iichi,10,W'andu ndew'iichi kudeda na omoni,ndewiichi,3,"W'andu w'engi w'eichi kudeda Kidaw'ida, ela ndewiichi kuandika",,,
review,indel,m,1.6,iruke,5,Nekunda machi gha iruke,miruke,8,Midi idakua miruke.,,,
review,indel,k,3.3,kwaweenda,3,Kwaweenda mbuwenyi kulima na kuwaa mapemba .,waweenda,10,Nyihi nedeghesha waweenda nyumbenyi.,,,
review,indel,',2.2,kulow'olwa,9,Kwakunde kulow'olwa?,kulowolwa,4,Nekunda kulowolwa ni mdawida ushomie,,,
review,indel,',1.6,isuw'irio,5,Nasirilwa ni isuw'irio.,isuwirio,8,Kumwona inyo kwawanineka isuwirio ja loli.,,,
review,indel,u,2.2,kiramka,9,Nalomba kunidumie aghaje magome gheenda whughangenyi nakunda nifume aha kiramka kana.,kiramuka,4,Si wandu wose wicha kwapo kiramuka.,,,
review,indel,i,3.3,ijija,3,linu nidalala kwa igodoro ijija iwishi nigulo ni mao.,jija,10,Ituku jija chumbo riborwa,,,
review,indel,i,3.3,w'esera,10,W'esera diende diw'ose,w'eseria,3,W'eseria mao kutineri waw'iacha.,,,
review,indel,d,1.2,kudwa,6,Kusekeliwa kudwa isanduku jako cha vindo va nadime,kuwa,7,Kuwa mbogha,,,
review,indel,k,1.6,kwadabonya,5,Kutesia wazima kwadabonya maisha ghikaiye na ilengo.,wadabonya,8,Wandu wadabonya mashiniko.,,,
review,indel,o,1.2,kunda,6,Kunda jirani wako seji kujikunde,kuonda,7,"Nameria kuonda mariwa,yanifwana nighale mzedu.",,,
review,indel,',1.2,w'aw'ekunda,7,W'ana w'edu w'aw'ekunda kulow'ua,waw'ekunda,6,Wanizera waw'ekunda kulala.,,,
review,indel,k,3.3,kwanywa,3,Kwanywa uji wose,wanywa,10,Wanywa chai.,,,
review,indel,m,1.2,isaa,6,Mka wamuongosha mwana kwa isaa jimweri.,isama,7,Odewadwa ni isama,,,
review,indel,k,1.6,ndokudimagha,5,Mdamu sa okumoni ndokudimagha kumnyuya mghule.,ndoudimagha,8,Ndoudimagha kusoghoda andu usew'adie kifumbi cha magurudumu.,,,
review,indel,',3.3,w'anywa,3,W'anywa chofi nyingi,wanywa,10,Wanywa chai.,,,
review,indel,a,1.6,ndo,5,Mufu na mnavu ndo ghuko hata machi nighelola mwanedu.,ndoa,8,Ndoa ni ahadi ya loli,,,
review,indel,y,1.2,aka,6,Aka oko mkongo sana.,yaka,7,Iihi skulu yaka na mafundisho ghipoie.,,,
review,indel,k,2.2,kwaya,9,Ongia kwaya ya ikanisenyi.,waya,4,Mwaawu waweenda waya mbogha,,,
review,indel,',1.6,uw'u,8,Ado nikii uw'u kwaw'esekia huw'u?,uwu,5,Nawaenja mwana skuli ngelo ra saa ikenda uwu.,,,
review,indel,',1.6,mwaw'u,5,Mwaw'u w'aenda chaghunyi,mwawu,8,Uhu ni mwawu,,,
review,indel,y,1.6,kukakaia,8,Kukakaia mwana wa Abrahamu.,kukakaiya,5,Kukakaiya bila ndodo yaanguye kwako kulaghaya.,,,
review,indel,w,2.2,kwaneka,4,Kwaneka koshi vindo?,kwanekwa,9,Kwanekwa voro ni mwanyinyu.,,,
review,indel,k,3.3,kwanineka,3,Kwanineka ki,wanineka,10,Apa wanineka ighana,,,
review,indel,k,1.2,kwaw'uya,7,kwaw'uya mtini,waw'uya,6,Ukakakongoma kumanye waw'uya mkongo.,,,
review,indel,r,1.2,wabaa,6,Wanake wefeana kuneka ishima wandu wabaa,wabara,7,Mrighiti wabara mndu nicha.,,,
review,indel,n,1.6,ikaie,5,Skulu iboie ni suti ikaie na vilasi va w'ana.,nikaie,8,Sidima nikaie na mwai ughokie na unitirire ngolo,,,
review,indel,u,3.3,chonyi,10,Ndechiko chonyi kiwishi ndoenyi.,chuonyi,3,Momu ghoandikwa chuonyi.,,,
review,indel,h,2.2,kugala,4,Kila mndu osindanyavura kugala eri kuw'oka mazara kasho.,kughala,9,Kwalegha kughala,,,
review,indel,',3.3,olow'olwa,10,Mwana wa mwanedu olow'olwa mwaka ghusirie.,olowolwa,3,olowolwa ni jirani,,,
review,indel,',2.2,w'amerie,4,W'amerie kuara vongo vaw'o na sombe raw'o.,wamerie,9,Jesu wamerie ghose.,,,
review,indel,o,2.2,funga,9,Mao waenda funga mifugho,ofunga,4,Ofunga kifu chape na kitambaa.,,,
review,indel,n,2.2,jogholo,4,Jogholo radeda kughora iruw'a jabuka.,njogholo,9,Kulole Njogholo,,,
review,indel,k,1.2,kwaw'uka,6,Kwaw'uka mana?,waw'uka,7,Apa waw'uka mana?,,,
review,indel,i,2.2,ikavika,4,Nidakunulwa iridia ikavika kuramka-kasanu.,kavika,9,Kavika nikukabia mwatulituli,,,
review,indel,f,1.2,mano,7,Wona ghimbe ikineng'ena kusewone mano ghikitifuka.,mfano,6,Mlungu oduumba kwa mfano ghwake.,,,
review,indel,w,1.6,kusigha,8,Ilengo ja maisha ni kusigha alama iboie kwa vizazi vichagha.,kusighwa,5,Muisanga uhuu waboilwa ni kusighwa huru.,,,
review,indel,',2.2,w'amrika,4,W'amrika w'ineko kazi rifwane.,wamrika,9,Wamrika wawelola vaghu,,,
review,indel,u,2.2,ghora,9,"Nawekusikira, ghora ichi kukunde.",ghorua,4,Ini na mwanedu daweenda ghorua maghu.,,,
review,indel,',1.2,w'alemwa,6,W'abaa w'engi w'a Afrika w'alemwa ni kuneka w'azima ifwa.,walemwa,7,Mghadi wadabegha vindo ela walemwa ni kuvisoma.,,,
review,indel,a,1.6,mavui,5,Maisha ni mavui dighitumie nicha.,mvui,8,koka mvui,,,
review,indel,',3.3,w'ashomi,10,W'ashomi na w'alimu w'adima kubonya ichi kibarua,washomi,3,Teknologia yanona ishima kati ya washomi,,,
review,indel,',2.2,w'uhusiano,4,Iro mbari iw'I nderiw'adie w'uhusiano ghuboie.,wuhusiano,9,Kudedanya ni suti eri kuagha wuhusiano.,,,
review,indel,b,2.2,chuma,4,Kumuoghosha sa chuma.,chumba,9,Chumba cheka na meza na vifumbi vidadu,,,
review,indel,s,2.2,w'uhuru,9,W'uhuru ghotasa ghoko.,w'ushuru,4,W'ushuru ghwajhoka nandighi agha matuku,,,
review,indel,k,1.2,iw'ishi,7,Ituku iw'ishi jazoya.,kiw'ishi,6,Ni magome alinga kuagha kiw'acha kiw'ishi cha ndege?,,,
review,indel,k,1.2,kwapata,7,Ilombi jelomba w'utesia ngelo kwapata w'asi.,wapata,6,Kwahuwo ngera mndu wapata wasi wadima ukimbie/ ulase iseghe,,,
review,substitution,r/w,3.3,raida,3,Sawau raida,waida,10,Weke mwangalanga waida itakoni wikilola mwatulituli rilagharie,,,
review,substitution,a/u,1.6,kimanga,8,Mwakichwa odejha kimanga cha makaji ighuo,kimangu,5,Kimangu kwanizera,,,
review,substitution,k/y,2.2,kwaka,4,Kwaki kwaka na machu,kwaya,9,Ongia kwaya ya ikanisenyi.,,,
review,substitution,d/w,2.2,kuida,9,Iro ngelo ramerie kuida.,kuiwa,4,Kuiwa kindu cha mundu ungi ni karakakara?,,,
review,substitution,i/u,2.2,chifu,9,Uhu useghendie skulu wakotelwa ni chifu uende umbone,chufu,4,Chufu ndouw'adie ndoe.,,,
review,substitution,v/d,3.3,dikaie,10,Yakundika dikaie kindo chimweri sa waisanga,vikaie,3,leka vikaie na oho,,,
review,substitution,r/n,2.2,nacha,9,Nacha nyumbenyi,racha,4,Racha wele,,,
review,substitution,n/y,3.3,namba,10,W'ubaa ghwa chadu chapo ni kufuma namba ya ikenda mpaka namba ikumi na imweri.,yamba,3,Boboro yamba ilunguo ara churia machi,,,
review,substitution,w/n,3.3,naimbiri,10,Zoghori yape idakoni yaredagha mafungu kuchumba naimbiri.,waimbiri,3,Kukavika waimbiri udanekwa nguwo,,,
review,substitution,d/k,2.2,davika,4,Ihi miaka davika daw'eseria w'eke w'aw'a.,kavika,9,Kavika nikukabia mwatulituli,,,
review,substitution,d/n,3.3,wadineka,3,Mlungu wadineka zawadi ya asili.,wanineka,10,Apa wanineka ighana,,,
review,substitution,w/s,1.2,sidima,6,Sidima nikaie na mwai ughokie na unitirire ngolo,widima,7,Awa wiwae widima kupata.,,,
review,substitution,d/l,2.2,wadumwa,4,Mwakio wadumwa idukenyii ukalegha,walumwa,9,Walumwa ni mwambandenyi,,,
review,substitution,p/y,1.2,paka,6,Okabwa paka ovimba w'ushu,yaka,7,Iihi skulu yaka na mafundisho ghipoie.,,,
review,substitution,'/m,1.6,m'bishi,8,Jirani odu m'bishi oka na koshi vui na ndacha.,mmbishi,5,Wawa odenikotia makoto gha muzi ughuja mmbishi.,,,
review,substitution,t/z,1.6,kutima,5,Wadeki waboilwa kutima wudeki wugeni.,kuzima,8,Maisha ghikaendelia huwu didafuma dende kuzima.,,,
review,substitution,b/w,2.2,buli,4,Nidedungiria chai cha modo kwa buli.,wuli,9,Kukawuka kuale wuli,,,
review,substitution,u/i,1.6,ichagha,5,Aba udadamba njumwa ichagha,uchagha,8,Mbaha uchagha,,,
review,substitution,v/y,1.2,vaka,6,Vindo vako vaka tayari,yaka,7,Iihi skulu yaka na mafundisho ghipoie.,,,
review,substitution,a/u,2.2,waya,4,Mwaawu waweenda waya mbogha,wuya,9,Nawaenda ela simanyire ngera ni wuya.,,,
review,substitution,u/h,1.2,ogha,7,Kaenda Mombasa na kwende baharinyi kwa ogha na machi gha chumbi,ogua,6,Ogua vitorokonya vingi va wana vesarigha.,,,
review,substitution,v/j,3.3,jiao,10,Oho koko na irumirio jiao,viao,3,Mombasa w'ajaa vindo viao?,,,
review,substitution,y/w,1.6,wekunda,5,Wekunda kukira magome gha mavuda.,yekunda,8,Ihii kazi yekunda kuvumilia.,,,
review,substitution,w/m,3.3,moka,3,Nambe moka w'akelu huw'u!,woka,10,Mwai uhu woka na kifu/mzigo,,,
review,substitution,k/v,2.2,kibaha,9,Ndekune kighirio kibaha kwa mndu uko na kukunda kufanikilwa.,vibaha,4,Ndoupoilwa kushoma vuo vibaha,,,
review,substitution,w/y,3.3,waja,10,Awa wabonya nicha ela waja wabonya nicha na ndighi.,yaja,3,Koshi yaja pwaru wose.,,,
review,substitution,r/d,1.2,kudwa,6,Kusekeliwa kudwa isanduku jako cha vindo va nadime,kurwa,7,Kuseliwe kurwa vadu va wusalama,,,
review,substitution,v/m,1.2,mizima,6,Iri nguwo ni ra mishono mizima mizima.,vizima,7,Biblia etafsirilwa kwa viteto vizima vizima.,,,
review,substitution,c/g,3.3,chebonya,10,Hata kadamba cha Nairobi siolazima ingi kupate chaghu chebonya,ghebonya,3,Matuku arandadu ni ghebonya kazi.,,,
review,substitution,a/u,3.3,w'akelu,3,Nambe moka w'akelu huw'u!,w'ukelu,10,W'ukelu ghokusaghika na mali.,,,
review,substitution,d/y,1.2,dedeka,7,Isi dedeka ni wandu weshoma.,yedeka,6,Ighuo yedeka kiramka na idime ni kiramka kaw'i,,,
review,substitution,l/d,3.3,vidasi,10,Kukaluka vidasi na kuviuze kudapata magome.,vilasi,3,Skulu iboie ni suti ikaie na vilasi va w'ana.,,,
review,substitution,v/k,3.3,nako,3,Na uko kukaia moyo niko nako mumbinyi.,navo,10,Wandu wekundikia wiheshimu vilambo vose daweishi navo.,,,
review,substitution,a/e,2.2,kukora,9,Wacha kurashua na kukora mudi ughu.,kukore,4,Ghenda kukore iriko ja maka niwikirie mngulu.,,,
review,substitution,a/u,1.6,lugha,8,Kujifundisha lugha mbishi ni changamodo,lughu,5,W'andu w'a noko lughu w'adeda kiteto chifwanane.,,,
review,substitution,r/y,1.2,redeka,7,Ngelo refunya chughano redeka luma lwa kenyi angu nakio,yedeka,6,Ighuo yedeka kiramka na idime ni kiramka kaw'i,,,
review,substitution,e/i,1.6,nenyo,5,"Kubonyenyi mmbeni kukaia vitungure, nenyo mmbuye vitungure.",ninyo,8,Nineke machi ninyo.,,,
review,substitution,w/j,3.3,jaweenda,3,Iri igare jaweenda mbio.,waweenda,10,Nyihi nedeghesha waweenda nyumbenyi.,,,
review,substitution,a/w,3.3,kaenda,3,Kaenda Mombasa na kwende baharinyi kwa ogha na machi gha chumbi,kwenda,10,Uhuu muisanga wakunde kwenda kimbiri.,,,
review,substitution,n/u,2.2,ncha,9,Mando ghamu ni ncha kubonya mazoezi,ucha,4,Ucha ghudishwa,,,
review,substitution,z/l,1.6,ilanga,5,Ilanga jha choka,izanga,8,Napoilwa ni kufuma shighadi ya izanga,,,
review,substitution,a/i,3.3,dakaie,3,Dakaie dikilima aha kwa miaka raenga.,dikaie,10,Yakundika dikaie kindo chimweri sa waisanga,,,
review,substitution,e/a,3.3,kuwuya,10,Udakambira toe kuwuya nyumbenyi,kuwuye,3,Ghenda shwa shwa kuwuye,,,
review,substitution,u/i,1.6,kizima,5,W'adia kilambo kizima.,kuzima,8,Maisha ghikaendelia huwu didafuma dende kuzima.,,,
review,substitution,t/i,1.2,mkaie,7,Namvoya w'anedu mkaie sa iji koni niko.,mkate,6,Mkate ghwawurwa.,,,
review,substitution,e/a,3.3,nadaka,3,Ini nadaka na w'ow'a.,nadeka,10,Nadeka mswara nighuje na mariwa ghivimbie idime.,,,
review,substitution,v/y,3.3,navo,10,Wandu wekundikia wiheshimu vilambo vose daweishi navo.,nayo,3,Bahari yadima kukaia na wuzuri ghupoisirwanyo nayo.,,,
review,substitution,m/k,3.3,kwalale,10,Kwalale mana?,mwalale,3,Mwalale mana weni kombo mwanyama huwo.,,,
review,substitution,k/y,1.2,kwaw'uka,6,Kwaw'uka mana?,kwaw'uya,7,kwaw'uya mtini,,,
review,substitution,t/i,1.2,ghukaie,6,Lukundo lwadabonya wurumwengu ghukaie ghuboie shuu.,ghukate,7,Agho matangazo ndegherekoghe na mwengere ghukate eri w'andu w'ielelo.,,,
review,substitution,k/n,1.6,kapata,5,Kapata ndongolo kusedaghe washilu.,napata,8,Napata Chaghu,,,
review,substitution,d/n,1.6,dighende,5,Dighende Mghondinyi,nighende,8,Kucha sinda na mwana wapo ituku jichaa nakunda nighende njumonyi.,,,
review,substitution,a/o,2.2,vika,4,Deko na waghenyi sena ela ni vika kireti.,viko,9,Wandu wakundikia vilambo viko navo karibu na eweweni.,,,
review,substitution,a/o,1.6,kati,5,Chuki kati ya wanajamii matuku ghose hureda hasara,koti,8,Ni suti sharia ra koti rineko ishima.,,,
review,substitution,u/o,1.2,koichi,7,Koichi kushoma kidawida,kuichi,6,Na ni makanisa malinga kuichi?,,,
review,substitution,i/a,1.6,nawo,5,Nawo wichapata ndighi mbishi.,niwo,8,Uo niwo uwiseragha wabaa.,,,
review,substitution,r/f,3.3,faida,10,W'akulima w'amu w'azoe kufugha choki kwa w'undu ghwa faida raw'o.,raida,3,Sawau raida,,,
review,substitution,n/j,3.3,javika,3,Ituku jekombolwa javika,navika,10,"Navika idukeni, nikakua jhafungwa",,,
review,substitution,e/a,3.3,dada,3,Malagho ghaka mengi dada.,deda,10,Jingi siwone kisuka cha deda,,,
review,substitution,o/u,3.3,woka,10,Mwai uhu woka na kifu/mzigo,wuka,3,Wuka shalu shalu,,,
review,substitution,e/a,1.2,w'anekwa,7,w'anekwa irasi,w'enekwa,6,W'enekwa zawadi angu w'isimie.,,,
review,substitution,r/k,1.6,kaja,5,Kaja manga kunyo machi malazi,raja,8,Nyoni iro raja wadudu wipoie.,,,
review,substitution,d/k,3.3,didede,3,Wawecha didede.,dideke,10,Korenyi modo dideke chai.,,,
review,substitution,n/i,2.2,icha,4,Dibora chumbo ilinga njumwa icha ikanisenyi?,ncha,9,Mando ghamu ni ncha kubonya mazoezi,,,
review,substitution,l/j,3.3,waja,10,Awa wabonya nicha ela waja wabonya nicha na ndighi.,wala,3,Nausikira wala neusikira.,,,
review,substitution,i/a,3.3,nadeka,10,Nadeka mswara nighuje na mariwa ghivimbie idime.,nideka,3,Icho nideka mkongo nikaenda wughangenyi.,,,
review,substitution,v/w,2.2,vasia,9,Wokoni vasia,wasia,4,Uji wasia kwa samosi,,,
review,substitution,n/d,3.3,mdeke,3,Mdeke vindo vikate.,mneke,10,Mneke mariwa.,,,
review,substitution,b/j,1.6,baa,8,Baa w'awi kuchumba umweri.,jaa,5,Jaa mboa mboa,,,
review,substitution,m/w,3.3,mawiwi,10,Menyeni mawiwi,wawiwi,3,Awo wose ni wawiwi.,,,
review,substitution,m/r,2.2,mingi,4,W'ana ndew'ikaiaa miaka mingi skulu.,ringi,9,Kubulana ndekuw'etesia ringi,,,
review,substitution,k/n,3.3,kuwoka,3,Njama iboie ni kuwoka kuboilwa.,kuwona,10,"Dedimeghe kuwona shimba, chovu, ndigha katika mazingira ghawo",,,
review,substitution,i/a,1.6,kota,5,Daweenda kota mbia,koti,8,Ni suti sharia ra koti rineko ishima.,,,
review,substitution,o/e,2.2,weko,9,Weko Wadawida walazi wiko shighadi ya Dawida,woko,4,Kila mndu woko na miri na asili yake,,,
review,substitution,u/i,1.6,kimangu,5,Kimangu kwanizera,kumangu,8,Nakunda kumangu ngera nedeka oho.,,,
review,substitution,k/y,1.2,waw'uka,7,Apa waw'uka mana?,waw'uya,6,Ukakakongoma kumanye waw'uya mkongo.,,,
review,substitution,p/k,2.2,suku,9,Ng'ondi ndeine suku/Mwambori,supu,4,Iguo deja mswara na mbogha ra kizenya na supu ya nguku.,,,
review,substitution,n/r,1.6,nawo,5,Nawo wichapata ndighi mbishi.,rawo,8,Wandu wamu wadakaiya nyumbenyi rawo eri kuepuka hali rizamie ra hewa,,,
review,substitution,y/w,1.6,wangia,5,Wangia chumba cha mghenyu wape.,yangia,8,Chola yangia mrumenyi,,,
review,substitution,u/a,3.3,waja,10,Awa wabonya nicha ela waja wabonya nicha na ndighi.,wuja,3,Ruwukenyi wuja mpande.,,,
review,substitution,a/o,3.3,moka,3,Nambe moka w'akelu huw'u!,moko,10,W'omi moko na ndighi.,,,
review,substitution,i/n,2.2,iboiye,9,Ni ncha kuwishukuru walimu kwa kazi iboiye wawebonya,ibonye,4,Skulu hii yawetima ibonye ncha sana.,,,
review,substitution,l/p,1.6,kulila,5,Kulila kwa kusowa sere.,kulipa,8,Kulipa wushuru ni ijukumu ja kila muizanga,,,
review,substitution,u/e,1.2,kudeke,7,Kora modo kudeke,kuduke,6,Kukaghenda idukenyi kuduke mfuko,,,
review,substitution,v/w,1.2,kuva,6,Mbuwa yadakunda kualilwa eri kuva mapato malazi.,kuwa,7,Kuwa mbogha,,,
review,substitution,r/w,2.2,refwana,4,Iri nguku refwana riaghilo kitang'ara.,wefwana,9,Wandu wefwana wiheshimiane,,,
review,substitution,l/b,1.6,bugha,5,Ni bugha.,lugha,8,Kujifundisha lugha mbishi ni changamodo,,,
review,substitution,s/w,3.3,safu,10,Dawakora safu,wafu,3,Andu kwa wafu,,,
review,substitution,w/r,3.3,raweenda,3,Iri nyonyi raweenda mda mlacha.,waweenda,10,Nyihi nedeghesha waweenda nyumbenyi.,,,
review,substitution,i/o,2.2,ikoti,4,Warwa ikoti ja ndee.,ikoto,9,Ikoto aighu yefunga tumu.,,,
review,substitution,t/r,2.2,kukora,9,Wacha kurashua na kukora mudi ughu.,kukota,4,Kuwa midi kwawetesia na kupoisa pia kukota msangagha kwareda malagho mengi pia machi ghalaghaya ndeghiwewoneka,,,
review,substitution,t/l,1.2,lima,6,Wandu irandadu waenda lima mbuwa,tima,7,Kuasefo ngolo tima sena,,,
review,substitution,k/p,3.3,jhako,3,Irina jhako jiele,jhapo,10,Irumirio jhapo ini ni Mkristo,,,
review,substitution,l/k,2.2,ikacha,4,Ndekune ilagho itini ikacha malagho ghejifundisha.,ilacha,9,Oka na iridia ilacha,,,
review,substitution,k/y,2.2,kavika,9,Kavika nikukabia mwatulituli,yavika,4,ngelo yeenda bonya kazi nyumbeni yavika,,,
review,substitution,s/k,2.2,kukora,9,Wacha kurashua na kukora mudi ughu.,kusora,4,Kila mndu wadima kusora kwa kutuza isanga.,,,
review,substitution,e/a,3.3,dideka,3,Iguo dideka na waghenyu kufuma nairobi.,dideke,10,Korenyi modo dideke chai.,,,
review,substitution,l/m,3.3,lee,10,Maghembe ghedu dighisighie mbuwenyi denda ghionda lee?,mee,3,Mee mwana,,,
review,substitution,i/u,1.2,milungu,6,Maza rededanya na milungu,mulungu,7,Mulungu wadi jalia maisha ghipoiye,,,
review,substitution,n/m,3.3,chama,10,Orebonya chama cha siasa kiw'ishi.,chana,3,Indu jawada Chana,,,
review,substitution,d/r,1.6,daenda,8,Idime daenda m'wada mwana wa mwan'duu uvalo icho kivulanguwo.,raenda,5,Mifugho raenda lishwa.,,,
review,substitution,w/r,2.2,varo,4,Wandu wadapoilwa ni kubonya varo va asili.,vawo,9,"Na ngera kama niwupande ghobonya kama zoghori huwu wakati wandu wawa vindo vawo, mwauzira masanga ghia na ghia?",,,
review,substitution,n/z,3.3,kwana,3,Dedeka dikwane lakini ndediche kwana,kwaza,10,Leka nije kwaza nama nijoke wulinyi,,,
review,substitution,w/r,1.2,rakaia,7,Fuw'e rakaia vilembenyi.,wakaia,6,Wakaia mkongo.,,,
review,substitution,f/r,1.6,w'afwa,5,W'andu w'afwa na njala na makongo ghishekerelwagha ni njala kila mwaka.,w'arwa,8,W'arwa vadu vibaa,,,
review,substitution,r/w,1.2,raw'uya,7,Nyonyi raw'uya na matunda gheja.,waw'uya,6,Ukakakongoma kumanye waw'uya mkongo.,,,
review,substitution,s/v,2.2,siko,4,Siko tayari nikulaghashe angu konikata.,viko,9,Wandu wakundikia vilambo viko navo karibu na eweweni.,,,
review,indel,',1.0,w'adaja,6,Kachongo w'adaja w'ana wa nguku,wadaja,6,Pwaru wadaja nyasi,,,
review,indel,m,1.4,namsigha,7,Namsigha ukioghosha nguwo,nasigha,5,Nasigha chofi,,,
review,indel,m,1.4,wakunde,7,Uhuu muisanga wakunde kwenda kimbiri.,wamkunde,5,Angu uje aba wamkunde mwana,,,
review,indel,',2.0,w'ibonye,8,Sena w'ibonye shwashwa imbiri w'aghosi w'isefue,wibonye,4,Kutesia agha malagho ghiseendelie kukaiya huwo wandu wadima wibonye wada?,,,
review,indel,',1.0,siw'adie,6,Siw'adie chngi chabakia mdaw'ana wapo.,siwadie,6,Hata ngera siwadie ikosa.,,,
review,indel,',3.0,kusow'a,9,Spaki kudumbukadumbuka mando mengi ni kwa wundu ghwa kusow'a w'ufundi.,kusowa,3,Wuzumba ni kusowa mali putu,,,
review,indel,',2.0,w'areda,4,Simanyaa ngera w'areda,wareda,8,Na ihi katiba mbishi kudeka na madedo kwamba wibadilishe mfumo ghwa elimu ughu ghukoghe wikainja ghwa wunyanya wikareda CBC kwawona wada ugho mfumo mwishi wareda?,,,
review,indel,l,2.0,lwadabonya,4,Lukundo lwadabonya murumwengu kukaiya wucha.,wadabonya,8,Wandu wadabonya mashiniko.,,,
review,indel,',3.0,w'ubaa,9,W'ashahidi dighuwonie w'ubaa ghwa Kristo.,wubaa,3,Wubaa ghwake ghuchamuobosha.,,,
review,indel,k,2.0,kokwaeni,4,Angu kokwaeni nawefuma,okwaeni,8,Ndeo oko aeni?/okwaeni?,,,
review,indel,v,1.0,aka,6,Aka oko mkongo sana.,vaka,6,Vindo vako vaka tayari,,,
review,indel,w,1.4,kapata,5,Kapata ndongolo kusedaghe washilu.,kwapata,7,Ilombi jelomba w'utesia ngelo kwapata w'asi.,,,
review,indel,m,1.4,mwasinda,5,"Wele moko hao,namroghua wele mwasinda.",wasinda,7,Wasinda njala,,,
review,indel,n,2.0,kukanya,8,Deko tayari kukanya andwamweri.,kukaya,4,Maisha ghadima kukaya na wasi lakini dadima kurisima.,,,
review,indel,',1.4,m'mbishi,7,W'andu w'engi w'akunde kilongozi m'mbishi.,mmbishi,5,Wawa odenikotia makoto gha muzi ughuja mmbishi.,,,
review,indel,',1.0,w'aw'uya,6,Simanyaa ngera w'aw'uya,waw'uya,6,Ukakakongoma kumanye waw'uya mkongo.,,,
review,indel,w,1.4,gharo,7,Mdi ghwadamanyika kwa matunda gharo.,ghwaro,5,W'ulalo ghwaro.,,,
review,indel,y,3.0,isirie,9,Dakumbie kura juma isirie.,isiriye,3,Isanga jaboa kuchumba seji jerekoghe miaka ikumi isiriye.,,,
review,indel,a,3.0,makelu,3,Makelu ghawesweka,mkelu,9,Mkelu wadaghamba ngolonyi kwake.,,,
review,indel,',1.0,kulow'ua,6,Kulow'ua kavika miaka ilinga?,kulowua,6,Kulowua ni ilagho ja mana shuu.,,,
review,indel,o,3.0,joka,9,Joka lughongonyi,ojoka,3,Ojoka mwembe.,,,
review,indel,i,2.0,miradi,4,Mzuri uhuu wadajifunya kwa miradi gha wandu wake.,mradi,8,Kuseobuo kuzoya mradi ghwako,,,
review,indel,',2.0,njow'e,8,W'ana w'ikalegha kuva w'avi w'adima kuw'asirilwa njow'e.,njowe,4,Ndew'ado ni njowe.,,,
review,indel,v,2.0,ifwa,8,Kuchapata ifwa karakara na ilaghiro.,vifwa,4,Nuo oreshekerieghe vifwa va maelfu gha w'andu.,,,
review,indel,',3.0,kiw'onu,9,Kochi odunga mikonu kiw'onu.,kiwonu,3,Wajiwadia kiwonu,,,
review,indel,k,3.0,kolala,3,Kolala mtaronyi wele,olala,9,Mlindiri olala ukilindia.,,,
review,indel,i,2.0,ikoti,4,Warwa ikoti ja ndee.,koti,8,Ni suti sharia ra koti rineko ishima.,,,
review,indel,s,2.0,homa,4,Homa ibirie shuu,shoma,8,kila kifulanguwo isi dida shoma vuo va chughano.,,,
review,indel,j,1.0,anyaa,6,Chai chapo wele chaenda hao chikoghe anyaa.,anyaja,6,W'aka w'unyanya w'abwaghilo anyaja.,,,
review,indel,',2.0,kuw'one,8,Choo kuw'one chovu,kuwone,4,Ghenda hata kwake kuwone seji usirie,,,
review,indel,',1.4,w'afwa,5,W'andu w'afwa na njala na makongo ghishekerelwagha ni njala kila mwaka.,wafwa,7,Mae wafwa imbe.,,,
review,indel,w,1.4,nasigha,5,Nasigha chofi,nasighwa,7,Nasighwa kutingini,,,
review,indel,v,3.0,ilazi,3,Mutihani ghwa isanga ilazi ghudaw'oka law'uke,vilazi,9,Weka na vuo vilazi,,,
review,indel,h,3.0,waghua,9,Waghua mtorori.,wagua,3,Wagua sabuni ya machi,,,
review,indel,o,1.0,gua,6,Mao waenda gua mbogha kinyangeyi.,ogua,6,Ogua vitorokonya vingi va wana vesarigha.,,,
review,indel,k,1.4,kwasilwa,7,kwani kwasilwa,wasilwa,5,Wandu waduka mikono chongo angu wasilwa,,,
review,indel,',3.0,w'orinyi,9,W'uchaguzi ghofunya w'orinyi w'unyonge ghwape.,worinyi,3,Neremkemieghe worinyi.,,,
review,indel,w,1.4,kaja,5,Kaja manga kunyo machi malazi,kwaja,7,Kwaja kii idimei,,,
review,indel,',2.0,daw'etambwa,4,"Daw'etambwa ,aw'a w'ana diw'ibonya w'ada?",dawetambwa,8,Dawetambwa niki kwadiredia,,,
review,indel,a,2.0,abaa,4,Abaa wapo,baa,8,Baa w'awi kuchumba umweri.,,,
review,indel,',1.0,w'akaia,6,W'omi w'amu w'avui w'akaia andu kuw'angwagha misidu ya vua.,wakaia,6,Wakaia mkongo.,,,
review,indel,',2.0,w'adabonya,4,W'adabonya kazi ipoie,wadabonya,8,Wandu wadabonya mashiniko.,,,
review,indel,w,2.0,kakaia,4,Mndu kakaia na choyo kwam'manyira kuvisa vindo.,kwakaia,8,Kwakaia na ani kenyu?,,,
review,indel,u,3.0,kuneke,9,Kuneke wavi ishima,ukuneke,3,Ghenda kwa aba ukuneke lufu,,,
review,indel,w,1.4,awi,7,Midi maghana awi ghademwa ni waisanga kutesea iaghi ja skulu,wawi,5,Wandu wawi waguagha na wishorombote.,,,
review,indel,w,1.4,mandu,5,"Wachaghirie mandu adadu kwa w'omi w'azima, uko si kushughunuka?",mwandu,7,Mwandu wawecha idime.,,,
review,indel,',2.0,w'apatire,4,W'avi w'ape w'apatire magome ghemwenja sekondari.,wapatire,8,"Kwa mzwana ghupoie, wapatire igare ukadamba",,,
review,indel,a,2.0,koti,8,Ni suti sharia ra koti rineko ishima.,kotia,4,Kukakunda w'uloli kotia w'ana,,,
review,indel,a,1.0,sidima,6,Sidima nikaie na mwai ughokie na unitirire ngolo,sidimaa,6,Nechawona nihore angu sidimaa kughalusa jingi.,,,
review,indel,m,3.0,kumneka,3,Wamerie kumneka mafungu ghape ghemtesia kwa kampeni.,kuneka,9,Wanake wefeana kuneka ishima wandu wabaa,,,
review,indel,',3.0,kwaw'eenda,9,Kwaki kwaw'eenda kukitighina,kwaweenda,3,Kwaweenda mbuwenyi kulima na kuwaa mapemba .,,,
review,indel,a,3.0,meri,9,Oka na meri ikenda.,meria,3,Meria iyo chapati ini naghuda.,,,
review,indel,w,1.0,ekundika,6,Mngulu ekundika udeko kwa isaa jimweri eri uwuro nicha.,wekundika,6,Wandu wekundika wikae kindo chimweri.,,,
review,indel,',2.0,muw'i,8,Safu yadima kuduka kilambo kibaa kuchumba muw'I gwape.,muwi,4,Kuboilwa ndekupatikagha kwa vilambo va muwi vieka.,,,
review,indel,e,3.0,wueli,3,Igho jiko moyo na iyo mbari ya wueli.,wuli,9,Kukawuka kuale wuli,,,
review,indel,a,1.0,mavi,6,Njau mbaa idaaghia mavi na mzeri.,mvi,6,Mvi ukakakukotia makoto yekundika kutumbulie kwa wumboa.,,,
review,indel,i,3.0,ghora,9,"Nawekusikira, ghora ichi kukunde.",ghoria,3,Okimbia kanda ghoria w'andu malagho nyumbenyi.,,,
review,indel,w,2.0,ghalaghaya,8,Kuwa midi kwawetesia na kupoisa pia kukota msangagha kwareda malagho mengi pia machi ghalaghaya ndeghiwewoneka,ghwalaghaya,4,Mwengere ghwalaghaya.,,,
review,indel,n,3.0,w'isee,3,W'ana w'esighwa w'isee kidombo kijunyi.,w'isene,9,Ni karakara kutesia w'aisanga w'isene w'udimi/w'uwezo,,,
review,indel,s,1.4,stima,5,Stima ralaghaya.,tima,7,Kuasefo ngolo tima sena,,,
review,indel,n,1.0,gua,6,Mao waenda gua mbogha kinyangeyi.,ngua,6,Ngua radaonga mifugho bagha,,,
review,indel,p,1.0,aka,6,Aka oko mkongo sana.,paka,6,Okabwa paka ovimba w'ushu,,,
review,indel,k,1.4,kwanyama,7,"Ni wada wele, se koko mana kwanyama kii huwo.",wanyama,5,Deko na ifungu jetunza wanyama,,,
review,substitution,r/w,3.0,ramerie,3,Bei ra vindo vingi ramerie kujoka.,wamerie,9,Jesu wamerie ghose.,,,
review,substitution,w/v,2.0,nivo,4,Sere na wutulivu nivo vilambo suti isangenyi.,niwo,8,Uo niwo uwiseragha wabaa.,,,
review,substitution,i/a,2.0,malacha,4,Ughu muzi ghoko na maaghi malacha.,milacha,8,Shimba reka na mikomba milacha.,,,
review,substitution,d/m,2.0,duka,8,Duka ighembe,muka,4,Saa muka uko na kifu.,,,
review,substitution,o/e,1.4,mkwape,5,Mkwape nio kilongozi wa kampuni idakoni.,mkwapo,7,Kwadika kukaie mkwapo?,,,
review,substitution,i/a,3.0,ukaghora,9,Mae mwana udeka ukitishirwa ukaghora udam'bwagha.,ukighora,3,Mao odeka ukighora nandighi diko shighadi dikimsikira,,,
review,substitution,k/n,1.4,kuseke,5,Kuseke tima kuniwada wushu ghwapo.,kusene,7,Kutesia wazima kwadima kureda kuboilwa kusene mfwano.,,,
review,substitution,a/e,1.4,raoma,7,Midi raoma,reoma,5,Ndoria rimu reoma,,,
review,substitution,n/w,3.0,nabwaghwa,9,Nabwaghwa ni njala na kau,wabwaghwa,3,Wana wa nguku wabwaghwa ni kideri,,,
review,substitution,m/y,1.4,nifume,5,Nalomba kunidumie aghaje magome gheenda whughangenyi nakunda nifume aha kiramka kana.,nifuye,7,Nifuye wughoma,,,
review,substitution,c/g,1.0,cho,6,Cho dije dadeka mswara na mnavu.,gho,6,Ihii nyumba eko na wulalo gho horesha.,,,
review,substitution,n/w,1.4,nasinda,5,Nasinda pinana.,wasinda,7,Wasinda njala,,,
review,substitution,u/o,1.4,roghua,7,Neenda roghua wawa wapo nikamdwaia mbogha.,rughua,5,Rughua madirisha,,,
review,substitution,p/v,1.0,paka,6,Okabwa paka ovimba w'ushu,vaka,6,Vindo vako vaka tayari,,,
review,substitution,i/u,2.0,ghikurie,8,"Isanga jakaya na malagho, Vilambo vajoka, Vilongozi wawoka malagho matini matini, njala yakaiya na malagho ghaka ghikurie.",ghukurie,4,Mdamu oko na wundu miki ghukurie shuu.,,,
review,substitution,d/r,1.0,kudo,6,Kukaghenda idukenyi kudo kikuchu.,kuro,6,Mbeo ikavika kuro ikoti,,,
review,substitution,e/o,3.0,ekaba,3,Ni umu wa ija timu ekaba mpira.,okaba,9,Okaba mae na ndighi rose ukawuia mkongo,,,
review,substitution,a/i,1.0,kukaa,6,Wangu wakundikia kukaa na mawono malazi.,kukia,6,Nekunda kukia.,,,
review,substitution,l/r,2.0,lugha,8,Kujifundisha lugha mbishi ni changamodo,rugha,4,Rugha mnyango kuche dighende,,,
review,substitution,f/y,3.0,safari,9,Poilwa ni kila hatua ya safari yako,sayari,3,Kila mndu wadima kusoria kwa kulindia sayari yedu.,,,
review,substitution,u/i,3.0,imange,9,Ndekune chidimagha kumghiria mndu uko na njama imange.,umange,3,Uo mndu oka umange kavui nao.,,,
review,substitution,v/j,3.0,jawo,3,Isanga jawo ni jesirimika.,vawo,9,"Na ngera kama niwupande ghobonya kama zoghori huwu wakati wandu wawa vindo vawo, mwauzira masanga ghia na ghia?",,,
review,substitution,a/e,3.0,vasia,9,Wokoni vasia,vesia,3,Vitemberu vesia.,,,
review,substitution,m/j,3.0,joka,9,Joka lughongonyi,moka,3,Nambe moka w'akelu huw'u!,,,
review,substitution,m/n,2.0,maw'aw'a,8,Nyonyi reka na maw'aw'a na memu na rava maghi.,naw'aw'a,4,Kwaki naw'aw'a ni ngolo huwu?,,,
review,substitution,e/a,2.0,w'ameria,8,W'ameria kushoma icho chuo,w'amerie,4,W'amerie kuara vongo vaw'o na sombe raw'o.,,,
review,substitution,k/p,1.4,mkwake,7,Kokala korekoghe na mndumu na mkwake nao wedevamilwa ni vitoi.,mkwape,5,Mkwape nio kilongozi wa kampuni idakoni.,,,
review,substitution,p/l,1.4,kilimo,5,Dawida malagho ni kilimo tu!,kipimo,7,Cheko kipimo kibaa cha w'ai kumida cha mzinyi.,,,
review,substitution,y/r,1.4,renyu,7,Rashuenyi ngolo renyu,yenyu,5,Ndedidimagha kushinda timu yenyu.,,,
review,substitution,r/w,1.4,ghwaro,5,W'ulalo ghwaro.,ghwawo,7,Wanake wefwana kufundishwa tabia ripoiya kowokia mwanake ghwawo,,,
review,substitution,a/u,3.0,w'adumiki,3,W'aw'ibonya w'adumiki w'ake chumi ra modo.,w'udumiki,9,W'andu w'ezamilwa kwa w'undu ghwa w'udumiki w'inekelo.,,,
review,substitution,d/s,1.4,kudeke,7,Kora modo kudeke,kuseke,5,Kuseke tima kuniwada wushu ghwapo.,,,
review,substitution,y/k,3.0,wuka,3,Wuka shalu shalu,wuya,9,Nawaenda ela simanyire ngera ni wuya.,,,
review,substitution,m/i,3.0,ilazi,3,Mutihani ghwa isanga ilazi ghudaw'oka law'uke,mlazi,9,Elimu ni mfunguo ghorughua minyango ya wulalo mlazi.,,,
review,substitution,i/a,2.0,kuzama,4,Bengi ra kiIsilamu reko na kuboa na kuzama kwaw'o.,kuzima,8,Maisha ghikaendelia huwu didafuma dende kuzima.,,,
review,substitution,e/a,1.4,ndedina,5,Usighe kuwona sejhi ndedina kazi yebonyaa,ndedine,7,Isanga jedu ndedine wuda,,,
review,substitution,w/r,2.0,radabonya,4,Nyonyi iro radabonya safari ra kujiboia.,wadabonya,8,Wandu wadabonya mashiniko.,,,
review,substitution,s/z,3.0,vilasi,3,Skulu iboie ni suti ikaie na vilasi va w'ana.,vilazi,9,Weka na vuo vilazi,,,
review,substitution,e/o,1.0,ebonya,6,Ndedinekelo rusa ebonya kazi nakio.,obonya,6,Obonya mwano.,,,
review,substitution,w/n,2.0,nadaobua,4,Nadaobua kujoka ndege,wadaobua,8,Wanake walazi wadaobua kughenda wughangenyi,,,
review,substitution,w/n,2.0,nakunda,8,Nalomba kunidumie aghaje magome gheenda whughangenyi nakunda nifume aha kiramka kana.,wakunda,4,Wadeki wakunda kutima wudeki wupya.,,,
review,substitution,o/e,1.0,che,6,Ghenda kulole chaghu che bonya,cho,6,Cho dije dadeka mswara na mnavu.,,,
review,substitution,p/m,2.0,chuma,4,Kumuoghosha sa chuma.,chupa,8,Chupa ya wuki yaweuza idukenyi.,,,
review,substitution,a/k,3.0,viao,3,Mombasa w'ajaa vindo viao?,viko,9,Wandu wakundikia vilambo viko navo karibu na eweweni.,,,
review,substitution,e/i,2.0,madeni,4,Olaghasha mali rape rose kwa madeni.,madini,8,Madini nmi raslimari rawepaswa kutumilwa nicha,,,
review,substitution,n/d,1.4,diendagha,5,Diendagha mghondinyi kifulanguwo,niendagha,7,Luma lwa kenyi niendagha ikwanyikonyi.,,,
review,substitution,v/k,1.4,kizima,5,W'adia kilambo kizima.,vizima,7,Biblia etafsirilwa kwa viteto vizima vizima.,,,
review,substitution,i/o,3.0,kukira,3,Wekunda kukira magome gha mavuda.,kukora,9,Wacha kurashua na kukora mudi ughu.,,,
review,substitution,y/w,3.0,wachua,3,Wachua ighade.,yachua,9,Ihii barabara yachua magare mengi.,,,
review,substitution,j/v,1.4,ndejiko,5,Ndejiko ilaghoa jikurie jisimwagha kwa kujifunya.,ndeviko,7,Vaghu ndeviko wandu wawelola,,,
review,substitution,i/j,1.4,kaia,7,Kaia na mawono mecha kwa malagho ghose kubonyagha kudafanikilwa.,kaja,5,Kaja manga kunyo machi malazi,,,
review,substitution,v/r,1.4,rilue,7,Mfuo nguw'o rose rilue kifulanguw'o,vilue,5,Oghosha vilambo vilue shwashwa,,,
review,substitution,l/k,2.0,kubaa,8,Oka na kilema kubaa wushunyi ghwape.,lubaa,4,kwanekwa lufu lubaa,,,
review,substitution,o/n,1.0,ngua,6,Ngua radaonga mifugho bagha,ogua,6,Ogua vitorokonya vingi va wana vesarigha.,,,
review,substitution,h/k,1.4,haja,7,Sine haja na njau.,kaja,5,Kaja manga kunyo machi malazi,,,
review,substitution,n/w,1.4,nasigha,5,Nasigha chofi,wasigha,7,Mwalimu kwamtumbulia nicha uhu mwana. Mundu ukafuilwa ni mruna nao wasigha muka usevae nao mwana ungi.,,,
review,substitution,g/z,1.0,gua,6,Mao waenda gua mbogha kinyangeyi.,zua,6,Chofi yadareda zua.,,,
review,substitution,a/e,2.0,kudema,8,Kudema mbande,kudeme,4,Kuche kudeme nyasi,,,
review,substitution,e/i,2.0,kiremba,8,Lwaka la Bwana andenyi ya kiremba.,kirimba,4,Mdi ghoka na kirimba chimange.,,,
review,substitution,n/r,1.4,nasighwa,7,Nasighwa kutingini,rasighwa,5,Wulalo rasighwa iwi,,,
review,substitution,t/p,3.0,vipini,3,Inyi sirwaa vipini.,vitini,9,Sasa vindo vakaiya vitini ndeviwekata wandu.,,,
review,substitution,u/a,3.0,igari,9,Iji igari jaweenda ncha bila kusumbua mndu ungi.,iguri,3,Iguri japo ndejikurie.,,,
review,substitution,o/a,3.0,ainyaa,3,Kwakii nguw'o ra mwana ranyelwa mukoaeni ainyaa?,ainyao,9,Ainyao,,,
review,substitution,j/k,3.0,javika,3,Ituku jekombolwa javika,kavika,9,Kavika nikukabia mwatulituli,,,
review,substitution,b/p,2.0,binana,8,Naboilwa nandighi kwanikabia simu kunimanyisha kwavika binana.,pinana,4,Nidambishe pinana.,,,
review,substitution,i/e,2.0,kiture,8,W'ichakaiya na kiture kibaa.,kituri,4,W'aidana kituri.,,,
review,substitution,s/y,3.0,wusa,3,Wusa voro kufuma kwa aba na mao.,wuya,9,Nawaenda ela simanyire ngera ni wuya.,,,
review,substitution,c/u,1.0,cho,6,Cho dije dadeka mswara na mnavu.,uho,6,Ni'ini narughua uho mnyango.,,,
review,substitution,a/o,3.0,gali,9,Machi gha mfereji gheka gali.,goli,3,Olemwa ni kungira goli.,,,
review,substitution,t/c,1.0,che,6,Ghenda kulole chaghu che bonya,the,6,Olow'orwa kwa mghosi wa miaka mrongo mfungade uko the miaka ikumi na inya.,,,
review,substitution,g/c,3.0,cheni,9,Mkake ni sa ngolo yake cheni.,gheni,3,Mwakuli wadanya ghake gheni.,,,
review,substitution,z/l,3.0,vilazi,9,Weka na vuo vilazi,vizazi,3,Ilengo ja maisha ni kusigha alama iboie kwa vizazi vichagha.,,,
review,substitution,p/n,3.0,mikono,3,Oghosha mikono yako na sabuni,mikopo,9,W'akulima ni suti w'imanye seji wilipagha mikopo iw'inekelo.,,,
review,substitution,v/k,1.0,kina,6,Kina chakotwa,vina,6,"Kiture, vina na midegho.",,,
review,substitution,m/k,1.0,vaka,6,Vindo vako vaka tayari,vama,6,Weke mao wadakaia na vama vawo va kila jumwa.,,,
review,substitution,v/k,2.0,dakika,8,Mpira ghwa mindi gwadwa dakika mrongo ikenda.,davika,4,Ihi miaka davika daw'eseria w'eke w'aw'a.,,,
review,substitution,n/y,3.0,kwana,3,Dedeka dikwane lakini ndediche kwana,kwaya,9,Ongia kwaya ya ikanisenyi.,,,
review,substitution,e/o,2.0,ndeukunde,8,Uhu ndeukunde mashomo,ndoukunde,4,Mwai wapo ndoukunde kusighwa skulu.,,,
review,substitution,w/n,1.4,naw'uka,5,naw'uka mana,waw'uka,7,Apa waw'uka mana?,,,
review,substitution,s/z,2.0,kusima,4,Ndekune kighirio kibaa chedima kusima kukunda kubonya.,kuzima,8,Maisha ghikaendelia huwu didafuma dende kuzima.,,,
review,substitution,i/u,3.0,kibaha,9,Ndekune kighirio kibaha kwa mndu uko na kukunda kufanikilwa.,kubaha,3,Kutesia wamu kwadima kureda kuboilwa kubaha.,,,
review,substitution,n/d,1.4,dema,5,Naenda dema isaka,nema,7,Najokieghe noko lungu nema ngachaseagha noko isi.,,,
review,substitution,i/a,2.0,mvua,4,Mvua yenya.,mvui,8,koka mvui,,,
review,substitution,h/l,1.0,uho,6,Ni'ini narughua uho mnyango.,ulo,6,Ulo lumbo siluichi.,,,
review,substitution,i/m,1.4,ikaie,5,Skulu iboie ni suti ikaie na vilasi va w'ana.,mkaie,7,Namvoya w'anedu mkaie sa iji koni niko.,,,
review,substitution,s/d,3.0,kuida,9,Iro ngelo ramerie kuida.,kuisa,3,Chia nyingi ra Daw'ida nderidimagha kuisa magare.,,,
review,substitution,n/t,3.0,itini,9,Igho itini jakumbagha mburi kula.,ititi,3,Mwana wa ititi.,,,
review,substitution,r/k,1.4,kughua,7,Kuaeliwe kughua vilambo va fwana,rughua,5,Rughua madirisha,,,
review,substitution,y/g,2.0,ofunga,4,Ofunga kifu chape na kitambaa.,ofunya,8,Mdaw'ana ofunya ighi ukaneka w'andu w'ekuw'ida ndayo.,,,
review,substitution,r/n,1.4,nakaia,5,nakaia mbai na mbai,rakaia,7,Fuw'e rakaia vilembenyi.,,,
review,substitution,k/w,3.0,keni,3,Oho ko mwana wani keni?,weni,9,Mwalale mana weni kombo mwanyama huwo.,,,
review,substitution,r/j,3.0,jafuma,9,Iruwa jafuma jikalie shuu idime.,rafuma,3,Ngondi rafuma kwa fwandi,,,
review,substitution,s/h,1.4,hasa,7,W'andu hasa w'a kiw'omi kughochuaghochua chienyi ni w'aya.,sasa,5,Sasa vindo vakaiya vitini ndeviwekata wandu.,,,
review,substitution,t/d,1.4,dima,5,Kazi kwa bidii ya dima kureda marasimio mabaa.,tima,7,Kuasefo ngolo tima sena,,,
review,substitution,j/y,3.0,wuja,3,Ruwukenyi wuja mpande.,wuya,9,Nawaenda ela simanyire ngera ni wuya.,,,
review,substitution,d/w,2.0,daya,8,Mary udeenda daya machi na ukashorodoka.,waya,4,Mwaawu waweenda waya mbogha,,,
review,substitution,d/t,2.0,w'udoi,8,Oenda kaba ripoti ya ugho w'udoi kwa polisi.,w'utoi,4,Sirkali ikomeshe w'utoi w'ulongozinyi.,,,
review,substitution,n/j,1.0,vija,6,Dazoghora vija didimagha kukuw'ida.,vina,6,"Kiture, vina na midegho.",,,
review,substitution,w/j,1.4,jidima,5,Iji igare jidima kuvuta mizigo ilemere.,widima,7,Awa wiwae widima kupata.,,,
review,substitution,y/j,3.0,jachua,3,Itangi jachua machi,yachua,9,Ihii barabara yachua magare mengi.,,,
review,substitution,n/f,1.4,kufugha,7,Kufugha Mifugho,kunugha,5,Kumbuka kunugha sheria,,,
review,substitution,d/n,1.0,derekoghe,6,Derekoghe dafungwa aisi ya sharia.,nerekoghe,6,Ukacha kavui na andu nerekoghe kimusi.,,,
review,substitution,w/r,1.0,radaja,6,Nguwe radaja maduma,wadaja,6,Pwaru wadaja nyasi,,,
review,substitution,y/v,1.4,venyu,7,Dichatesia vipughi venyu vose.,yenyu,5,Ndedidimagha kushinda timu yenyu.,,,
review,substitution,u/o,1.4,kodu,7,Elimu ni chia yekuchuria kughesha kodu.,kudu,5,Nawekulomba mrika kunineke kudu.,,,
review,substitution,g/c,3.0,wachua,3,Wachua ighade.,waghua,9,Waghua mtorori.,,,
review,substitution,k/t,2.0,kukanya,8,Deko tayari kukanya andwamweri.,kutanya,4,Kwa chia ya kutanya kwako.,,,
review,substitution,r/d,2.0,w'edeka,8,w'edeka w'ibwagho sa w'ambao,w'ereka,4,W'ereka kila andu.,,,
review,substitution,u/g,1.0,gho,6,Ihii nyumba eko na wulalo gho horesha.,uho,6,Ni'ini narughua uho mnyango.,,,
review,substitution,u/e,2.0,lengo,4,Aw'o w'akulima w'eka na lengo euza kahawa iekeri.,lungo,8,Niredee lungo,,,
review,substitution,s/y,3.0,samba,9,Samba ukatumbulia.,yamba,3,Boboro yamba ilunguo ara churia machi,,,
review,substitution,m/d,1.4,wadadu,5,Niwo awa wadadu walala aha kifumbinyi.,wadamu,7,Ngolo ra wadamu rakucha ngonde.,,,
review,substitution,w/n,2.0,nadabonya,4,Sisaghua icho chose nadabonya tu.,wadabonya,8,Wandu wadabonya mashiniko.,,,
review,indel,k,2.7,kobanda,3,Nawona kobanda,obanda,8,Mwana uja obanda sa nguwe.,,,
review,indel,',1.2,daw'eenda,6,Daw'eenda bora mwazindika,daweenda,5,Daweenda kota mbia,,,
review,indel,m,1.8,mwaw'uka,4,Mwaw'uka mkasinda mana?,waw'uka,7,Apa waw'uka mana?,,,
review,indel,k,1.8,kupate,7,Hata kadamba cha Nairobi siolazima ingi kupate chaghu chebonya,upate,4,Kipande cha nyama chekoghe kibaa chikate kila mndu upate chimu.,,,
review,indel,k,1.8,kukaenda,4,Kwaenda kwafunya magome ichochose kwapima na kukaenda zighana mawughanga ndeghiko,ukaenda,7,Mndwaw'omi wako onywa chofi ukaenda nyumbenyi.,,,
review,indel,o,2.7,osinda,8,"Ukarumira kukaia ni karakara, sikunde osinda.",sinda,3,Kucha sinda na mwana wapo ituku jichaa nakunda nighende njumonyi.,,,
review,indel,k,1.8,kwalemwa,4,Kwalemwa ni kucha,walemwa,7,Mghadi wadabegha vindo ela walemwa ni kuvisoma.,,,
review,indel,r,1.8,mbaru,4,Idime mbaru ra chukanyika.,mbau,7,Mbau rejighwa ni msaghu,,,
review,indel,a,1.8,oagha,4,Oagha nyumba ya chumba chimweri.,ogha,7,Kaenda Mombasa na kwende baharinyi kwa ogha na machi gha chumbi,,,
review,indel,d,1.2,derekoghe,6,Derekoghe dafungwa aisi ya sharia.,erekoghe,5,Io mizi erekoghe na wasi mungi.,,,
review,indel,h,2.7,kubaa,8,Oka na kilema kubaa wushunyi ghwape.,kubaha,3,Kutesia wamu kwadima kureda kuboilwa kubaha.,,,
review,indel,k,2.7,ndekukunde,3,Kulima ndekukunde wughade,ndeukunde,8,Uhu ndeukunde mashomo,,,
review,indel,h,1.8,jakala,7,Idime iruwa jakala.,jhakala,4,Iruwa jhakala!,,,
review,indel,k,2.7,kosinda,3,Kosinda kota vina dii idime huw'u kwasilwa saki?,osinda,8,"Ukarumira kukaia ni karakara, sikunde osinda.",,,
review,indel,i,1.8,kuiwa,4,Kuiwa kindu cha mundu ungi ni karakakara?,kuwa,7,Kuwa mbogha,,,
review,indel,k,2.7,kuw'one,8,Choo kuw'one chovu,uw'one,3,Mduke ionge uw'one mbai na mbai,,,
review,indel,o,1.8,fungua,7,Fungua ilanga ja nyumba,ofungua,4,Ofungua momu ghwape nao ukalila.,,,
review,indel,u,2.7,kutesie,3,Funya maghuri kutesie w'akiw'a,ukutesie,8,Ghuja wasi kuko nagho kughorie Mlingu ukutesie,,,
review,indel,n,1.2,erekoghe,5,Io mizi erekoghe na wasi mungi.,nerekoghe,6,Ukacha kavui na andu nerekoghe kimusi.,,,
review,indel,',1.2,maw'ingu,6,Maw'ingu ghelua.,mawingu,5,Mawingu ghawepwana.,,,
review,indel,k,2.7,kukafwa,3,Ghakupata na oho kukafwa ngolo.,ukafwa,8,Wanekelo w'asi mpaka ukafwa.,,,
review,indel,w,1.2,ghareda,5,Marashano gha w'eni kwa w'eni ghareda ndasanya andenyi ya timu.,gharedwa,6,Makongo mengi gharedwa ni machi machafu,,,
review,indel,n,1.2,ado,6,Ado bengi ya w'urumwengu eko isanga jiao?,ando,5,Skulu mbaa ni ando kupoie koshomia.,,,
review,indel,k,1.8,kokoghe,7,Kokoghe hao,okoghe,4,Mkwapo okoghe na ilagho jenizera ighuo nikaenda rapo,,,
review,indel,i,1.8,ikakaia,7,Olow'olwa ni mkichuku ikakaia suti mburi ifunyo kizongona.,kakaia,4,Mndu kakaia na choyo kwam'manyira kuvisa vindo.,,,
review,indel,t,1.8,kuala,4,Idime ni oho kuala w'uli.,kutala,7,Aho niko kuchaadima kutala.,,,
review,indel,',1.2,niw'ikie,5,Simanyaa aha niw'ikie mifunguo rapo.,niwikie,6,Niwikie,,,
review,indel,',2.7,kifulanguw'o,3,Mfuo nguw'o rose rilue kifulanguw'o,kifulanguwo,8,Diendagha mghondinyi kifulanguwo,,,
review,indel,y,1.2,ebonya,6,Ndedinekelo rusa ebonya kazi nakio.,yebonya,5,Chia ipoiye yebonya ilagho ni kwa kujiduma,,,
review,indel,',1.2,waw'ekunda,6,Wanizera waw'ekunda kulala.,wawekunda,5,Maisha gha wawekunda hata kulola.,,,
review,indel,h,1.8,kughuo,7,Mao odekuzera kwende kughuo wusiku na wusiku,kuguo,4,Ghenda kuguo sukari didunge chai,,,
review,indel,',1.2,kiw'ishi,6,Ni magome alinga kuagha kiw'acha kiw'ishi cha ndege?,kiwishi,5,Ndechiko chonyi kiwishi ndoenyi.,,,
review,indel,r,2.7,ama,8,Wele idime se kwaendie njumonyi ama kwasinda nyumbenyi.,rama,3,Rama na idirisha.,,,
review,indel,h,1.2,ghua,5,Naenda ghua Mwemba,gua,6,Mao waenda gua mbogha kinyangeyi.,,,
review,indel,s,2.7,inda,8,Chala chimweri ndechibaragha inda.,sinda,3,Kucha sinda na mwana wapo ituku jichaa nakunda nighende njumonyi.,,,
review,indel,r,1.8,isingie,4,Finyingo isingie ni ya nguku,risingie,7,Nguluma risingie ni rekanga,,,
review,indel,',1.8,w'imanye,7,"Kedi w'ei kaw'ona wikunde w'iide mitihani, ni suti w'imanye ivo viteto",wimanye,4,Kuwusa makoto gha wananchi wipoise magome wiketi na vilingozi wimanye aha shida iko.,,,
review,indel,o,1.8,mbi,4,Wadawana kw wai wepaswa kulindia mbi ghwawo kwa kuwa ni mzi ghwa Mlungu,mboi,7,Seji koni mboi riangagha.,,,
review,indel,z,2.7,ama,8,Wele idime se kwaendie njumonyi ama kwasinda nyumbenyi.,azma,3,Ndekune kighirio kibaha chidimagha kumghiria kwa mndu uko na azma.,,,
review,indel,k,1.2,kwazerwa,5,Kwazerwa ni Nyange kumneke maghana aw'i.,wazerwa,6,Nachi wazerwa w'ei oreloghwa.,,,
review,indel,',1.2,w'umweri,6,Dikaie na w'umweri,wumweri,5,Wandu wekundikia kukaa na wumweri.,,,
review,indel,k,2.7,kofunya,3,Mahakimu ghavikia andu kofunya w'uamuzi.,ofunya,8,Mdaw'ana ofunya ighi ukaneka w'andu w'ekuw'ida ndayo.,,,
review,indel,u,1.2,mavi,6,Njau mbaa idaaghia mavi na mzeri.,mavui,5,Maisha ni mavui dighitumie nicha.,,,
review,indel,o,1.8,mbi,4,Wadawana kw wai wepaswa kulindia mbi ghwawo kwa kuwa ni mzi ghwa Mlungu,mbio,7,Iri igare jaweenda mbio.,,,
review,indel,y,2.7,nikaie,8,Sidima nikaie na mwai ughokie na unitirire ngolo,nikaiye,3,Nakunde nikaiye na afya iboie.,,,
review,indel,h,2.7,oshinda,3,Oshinda kulwa angu uko na ndighi zaidi.,osinda,8,"Ukarumira kukaia ni karakara, sikunde osinda.",,,
review,indel,d,1.2,naghua,6,Naghua vuo virandadu na kalamu iw'i,naghuda,5,Meria iyo chapati ini naghuda.,,,
review,indel,k,1.8,kwafwa,4,Kemangia cha mwanyinyu kwafwa mkiwa.,wafwa,7,Mae wafwa imbe.,,,
review,indel,u,1.8,kufunga,4,Waliw'a kufunga mnyango.,kufungua,7,Elimu yadima kufungua minyango ya wulalo.,,,
review,indel,i,1.8,ikacha,4,Ndekune ilagho itini ikacha malagho ghejifundisha.,kacha,7,Kacha nadime kumwona,,,
review,indel,n,2.7,ida,3,Leka ida na aho,inda,8,Chala chimweri ndechibaragha inda.,,,
review,indel,a,2.7,ajhe,8,Ajhe kwawo ndewiko,jhe,3,Ikanisa ijhi jhe kaba makofi Jiwangwagha,,,
review,indel,i,2.7,w'iende,8,W'ana w'aogha na w'arwa eri w'iende skulu.,w'iendie,3,Aho w'iendie ndew'ine hata voro.,,,
review,indel,w,1.8,ucha,4,Ucha ghudishwa,wucha,7,Mlungu wadneka wucha na wubanana.,,,
review,indel,k,1.2,kwaendie,5,Kwaendie hao nisekuwonie idime.,waendie,6,Waendie panana.,,,
review,indel,i,1.2,mishara,5,W'alimu w'ekotia w'ichurilo mishara.,misharia,6,Ishati jhake ni jha misharia,,,
review,substitution,u/a,1.2,w'amweri,5,Ngano ra Kiafrika raw'ika w'andu w'amweri andu kumweri.,w'umweri,6,Dikaie na w'umweri,,,
review,substitution,l/r,2.7,w'alwa,3,W'ana w'engi w'alwa na kulola chia reishi.,w'arwa,8,W'arwa vadu vibaa,,,
review,substitution,n/w,2.7,napatire,3,Napatire magome ghekuneka,wapatire,8,"Kwa mzwana ghupoie, wapatire igare ukadamba",,,
review,substitution,y/j,1.2,jafunya,5,Iji igare jafunya huduma bora kwa wose.,yafunya,6,Ndoe yafunya mavalo ghake.,,,
review,substitution,n/s,2.7,nilale,8,Niborie nilale,silale,3,Linu silale nicha.,,,
review,substitution,j/s,1.2,jidima,5,Iji igare jidima kuvuta mizigo ilemere.,sidima,6,Sidima nikaie na mwai ughokie na unitirire ngolo,,,
review,substitution,i/u,2.7,dika,3,Machi gha we dika.,duka,8,Duka ighembe,,,
review,substitution,w/k,1.2,kapata,5,Kapata ndongolo kusedaghe washilu.,wapata,6,Kwahuwo ngera mndu wapata wasi wadima ukimbie/ ulase iseghe,,,
review,substitution,k/d,1.2,kiw'ada,5,Da w'iteselwagha w'a kiw'ada?,kiw'aka,6,Oho ni wa kiw'omi angu wa kiw'aka?,,,
review,substitution,w/k,2.7,kubaa,8,Oka na kilema kubaa wushunyi ghwape.,wubaa,3,Wubaa ghwake ghuchamuobosha.,,,
review,substitution,r/j,1.8,janyelwa,4,Iridia jake janyelwa ni vua,ranyelwa,7,Nguwo rose ranyelwa ni vua,,,
review,substitution,l/d,1.2,dima,5,Kazi kwa bidii ya dima kureda marasimio mabaa.,lima,6,Wandu irandadu waenda lima mbuwa,,,
review,substitution,k/m,1.8,kudeke,7,Kora modo kudeke,kudeme,4,Kuche kudeme nyasi,,,
review,substitution,a/e,1.8,dadeka,4,Cho dije dadeka mswara na mnavu.,dedeka,7,Isi dedeka ni wandu weshoma.,,,
review,substitution,r/y,2.7,rechua,3,Nadime koko na kazi nyingi rechua.,yechua,8,Mbuw'a yake yechua mbogha.,,,
review,substitution,e/a,2.7,manya,8,Manya mazingira ghako,menya,3,Kusekenilola sena kama koka na menya huw'o,,,
review,substitution,w/k,1.8,kodu,7,Elimu ni chia yekuchuria kughesha kodu.,wodu,4,Mwalimu wodu ndeuchee,,,
review,substitution,g/d,2.7,nganda,8,Nganda yawuduka,nganga,3,Nganga yalisika.,,,
review,substitution,y/n,1.2,nawo,5,Nawo wichapata ndighi mbishi.,yawo,6,Kila wandu weko na mizango yawo winugha,,,
review,substitution,j/m,2.7,raja,8,Nyoni iro raja wadudu wipoie.,rama,3,Rama na idirisha.,,,
review,substitution,n/s,1.8,kuvina,7,Waje wai waichi kuvina,kuvisa,4,Kusetime kuvisa wuloli,,,
review,substitution,y/j,1.8,jabia,4,Iruw'a jabia sigha dilole kiju.,yabia,7,Mbeo yabia linu.,,,
review,substitution,e/a,2.7,nilala,3,Ini naw'ona nilala itakoni naw'edungumia,nilale,8,Niborie nilale,,,
review,substitution,w/r,1.2,rangia,6,Fuwe rangia mbuwenyi,wangia,5,Wangia chumba cha mghenyu wape.,,,
review,substitution,u/a,2.7,lagha,3,Wakabwa ngonde ya Kidari/lagha,lugha,8,Kujifundisha lugha mbishi ni changamodo,,,
review,substitution,a/n,1.2,ado,6,Ado bengi ya w'urumwengu eko isanga jiao?,ndo,5,Mufu na mnavu ndo ghuko hata machi nighelola mwanedu.,,,
review,substitution,g/c,1.2,chua,6,Chongonyi kwake kwa chua maghesho pacha,ghua,5,Naenda ghua Mwemba,,,
review,substitution,r/n,1.8,eneka,4,Serikali eneka w'andu magome eri w'ibonyeghe biashara raw'o ndinindini,ereka,7,Kala ereka ngasu kulowolwa ni mkoloni.,,,
review,substitution,i/e,1.2,enja,5,Enja magome bengi,inja,6,Inja machu ghako.,,,
review,substitution,u/i,2.7,ndeghine,8,Makongo ghamu ndeghine maghanga,ndeghune,3,Mtorori ndeghune Mavuda,,,
review,substitution,y/k,2.7,kangia,3,Linu kamruke kangia.,yangia,8,Chola yangia mrumenyi,,,
review,substitution,k/s,1.8,kuw'uka,7,Kuw'uka na chirichiri,kuw'usa,4,Oreghorua mkonu kuw'usa mfuko ghwape.,,,
review,substitution,k/r,1.8,kakaia,4,Mndu kakaia na choyo kwam'manyira kuvisa vindo.,rakaia,7,Fuw'e rakaia vilembenyi.,,,
review,substitution,r/k,1.8,kacha,7,Kacha nadime kumwona,racha,4,Racha wele,,,
review,substitution,a/o,2.7,kuroghua,8,Ado tambo elemwa ni kuroghua w'andu ni kii?,kuroghuo,3,kuroghuo mayo,,,
review,substitution,w/n,1.2,nakaia,5,nakaia mbai na mbai,wakaia,6,Wakaia mkongo.,,,
review,substitution,j/v,2.7,raja,8,Nyoni iro raja wadudu wipoie.,rava,3,Nyonyi reka na maw'aw'a na memu na rava maghi.,,,
review,substitution,w/n,2.7,nareda,3,nareda mkwapo,wareda,8,Na ihi katiba mbishi kudeka na madedo kwamba wibadilishe mfumo ghwa elimu ughu ghukoghe wikainja ghwa wunyanya wikareda CBC kwawona wada ugho mfumo mwishi wareda?,,,
review,substitution,u/m,1.8,msighe,4,Msighe noko.,usighe,7,Usighe kuwona seji ndedinaa kazi yebonyaa,,,
review,substitution,m/d,2.7,kidanga,3,Waweenja kidanga,kimanga,8,Mwakichwa odejha kimanga cha makaji ighuo,,,
review,substitution,m/f,1.2,farasi,6,w'ajoka aighu ya farasi,marasi,5,Warwa marasi.,,,
review,substitution,i/e,1.2,ngonde,6,Ngolo ra wadamu rakucha ngonde.,ngondi,5,Ini mdumiki wako nadalindia ngondi ra aba,,,
review,substitution,a/e,2.7,raja,8,Nyoni iro raja wadudu wipoie.,reja,3,Ng'ombe reja nyasi.,,,
review,substitution,d/k,1.8,muda,7,Tumia muda na familia yako,muka,4,Saa muka uko na kifu.,,,
review,substitution,y/r,1.8,rakaia,7,Fuw'e rakaia vilembenyi.,yakaia,4,"Iruwa jikatua, ndoe yakaia na rangi ighokie",,,
review,substitution,a/i,2.7,inda,8,Chala chimweri ndechibaragha inda.,indi,3,Koshi idaghenda aha ikumbilwagha indi.,,,
review,substitution,d/k,2.7,daenda,8,Idime daenda m'wada mwana wa mwan'duu uvalo icho kivulanguwo.,kaenda,3,Kaenda Mombasa na kwende baharinyi kwa ogha na machi gha chumbi,,,
review,substitution,d/n,2.7,dapata,3,Kurumiria dapata ndighi,napata,8,Napata Chaghu,,,
review,substitution,a/u,1.8,malungu,4,Zighe wanona malungu ghose.,mulungu,7,Mulungu wadi jalia maisha ghipoiye,,,
review,substitution,r/d,1.8,ghadika,7,Machi ghadika.,gharika,4,Vua yadareda gharika.,,,
review,substitution,i/a,2.7,banana,3,Chi chachaa lii sena kimu cha banana?,binana,8,Naboilwa nandighi kwanikabia simu kunimanyisha kwavika binana.,,,
review,substitution,w/l,1.8,luda,4,Mndu wa isu wawedikwa ni luda,wuda,7,Isanga jedu ndedine wuda,,,
review,substitution,i/b,2.7,kwakaba,3,kwa huw'o kwakaba,kwakaia,8,Kwakaia na ani kenyu?,,,
review,substitution,r/y,1.8,raw'uya,7,Nyonyi raw'uya na matunda gheja.,yaw'uya,4,Yaw'uya sughuswa nandighi.,,,
review,substitution,r/j,2.7,jawo,3,Isanga jawo ni jesirimika.,rawo,8,Wandu wamu wadakaiya nyumbenyi rawo eri kuepuka hali rizamie ra hewa,,,
review,substitution,u/i,1.2,ghikaie,5,Kuwadana kwadima kubonya malagho ghikaie ghiangue.,ghukaie,6,Lukundo lwadabonya wurumwengu ghukaie ghuboie shuu.,,,
review,substitution,y/k,1.8,kaka,4,Nyumba ya kaka erew'ada modo.,yaka,7,Iihi skulu yaka na mafundisho ghipoie.,,,
review,substitution,a/u,2.7,inda,8,Chala chimweri ndechibaragha inda.,indu,3,Wichaburuka ighu sa indu.,,,
review,substitution,v/j,1.2,oja,5,Uja mwanawaka oja magome ghapo.,ova,6,Uja mka ova mwana icho,,,
review,substitution,j/k,1.2,wadaja,6,Pwaru wadaja nyasi,wadaka,5,Apa wadaka mzinyi ueka,,,
review,substitution,e/i,1.2,w'anedu,5,Namvoya w'anedu mkaie sa iji koni niko.,w'anidu,6,Awa ni w'anidu wabaha,,,
review,substitution,o/e,2.7,nandenyi,3,Kungire kitambaa ao nandenyi.,nandonyi,8,Miri ya midi yao ma nandonyi na mbashu rake.,,,
review,substitution,s/n,1.2,naghua,6,Naghua vuo virandadu na kalamu iw'i,saghua,5,Saghua mafundisho w'ulalo ghwa feza.,,,
review,substitution,i/k,1.8,kaia,7,Kaia na mawono mecha kwa malagho ghose kubonyagha kudafanikilwa.,kaka,4,Nyumba ya kaka erew'ada modo.,,,
review,substitution,u/a,1.2,w'azuri,6,Ikaiaa w'ada w'akiw'a w'ikito ni w'azuri Mlungu ukiw'ona?,w'uzuri,5,naw'ona w'uzuri ghwake,,,
review,substitution,t/g,1.8,kugala,4,Kila mndu osindanyavura kugala eri kuw'oka mazara kasho.,kutala,7,Aho niko kuchaadima kutala.,,,
review,substitution,v/w,1.8,varo,4,Wandu wadapoilwa ni kubonya varo va asili.,waro,7,Pusi otoroka mndu waro.,,,
review,substitution,n/w,1.2,wona,6,Wekunda kuenda mlimenyi wende wona masaka.,wowa,5,Wanikumba wowa,,,
review,substitution,j/h,2.7,raha,3,Idime ni ya raha na kuseka.,raja,8,Nyoni iro raja wadudu wipoie.,,,
review,substitution,r/w,1.2,radabora,5,Iruwa jikakafuma nyonyi radabora.,wadabora,6,Wadabora nicha.,,,
review,substitution,c/g,1.8,chadika,4,Chumbi chadika chose,ghadika,7,Machi ghadika.,,,
review,substitution,a/e,1.8,wakunda,4,Wadeki wakunda kutima wudeki wupya.,wakunde,7,Uhuu muisanga wakunde kwenda kimbiri.,,,
review,substitution,m/l,1.8,luda,4,Mndu wa isu wawedikwa ni luda,muda,7,Tumia muda na familia yako,,,
review,substitution,r/n,2.7,ninyo,8,Nineke machi ninyo.,rinyo,3,Nyamandu ni lazima rinyo machi.,,,
review,substitution,e/o,1.2,nde,6,Mkapo wapo woghenda kwa nde.,ndo,5,Mufu na mnavu ndo ghuko hata machi nighelola mwanedu.,,,
review,substitution,j/k,2.7,raja,8,Nyoni iro raja wadudu wipoie.,raka,3,Mabemba reocha raka tayari.,,,
review,substitution,l/d,1.2,kwadua,5,Kwadua kukiw'oneka saa mwana mtini,kwalua,6,Kwalua fii,,,
review,substitution,i/o,2.7,ijhi,8,Ikanisa ijhi jhe kaba makofi Jiwangwagha,ijho,3,Ijho nijho irumirio,,,
review,substitution,r/i,1.8,kuiwa,4,Kuiwa kindu cha mundu ungi ni karakakara?,kurwa,7,Kuseliwe kurwa vadu va wusalama,,,
review,substitution,n/k,2.7,keki,8,Keki yawurwa.,keni,3,Oho ko mwana wani keni?,,,
review,substitution,a/i,2.7,ijha,3,Dineke ijha mbeu yako,ijhi,8,Ikanisa ijhi jhe kaba makofi Jiwangwagha,,,
review,substitution,m/r,1.2,mapema,6,Iduka jha vilole jharughwa mapema,mapera,5,mpera ghaghuduka mapera,,,
review,substitution,w/k,1.2,kasikira,6,Kasikira lufu kuche ifonyi icho,wasikira,5,Uhuu mzuri wasikira wandu wake.,,,
review,substitution,g/c,2.7,uchacha,3,Uchacha kutanya,uchagha,8,Mbaha uchagha,,,
review,substitution,k/m,1.8,chadika,4,Chumbi chadika chose,chadima,7,Na ni kii chadima chibonyo kwa hali sa iro ikaiye ya maana?,,,
review,substitution,d/w,2.7,duka,8,Duka ighembe,wuka,3,Wuka shalu shalu,,,
review,substitution,k/j,1.8,kwaja,7,Kwaja kii idimei,kwaka,4,Kwaki kwaka na machu,,,
review,substitution,k/m,2.7,kunighorie,8,Kukabusa kunighorie,munighorie,3,Mukecha mukevika munighorie niche.,,,
review,substitution,n/d,2.7,dinyo,3,Choo dinyo chofi.,ninyo,8,Nineke machi ninyo.,,,
review,substitution,r/v,1.8,nderiko,4,Ndighi nderiko.,ndeviko,7,Vaghu ndeviko wandu wawelola,,,
review,substitution,e/a,2.7,w'adeka,3,W'andu w'adeka putu chonyi dije.,w'edeka,8,w'edeka w'ibwagho sa w'ambao,,,
review,substitution,w/k,1.8,kalemwa,4,Kalemwa ni kubonya,walemwa,7,Mghadi wadabegha vindo ela walemwa ni kuvisoma.,,,
review,substitution,e/a,2.7,kupanga,8,Kichuku chikwanagha kupanga kifwa na wawa wa waka.,kupange,3,Kupange imbiri na kuw'ike magome ghikate nambai,,,
review,substitution,o/u,1.2,kudo,6,Kukaghenda idukenyi kudo kikuchu.,kudu,5,Nawekulomba mrika kunineke kudu.,,,
review,substitution,j/b,2.7,kubaa,8,Oka na kilema kubaa wushunyi ghwape.,kujaa,3,Kujaa vindo va luma lwa kesho?,,,
review,substitution,r/y,2.7,raja,8,Nyoni iro raja wadudu wipoie.,yaja,3,Koshi yaja pwaru wose.,,,
review,substitution,a/o,2.7,kubaa,8,Oka na kilema kubaa wushunyi ghwape.,kuboa,3,Waghenyi wa loli wadakutesia kuboa na kujielelwa.,,,
review,substitution,o/a,1.2,nakumoni,5,E hoku nakumoni w'ori kwaw'uya mnyonge kara kara na isi.,nokumoni,6,Luma lwa kenyi nokumoni kudekagha.,,,
review,substitution,j/g,2.7,ghe,8,Wazazi wafunya malengo ghe teseia.,jhe,3,Ikanisa ijhi jhe kaba makofi Jiwangwagha,,,
review,substitution,m/k,1.2,kizima,5,W'adia kilambo kizima.,mizima,6,Iri nguwo ni ra mishono mizima mizima.,,,
review,substitution,l/m,1.2,lila,5,Leka lila,lima,6,Wandu irandadu waenda lima mbuwa,,,
review,substitution,y/d,2.7,dada,3,Malagho ghaka mengi dada.,daya,8,Mary udeenda daya machi na ukashorodoka.,,,
review,substitution,d/w,1.2,daw'ekunda,5,Daw'ekunda kuw'aya matunda,waw'ekunda,6,Wanizera waw'ekunda kulala.,,,
review,substitution,v/n,2.7,nikaie,8,Sidima nikaie na mwai ughokie na unitirire ngolo,vikaie,3,leka vikaie na oho,,,
review,substitution,e/a,1.2,kunineka,6,Kwalegha kunineka machi oho.,kunineke,5,Nawekulomba mrika kunineke kudu.,,,
review,substitution,m/i,2.7,ivui,3,Iridia jhapo jheka ivui,mvui,8,koka mvui,,,
review,substitution,u/o,2.7,uw'o,3,Leka kubonya uw'o,uw'u,8,Ado nikii uw'u kwaw'esekia huw'u?,,,
review,substitution,h/i,1.8,ghesha,4,Hebu ghesha iro gharama rose diritumie.,ghesia,7,Magurudumu gha magare ghawo ghesia.,,,
review,substitution,r/n,1.8,naw'uya,4,Kufuma naw'uya mkongo ndokuchee kukanizighana.,raw'uya,7,Nyonyi raw'uya na matunda gheja.,,,
review,substitution,d/t,2.7,daya,8,Mary udeenda daya machi na ukashorodoka.,taya,3,Taya rarimishwa,,,
review,substitution,g/s,2.7,ndigha,8,"Dedimeghe kuwona shimba, chovu, ndigha katika mazingira ghawo",ndisha,3,Nyamandu rakundikie kupata ndisha iboie na machi.,,,
review,substitution,k/v,1.8,yaka,7,Iihi skulu yaka na mafundisho ghipoie.,yava,4,Nguku yava maghi,,,
review,substitution,u/n,2.7,nganda,8,Nganda yawuduka,uganda,3,W'ukongo ghwa Ibola ghwabwaghie w'andu w'engi nandighi Uganda.,,,
review,substitution,i/r,1.8,kaia,7,Kaia na mawono mecha kwa malagho ghose kubonyagha kudafanikilwa.,kara,4,Kara kara na mabonyo ghako,,,
review,indel,e,2.3,mda,3,Iri nyonyi raweenda mda mlacha.,meda,7,Meda na ndiwa rachua machi.,,,
review,indel,y,1.0,ndeghipoie,5,Mavuda ndeghipoie.,ndeghipoiye,5,Marwai ghawo ndeghipoiye,,,
review,indel,w,2.3,mkake,3,Mkake ni sa ngolo yake cheni.,mkwake,7,Kokala korekoghe na mndumu na mkwake nao wedevamilwa ni vitoi.,,,
review,indel,k,1.5,kuw'angwagha,6,W'omi w'amu w'avui w'akaia andu kuw'angwagha misidu ya vua.,uw'angwagha,4,Uja mka uw'angwagha Raeli ni w'aw'a.,,,
review,indel,m,1.5,chua,6,Chongonyi kwake kwa chua maghesho pacha,chuma,4,Kumuoghosha sa chuma.,,,
review,indel,',1.5,w'ukiw'a,6,Mizi imu iko na w'ukiw'a yalemwa ni kujisha w'ana w'aw'o.,w'ukiwa,4,Maw'uda ghashekeria w'ukiwa w'andunyi.,,,
review,indel,',2.3,w'asinda,3,W'andu w'asinda ikanisenyi.,wasinda,7,Wasinda njala,,,
review,indel,o,2.3,rama,3,Rama na idirisha.,raoma,7,Midi raoma,,,
review,indel,y,1.5,kukaa,6,Wangu wakundikia kukaa na mawono malazi.,kukaya,4,Maisha ghadima kukaya na wasi lakini dadima kurisima.,,,
review,indel,',2.3,w'apoilwa,3,W'apoilwa ni kilimo,wapoilwa,7,Wana wapoilwa ni kucheza mpira.,,,
review,indel,i,1.5,wona,6,Wekunda kuenda mlimenyi wende wona masaka.,wonia,4,Wonia mmbenyu wughoma,,,
review,indel,n,1.5,iekeri,4,Omoni wauza nyama ya mburi iekeri.,niekeri,6,Nienda wona mao ini niekeri kama wanidu walegha,,,
review,indel,',2.3,w'anekelo,3,W'achi w'engi w'anekelo w'ukitina ghwa isangenyi.,wanekelo,7,Kula mundu wanekelo,,,
review,indel,m,1.5,kiriba,6,Kiriba chaturuka,kirimba,4,Mdi ghoka na kirimba chimange.,,,
review,indel,i,2.3,ishairi,3,Iji ishairi jawegusia m'mbi redu.,shairi,7,Iri shairi jawejenga kikala cha mzedu.,,,
review,indel,u,2.3,nikabie,7,Kakunda kidasi nikabie mwatululi,unikabie,3,Kukabusa idukenyi ghoria me Mwakughu unikabie.,,,
review,indel,',1.5,kiw'aka,6,Oho ni wa kiw'omi angu wa kiw'aka?,kiwaka,4,Mwanida wa kiwaka wadawangwa wakesho,,,
review,indel,v,2.3,izima,3,Diwonanagha ituku izima,vizima,7,Biblia etafsirilwa kwa viteto vizima vizima.,,,
review,indel,h,1.5,lubaa,4,kwanekwa lufu lubaa,lubaha,6,Ihii nyumba eko na lukumbi lubaha gho sarigha.,,,
review,indel,n,1.5,nokumoni,6,Luma lwa kenyi nokumoni kudekagha.,okumoni,4,Waghenyi wa loli ni awaje wikubonyagha kujielelo sa okumoni.,,,
review,indel,i,2.3,misanu,3,Seji iw'onekagha iji ikosa ubonyere wadima kufungwa jela miaka misanu.,msanu,7,Isangenyi koka na wandu wikate milioni mrongo msanu.,,,
review,indel,n,2.3,kusee,3,Enda kusee kidombo kuje.,kusene,7,Kutesia wazima kwadima kureda kuboilwa kusene mfwano.,,,
review,indel,',1.5,w'aboilwagha,4,W'ana w'atini w'aboilwagha nandighi ni msarigho ghokuvisa.,waboilwagha,6,Weke mao waboilwagha shuu kuluka chungo,,,
review,indel,k,2.3,kwazoya,3,Kwazoya muda,wazoya,7,Mwana wazoya kuavua,,,
review,indel,k,1.0,kukaiye,5,Dawekuwanga kukaiye mghenyi wa ishima kwa msoro ghodu nakesho.,ukaiye,5,Mndu wadima ukaiye Mwisilamu amu Mkristo na usekaiye na irumiro jhingi,,,
review,indel,y,2.3,kiwacheni,3,Navadilwa kiwacheni,kiwachenyi,7,Wana wawecheza kiwachenyi,,,
review,indel,k,2.3,kusene,7,Kutesia wazima kwadima kureda kuboilwa kusene mfwano.,usene,3,Uo mka mghosi osighwa mkiw'a usene hata enye.,,,
review,indel,u,2.3,mda,3,Iri nyonyi raweenda mda mlacha.,muda,7,Tumia muda na familia yako,,,
review,indel,u,1.5,huru,6,Muisanga uhuu waboilwa ni kusighwa huru.,uhuru,4,Muisanga uhuu wadapigania uhuru wa mzedu.,,,
review,indel,r,1.0,ibirie,5,Shimba ni nyamandu ibirie,ribirie,5,koshi ribirie ranirashuye mvuto ghwapo ghwa chopwa.,,,
review,indel,y,2.3,ionge,3,Funguonyi ngache ionge.,iyonge,7,Wadukwa iyonge.,,,
review,indel,k,1.5,kupoiye,6,Chuo kibaa ni andu kupoiye kushoma,upoiye,4,Mwanafunzi upoiye ni uja uko na tabia ripoiye na ishima ja hali ya ighu,,,
review,indel,w,2.3,ghachika,3,Maghi ana ghachika.,ghwachika,7,Mnyango ghwachika.,,,
review,indel,l,1.0,kusea,5,Olrelegha kusea basinyi.,kusela,5,Koshi yadapoilwa ni kusela.,,,
review,indel,k,2.3,kunikabie,7,Kevika kunikabie mwatulituli,unikabie,3,Kukabusa idukenyi ghoria me Mwakughu unikabie.,,,
review,indel,m,2.3,kishomo,7,Wandu wekundikia wizingatie kishomo.,kishoo,3,Mbewa ikatoa kishoo ndeilekagha.,,,
review,indel,',1.0,w'achilu,5,W'ana wirangane kizungu na w'achilu w'araw'angwa chotara.,wachilu,5,Namanya ngolo yako ekunda kumkabe uja mdawana wachilu,,,
review,indel,v,2.3,ogha,7,Kaenda Mombasa na kwende baharinyi kwa ogha na machi gha chumbi,vogha,3,Wedekanga vogha,,,
review,indel,n,2.3,ereka,7,Kala ereka ngasu kulowolwa ni mkoloni.,nereka,3,Nereka nikibonya kazi ra nyumbenyi iji w'agjen yu w'apo w'erecheeniroghua.,,,
review,indel,w,2.3,ghadika,7,Machi ghadika.,ghwadika,3,Machi ghwadika,,,
review,indel,o,1.5,che,6,Ghenda kulole chaghu che bonya,cheo,4,Wojoswa cheo.,,,
review,indel,u,2.3,ogha,7,Kaenda Mombasa na kwende baharinyi kwa ogha na machi gha chumbi,oghua,3,Wamola oghua sufuria mbishi,,,
review,indel,e,1.0,iembe,5,Iembe jewoa,imbe,5,Mae wafwa imbe.,,,
review,indel,a,1.5,chao,4,Chao ichi cheko na malagho ghipoie.,cho,6,Cho dije dadeka mswara na mnavu.,,,
review,indel,o,1.0,deja,5,Iguo deja mswara na mbogha ra kizenya na supu ya nguku.,odeja,5,Wakesho odeja marughu ikumi na awi.,,,
review,indel,u,2.3,kaenda,3,Kaenda Mombasa na kwende baharinyi kwa ogha na machi gha chumbi,ukaenda,7,Mndwaw'omi wako onywa chofi ukaenda nyumbenyi.,,,
review,indel,w,2.3,obia,7,Mka wako obia,wobia,3,"Manga wobia, ndousingie",,,
review,indel,k,1.5,kukaa,6,Wangu wakundikia kukaa na mawono malazi.,kukaka,4,Kukaka na momu nde kukaiagha muda mlacha.,,,
review,indel,e,1.5,cheo,4,Wojoswa cheo.,cho,6,Cho dije dadeka mswara na mnavu.,,,
review,indel,k,1.5,aka,6,Aka oko mkongo sana.,kaka,4,Nyumba ya kaka erew'ada modo.,,,
review,indel,e,1.5,che,6,Ghenda kulole chaghu che bonya,chee,4,Kufuma ni chee hata linu nde wibore,,,
review,indel,e,1.5,elima,4,Elima yadima kughalusa maisha.,lima,6,Wandu irandadu waenda lima mbuwa,,,
review,indel,a,1.5,ose,6,Mngulu wape ose ononeka kuzoyenyi kwa kimu chekuw'ida.,osea,4,Mwana wa chovu osea kidombo na maghu ghape gha nanyuma ghiko na ndighi.,,,
review,indel,o,2.3,andika,3,Andika andu kumu maza ra mana,oandika,7,Mruna oandika w'andu w'emlindia.,,,
review,indel,n,1.5,ibonye,4,Skulu hii yawetima ibonye ncha sana.,nibonye,6,Nifundishe seji ifwane nibonye.,,,
review,indel,',1.5,viw'i,6,Odumbua kitambaa cha naisi eri vikaie viw'i..,viwi,4,Eghwa nuo mwandiki wa ivi vvuo viwi.,,,
review,indel,',2.3,waw'esarigha,3,Mwana waw'esarigha na w'ambao,wawesarigha,7,Wana wawesarigha kiwachenyi,,,
review,indel,r,2.3,ilue,3,Iyo meza eka ilue efwana ifuto.,rilue,7,Mfuo nguw'o rose rilue kifulanguw'o,,,
review,indel,n,1.0,ichagha,5,Aba udadamba njumwa ichagha,nichagha,5,Nichagha luma lwa kesho,,,
review,indel,u,2.3,mche,3,Mche shaw'ori eri disekechelewa.,muche,7,Niko naghamba muche na mayo na ndeo di dede kesi,,,
review,indel,w,2.3,adamu,3,Shimba radaja w`adamu pia,wadamu,7,Ngolo ra wadamu rakucha ngonde.,,,
review,indel,i,1.0,dighore,5,Sukuma neichi kwa kidawida dadatumia sukuma dighore dadawanga tu sukuma niecheni ditumia ijo irina.,dighorie,5,Dighorie wuwiwi ughu ghwadipata kwa wundu ghwa indoki?,,,
review,indel,w,1.5,abaa,4,Abaa wapo,wabaa,6,Wanake wefeana kuneka ishima wandu wabaa,,,
review,indel,w,2.3,osigha,7,Osigha iyo kazi angu mando mengi ndew'inekwagha mafungu.,osighwa,3,Osighwa uekeri.,,,
review,indel,w,1.5,kasikira,6,Kasikira lufu kuche ifonyi icho,kwasikira,4,Kwasikira firimbi ikikabwa,,,
review,indel,',2.3,msaw'i,7,Mae ni msaw'i.,msawi,3,Msawi ndeunagha w'waya.,,,
review,indel,r,2.3,oghua,3,Wamola oghua sufuria mbishi,roghua,7,Neenda roghua wawa wapo nikamdwaia mbogha.,,,
review,indel,k,2.3,kudimagha,3,Andu kudimagha kutumika kwa chia rinughiagha.,udimagha,7,Ndeuko mzima udimagha kudeka vindo visingie sa ivi.,,,
review,indel,i,1.0,kusela,5,Koshi yadapoilwa ni kusela.,kuselia,5,Naboilwa ni kuselia mwanedu m'baa.,,,
review,indel,k,2.3,kudeke,7,Kora modo kudeke,udeke,3,Jose waw'edumbua nyama udeke,,,
review,indel,a,1.0,ando,5,Skulu mbaa ni ando kupoie koshomia.,ndo,5,Mufu na mnavu ndo ghuko hata machi nighelola mwanedu.,,,
review,indel,k,1.5,siko,4,Siko tayari nikulaghashe angu konikata.,sio,6,Hata idana nko moyo ela sio ini.,,,
review,indel,k,2.3,kwaro,3,Rikavika saa ikumi na imweri kwaro nafuma.,waro,7,Pusi otoroka mndu waro.,,,
review,indel,i,1.5,kukota,4,Kuwa midi kwawetesia na kupoisa pia kukota msangagha kwareda malagho mengi pia machi ghalaghaya ndeghiwewoneka,kukotia,6,Kusesowe kukotia makoto,,,
review,indel,u,1.5,kabonya,6,Kuhee kabonya kaung'a,ukabonya,4,ukabonya,,,
review,indel,o,1.0,ghua,5,Naenda ghua Mwemba,ghuao,5,Mzi mbaa ghwa Kenya ni ghuao?,,,
review,indel,i,1.5,chao,4,Chao ichi cheko na malagho ghipoie.,chiao,6,Kiwacha chiao wana wapo?.,,,
review,indel,n,2.3,ikakaia,7,Olow'olwa ni mkichuku ikakaia suti mburi ifunyo kizongona.,nikakaia,3,Nikakaia nisew'usire maghu kutini najighwa ni kiw'onu.,,,
review,indel,l,1.0,lukaso,5,Lukaso lwako,ukaso,5,Bwana ukaso,,,
review,indel,',1.0,w'atumia,5,Kawaida w'andu w'atumia magome ghaw'o ghose w'iw'ikie nambai ngelo ra Krismasi.,watumia,5,Watumia isoka kubara mbande,,,
review,indel,s,1.0,ichagha,5,Aba udadamba njumwa ichagha,sichagha,5,Sichagha idime niacha law'uke,,,
review,indel,i,1.5,minjwa,6,Minjwa yanidunga,mnjwa,4,Wodedungwa ni mnjwa.,,,
review,indel,a,1.5,aghia,6,Aghia irughudia.,ghia,4,"Na ngera kama niwupande ghobonya kama zoghori huwu wakati wandu wawa vindo vawo, mwauzira masanga ghia na ghia?",,,
review,indel,k,2.3,kughuo,7,Mao odekuzera kwende kughuo wusiku na wusiku,ughuo,3,Uhu usewadie lufu ndeuze nguwo yake ughuo lufu.,,,
review,indel,',2.3,naw'elola,7,Naw'elola mdumiki ukaie nyumbenyi kwapo.,nawelola,3,Nawelola mtesia wa nyumbenyi.,,,
review,substitution,j/m,1.0,deja,5,Iguo deja mswara na mbogha ra kizenya na supu ya nguku.,dema,5,Naenda dema isaka,,,
review,substitution,b/v,1.5,mbi,4,Wadawana kw wai wepaswa kulindia mbi ghwawo kwa kuwa ni mzi ghwa Mlungu,mvi,6,Mvi ukakakukotia makoto yekundika kutumbulie kwa wumboa.,,,
review,substitution,i/e,1.0,dema,5,Naenda dema isaka,dima,5,Kazi kwa bidii ya dima kureda marasimio mabaa.,,,
review,substitution,v/d,2.3,ghadika,7,Machi ghadika.,ghavika,3,Mwengere ghwa iruwa ghavika aha.,,,
review,substitution,j/y,1.5,jadafunya,4,Kila ituku jadafunya wulalo ghobonya wuzima kwa wambedu.,yadafunya,6,Nyerinyeri yadafunya mwengere ghwa nakio.,,,
review,substitution,d/n,1.5,dipate,6,Ima dipate mawughanga aha mzedu,nipate,4,Nawkunda nipate magome,,,
review,substitution,a/e,2.3,ndouna,7,Mao ndouna magome ghenishomesha,ndoune,3,Hata ndoune ngunya.,,,
review,substitution,d/n,2.3,dikafuma,3,Diwonana kesho dikafuma mbuwenyi.,nikafuma,7,Nikafuma skuli naw'eenda nyumbenyi,,,
review,substitution,p/b,1.5,kuboiye,4,Njama iboie yadima kughalusa wurumwengu kukaiya andu kuboiye.,kupoiye,6,Chuo kibaa ni andu kupoiye kushoma,,,
review,substitution,e/a,1.5,nibonya,4,Ukakaia usenitumbulie ngera nibonya wa'da,nibonye,6,Nifundishe seji ifwane nibonye.,,,
review,substitution,w/y,1.5,waw'uya,6,Ukakakongoma kumanye waw'uya mkongo.,yaw'uya,4,Yaw'uya sughuswa nandighi.,,,
review,substitution,n/w,2.3,nalemwa,3,Nalemwa kurughua mnyango,walemwa,7,Mghadi wadabegha vindo ela walemwa ni kuvisoma.,,,
review,substitution,e/a,1.0,w'afwa,5,W'andu w'afwa na njala na makongo ghishekerelwagha ni njala kila mwaka.,w'efwa,5,W'anyinyi w'ose w'efwa madu,,,
review,substitution,d/k,2.3,wuda,7,Isanga jedu ndedine wuda,wuka,3,Wuka shalu shalu,,,
review,substitution,i/a,1.5,bula,6,Awongo udeniguya bula wa chilu.,buli,4,Nidedungiria chai cha modo kwa buli.,,,
review,substitution,v/b,1.5,mbua,6,Mbvua yake yawerucha pagha/ Msanga mbua,mvua,4,Mvua yenya.,,,
review,substitution,u/a,1.5,kalemwa,4,Kalemwa ni kubonya,kulemwa,6,Lukundo lwa loli ndoludimagha kulemwa.,,,
review,substitution,n/d,1.5,dimanye,6,Yakundikie dimanye ni ani waw'iadineka amri.,nimanye,4,Kama kusedimagha kunighorie nimanye,,,
review,substitution,h/s,1.0,kuhea,5,Kuhea na kufuilwa w'ughoma.,kusea,5,Olrelegha kusea basinyi.,,,
review,substitution,s/j,1.5,jiko,6,Igho jiko moyo na iyo mbari ya wueli.,siko,4,Siko tayari nikulaghashe angu konikata.,,,
review,substitution,c/g,1.5,chiseko,4,Ndechiko kilambo chingi chiseko suti kwa kureda maghaluso.,ghiseko,6,Magare ghiseko nicha ndeghifwane kuendeshwa.,,,
review,substitution,d/v,2.3,ndediko,3,Ndediko na hachi,ndeviko,7,Vaghu ndeviko wandu wawelola,,,
review,substitution,u/w,1.5,gua,6,Mao waenda gua mbogha kinyangeyi.,gwa,4,Mchezo gwa moira ghwa mindi ghwmanyikie,,,
review,substitution,b/d,1.5,abo,4,Nadema mudi gha abo ghuko modenyi,ado,6,Ado bengi ya w'urumwengu eko isanga jiao?,,,
review,substitution,d/z,2.3,vidima,3,Vichula vidima kukaia na lwaka lughokie.,vizima,7,Biblia etafsirilwa kwa viteto vizima vizima.,,,
review,substitution,a/i,1.5,w'usira,6,W'usira chongo,w'usiri,4,Sufuria eka na w'usiri,,,
review,substitution,i/b,2.3,mkabe,3,Mkabe na rungu noko icho kitoi,mkaie,7,Namvoya w'anedu mkaie sa iji koni niko.,,,
review,substitution,y/w,2.3,wazoya,7,Mwana wazoya kuavua,yazoya,3,Iji ndoe yazoya kuela,,,
review,substitution,k/m,2.3,w'ikanye,3,Oresekwa ni w'andu w'ikanye kavui.,w'imanye,7,"Kedi w'ei kaw'ona wikunde w'iide mitihani, ni suti w'imanye ivo viteto",,,
review,substitution,l/m,1.0,lila,5,Leka lila,mila,5,Isanga iji jeko na mila riboie.,,,
review,substitution,r/y,1.0,ralaghaya,5,Stima ralaghaya.,yalaghaya,5,"Dighore isanga ja badilika kwa wundu mruke ghwazidi, vua yalaghaya, vindo pia valaghaya.",,,
review,substitution,e/i,2.3,neenda,3,Neenda roghua wawa wapo nikamdwaia mbogha.,nienda,7,Naweghenda mbuwenyi nienda lola mbogha na wijomba veja lumalwakenyi.,,,
review,substitution,d/l,2.3,wademwa,3,Mkeku uja wademwa ni ighembe ukiala.,walemwa,7,Mghadi wadabegha vindo ela walemwa ni kuvisoma.,,,
review,substitution,h/y,2.3,haja,7,Sine haja na njau.,yaja,3,Koshi yaja pwaru wose.,,,
review,substitution,y/n,2.3,nasighwa,7,Nasighwa kutingini,yasighwa,3,Yasighwa ngelo vui.,,,
review,substitution,o/u,2.3,kuonda,7,"Nameria kuonda mariwa,yanifwana nighale mzedu.",kuunda,3,W'abonyi zoghori w'aralipa kodi kwa kaunti ya Daw'ida imbiri ya serikali kuunda kaunti.,,,
review,substitution,u/o,2.3,olow'oa,3,Olow'oa ikokolo ja mka ughosere putu,olow'ua,7,Mdaw'ana olow'ua icho,,,
review,substitution,w/n,1.5,nalaghasha,4,Nalaghasha chuo chapo,walaghasha,6,Walaghasha ndagha yape,,,
review,substitution,e/a,2.3,wasinda,7,Wasinda njala,wasinde,3,Wasinde legha sena wacha kangia,,,
review,substitution,o/i,1.5,wawelila,6,Mwanake mtini wawelila,wawelola,4,Wamrika wawelola vaghu,,,
review,substitution,k/v,1.5,kifurute,4,Cheko kifurute chighokie,vifurute,6,Kimu cha vifurute.,,,
review,substitution,c/g,2.3,chedeka,3,Charo chapo chedeka kilacha na chechokesha,ghedeka,7,Mavuda ghedeka.,,,
review,substitution,a/i,1.5,panana,6,Wandu wose wikunda kukaia panana.,pinana,4,Nidambishe pinana.,,,
review,substitution,r/s,2.3,maranu,3,Jeko ilaghoki mundu kufuma mzawo na uende uwike maranu ghake,masanu,7,Neka kula umweri maghana ghake masanu.,,,
review,substitution,c/g,1.5,w'echua,4,Nio mana w'eke matee w'echua kii.,w'eghua,6,W'eghua mabamba maw'ishi.,,,
review,substitution,z/s,2.3,visima,3,Visima veka kila andu.,vizima,7,Biblia etafsirilwa kwa viteto vizima vizima.,,,
review,substitution,d/i,1.5,kudwa,6,Kusekeliwa kudwa isanduku jako cha vindo va nadime,kuiwa,4,Kuiwa kindu cha mundu ungi ni karakakara?,,,
review,substitution,i/a,2.3,masanu,7,Neka kula umweri maghana ghake masanu.,misanu,3,Seji iw'onekagha iji ikosa ubonyere wadima kufungwa jela miaka misanu.,,,
review,substitution,m/w,2.3,mucha,3,Mlungu ni mucha.,wucha,7,Mlungu wadneka wucha na wubanana.,,,
review,substitution,a/u,1.0,w'aasi,5,W'utesia ghwa w'aasi ghodumbulwa.,w'uasi,5,Sikunde w'uasi ghungi na oho.,,,
review,substitution,w/y,1.0,warima,5,Mwatulituli warima.,yarima,5,Taa yarima.,,,
review,substitution,n/y,2.3,nekoghe,7,Nekoghe mlindiri,yekoghe,3,Safari yeenda mbugenyi yekoghe yesisimua saana,,,
review,substitution,m/p,2.3,mwari,7,Mterengo ghwasighwa ghwari/mwari,pwari,3,Ngelo ya pwari na ya sumesu.,,,
review,substitution,y/r,2.3,raka,3,Mabemba reocha raka tayari.,yaka,7,Iihi skulu yaka na mafundisho ghipoie.,,,
review,substitution,i/u,2.3,venyi,3,Venyi,venyu,7,Dichatesia vipughi venyu vose.,,,
review,substitution,i/e,2.3,dedeka,7,Isi dedeka ni wandu weshoma.,dideka,3,Iguo dideka na waghenyu kufuma nairobi.,,,
review,substitution,w/n,1.5,nibonye,6,Nifundishe seji ifwane nibonye.,wibonye,4,Kutesia agha malagho ghiseendelie kukaiya huwo wandu wadima wibonye wada?,,,
review,substitution,a/e,2.3,kusena,3,Kwaki kusena ishima oho?,kusene,7,Kutesia wazima kwadima kureda kuboilwa kusene mfwano.,,,
review,substitution,a/u,1.5,pasi,4,Ishati jakabwa pasi,pusi,6,Pusi yafwa,,,
review,substitution,a/u,2.3,mda,3,Iri nyonyi raweenda mda mlacha.,mdu,7,Matuku ghose mdu wadima kuzoya wuwishi.,,,
review,substitution,o/e,2.3,ghedeka,7,Mavuda ghedeka.,ghodeka,3,Mwaka ghusirie ghodeka elifu iw'i mrongo idadu,,,
review,substitution,e/a,1.0,nasinda,5,Nasinda pinana.,nesinda,5,Nasukwa hata nesinda sughusika.,,,
review,substitution,n/d,2.3,dekoghe,3,Dekoghe na maza nyingi kufuma luma lwa kesho.,nekoghe,7,Nekoghe mlindiri,,,
review,substitution,n/j,2.3,kwaja,7,Kwaja kii idimei,kwana,3,Dedeka dikwane lakini ndediche kwana,,,
review,substitution,w/j,1.0,najo,5,Dwa Irina kuenda najo sa ngao.,nawo,5,Nawo wichapata ndighi mbishi.,,,
review,substitution,m/i,1.5,icha,4,Dibora chumbo ilinga njumwa icha ikanisenyi?,mcha,6,Aba mlungu Koko mcha na kwaine wughoma.,,,
review,substitution,a/i,2.3,w'akunde,7,W'aja w'andu w'akunde w'ada?,w'ikunde,3,W'eeka w'ikunde kunirashua.,,,
review,substitution,m/k,1.5,kwaw'uka,6,Kwaw'uka mana?,mwaw'uka,4,Mwaw'uka mkasinda mana?,,,
review,substitution,k/j,2.3,yaja,3,Koshi yaja pwaru wose.,yaka,7,Iihi skulu yaka na mafundisho ghipoie.,,,
review,substitution,m/u,1.5,mcha,6,Aba mlungu Koko mcha na kwaine wughoma.,ucha,4,Ucha ghudishwa,,,
review,substitution,e/o,2.3,gherekoghe,3,Gherekoghe gha loli.,ghorekoghe,7,Ghorekoghe mdi ghumweri ghwa rangi ya ndoe ghuomie.,,,
review,substitution,r/n,2.3,nanyelwa,3,Nanyelwa ni vua,ranyelwa,7,Nguwo rose ranyelwa ni vua,,,
review,substitution,k/p,1.0,ikwanyikonyi,5,Luma lwa kenyi niendagha ikwanyikonyi.,ipwanyikonyi,5,Owingwa ipwanyikonyi ni mwanakiti.,,,
review,substitution,a/o,1.0,kushoa,5,Wafuma kilembenyi kushoa mbande,kushoo,5,"W'uya kushoo mwavuli, vua inyagha",,,
review,substitution,j/d,2.3,wuda,7,Isanga jedu ndedine wuda,wuja,3,Ruwukenyi wuja mpande.,,,
review,substitution,k/j,1.5,vija,6,Dazoghora vija didimagha kukuw'ida.,vika,4,Deko na waghenyi sena ela ni vika kireti.,,,
review,substitution,p/b,1.5,ghaboie,6,Machungwa ghaboie sana kwa muw'i.,ghapoie,4,Maisha ghapoie kula ituku,,,
review,substitution,n/w,1.5,nawebonya,4,Matuku ghose nawebonya mazoezi ikesho,wawebonya,6,Ni ncha kuwishukuru walimu kwa kazi iboiye wawebonya,,,
review,substitution,u/a,2.3,mwanda,3,Isanga jedu ja Mwanda jechaghaluka,mwandu,7,Mwandu wawecha idime.,,,
review,substitution,d/w,2.3,dalemwa,3,Mghorienyi dalemwa ni maza raw'o.,walemwa,7,Mghadi wadabegha vindo ela walemwa ni kuvisoma.,,,
review,substitution,s/n,1.0,nichagha,5,Nichagha luma lwa kesho,sichagha,5,Sichagha idime niacha law'uke,,,
review,substitution,l/v,1.5,nilo,6,Lukundo nilo lupoie,nivo,4,Sere na wutulivu nivo vilambo suti isangenyi.,,,
review,substitution,s/l,1.0,kulela,5,Wavi wijali kulela wana.,kusela,5,Koshi yadapoilwa ni kusela.,,,
review,substitution,a/i,2.3,walola,3,Walola nyungu yape ukaisow'a.,waloli,7,Matuku ghose kuke waloli,,,
review,substitution,e/o,1.5,gheenda,6,Nalomba kunidumie aghaje magome gheenda whughangenyi nakunda nifume aha kiramka kana.,ghoenda,4,Ugo mpira ghoenda koighu maw'ingunyi andu meso ghisedima kuw'ona.,,,
review,substitution,i/e,1.0,kulela,5,Wavi wijali kulela wana.,kulila,5,Kulila kwa kusowa sere.,,,
review,substitution,e/a,2.3,ndana,3,Ndana raw'o rafungilo.,ndena,7,Ata nikadomghorea ndena w'utesia ghungi,,,
review,substitution,e/o,1.5,wedu,6,Ihii skulu yawatesia wadawana wedu.,wodu,4,Mwalimu wodu ndeuchee,,,
review,substitution,i/k,2.3,mkaie,7,Namvoya w'anedu mkaie sa iji koni niko.,mkake,3,Mkake ni sa ngolo yake cheni.,,,
review,substitution,a/e,1.5,wakaia,6,Wakaia mkongo.,wakaie,4,Wakaie ukibonya makosa agheni agho kwa miaka iw'i.,,,
review,substitution,k/n,1.5,kabonya,6,Kuhee kabonya kaung'a,nabonya,4,Nabonya waghenyi walazi bila kuobua.,,,
review,substitution,k/d,2.3,kudede,3,Na mkekaiya woruwu kupate wulalo kudede na mmamgi wa malagho gha mashomo kwadima kumzere wada?,kudeke,7,Kora modo kudeke,,,
review,substitution,v/w,2.3,vidima,3,Vichula vidima kukaia na lwaka lughokie.,widima,7,Awa wiwae widima kupata.,,,
review,substitution,o/i,1.0,w'aw'elila,5,Mwana w'aw'elila,w'aw'elola,5,"Mwana wake wamerie kushoma, itanaha w'aw'elola chaghu",,,
review,substitution,a/i,1.5,malungu,4,Zighe wanona malungu ghose.,milungu,6,Maza rededanya na milungu,,,
review,substitution,y/n,1.5,naghora,6,Naghora ijo mbai sidimagha kudikia.,yaghora,4,Ripoti yape yaghora oka namba ya kana.,,,
review,substitution,n/k,1.5,vika,4,Deko na waghenyi sena ela ni vika kireti.,vina,6,"Kiture, vina na midegho.",,,
review,substitution,d/n,1.5,dibonye,4,Efwana dibonye kazi andu kumweri eri kuzighana w'asi ghodu.,nibonye,6,Nifundishe seji ifwane nibonye.,,,
review,substitution,w/s,2.3,masanu,7,Neka kula umweri maghana ghake masanu.,mawanu,3,Siwadie mawanu,,,
review,substitution,k/d,2.3,waw'uda,3,Waw'uda wadanitima irumirio,waw'uka,7,Apa waw'uka mana?,,,
review,substitution,i/a,1.5,vaka,6,Vindo vako vaka tayari,vika,4,Deko na waghenyi sena ela ni vika kireti.,,,
review,substitution,m/l,2.3,lwembe,7,Lwembe lwake lumweri lochika.,mwembe,3,Ojoka mwembe.,,,
review,substitution,d/w,1.5,dimanye,6,Yakundikie dimanye ni ani waw'iadineka amri.,wimanye,4,Kuwusa makoto gha wananchi wipoise magome wiketi na vilingozi wimanye aha shida iko.,,,
review,substitution,w/r,1.0,ranona,5,Mbewa ranona nguwo,wanona,5,Zighe wanona malungu ghose.,,,
review,substitution,d/m,1.0,kudu,5,Nawekulomba mrika kunineke kudu.,kumu,5,Nkila gonda ni irina ja andu kumu Ethiopia.,,,
review,substitution,a/e,2.3,mwemba,7,Naenda ghua Mwemba,mwembe,3,Ojoka mwembe.,,,
review,substitution,r/j,2.3,jaw'uya,3,Kunikunuo iji iridia jaw'uya ibaa.,raw'uya,7,Nyonyi raw'uya na matunda gheja.,,,
review,substitution,o/m,2.3,mbia,3,Daweenda kota mbia,obia,7,Mka wako obia,,,
review,substitution,w/k,1.5,kakaia,4,Mndu kakaia na choyo kwam'manyira kuvisa vindo.,wakaia,6,Wakaia mkongo.,,,
review,substitution,g/w,2.3,gafwa,3,Mwakilenge oka na gafwa ndacha.,wafwa,7,Mae wafwa imbe.,,,
review,substitution,e/a,2.3,ndena,7,Ata nikadomghorea ndena w'utesia ghungi,ndene,3,Mwanwako ndene akili.,,,
review,substitution,w/n,1.0,nawekunda,5,Nawekunda kuja mapemba mawishi,wawekunda,5,Maisha gha wawekunda hata kulola.,,,
review,substitution,a/e,1.0,ghaoma,5,Machi ghaoma,gheoma,5,Vua endaenda malemba gheoma.,,,
review,substitution,v/w,2.3,vangu,7,Ngawifashafasha vangu w'ana w'iko na tabia isafwane.,wangu,3,Wangu wekundika witesiana msimu ghwa wasi.,,,
review,substitution,r/j,1.5,jipoie,4,Mavuda gheko na irumba jipoie,ripoie,6,Oho kwameria kusikia maza ripoie.,,,
review,substitution,i/u,2.3,ghwachika,7,Mnyango ghwachika.,ghwachuka,3,Mwindi ghwa ng'ombe ghwachuka.,,,
review,substitution,w/y,1.5,wakaia,6,Wakaia mkongo.,yakaia,4,"Iruwa jikatua, ndoe yakaia na rangi ighokie",,,
review,substitution,p/k,1.5,kaka,4,Nyumba ya kaka erew'ada modo.,paka,6,Okabwa paka ovimba w'ushu,,,
review,substitution,n/w,1.5,namneka,6,Namneka,wamneka,4,Mriwiti wamneka mkongo wughanga.,,,
review,substitution,r/w,1.5,ripoie,6,Oho kwameria kusikia maza ripoie.,wipoie,4,Nyoni iro raja wadudu wipoie.,,,
review,substitution,w/n,1.5,naw'uya,4,Kufuma naw'uya mkongo ndokuchee kukanizighana.,waw'uya,6,Ukakakongoma kumanye waw'uya mkongo.,,,
review,substitution,a/e,2.3,mucha,3,Mlungu ni mucha.,muche,7,Niko naghamba muche na mayo na ndeo di dede kesi,,,
review,substitution,m/v,1.0,mibaa,5,Iji isanga jeko na mighondi mibaa.,vibaa,5,Ihii nyumba yeko na viumba vibaa vighokie.,,,
review,substitution,i/a,1.0,lala,5,W'andu w'ose w'aw'eghenda lala nokoo,lila,5,Leka lila,,,
review,substitution,m/k,1.5,wadukwa,6,Wadukwa iyonge.,wadumwa,4,Mwakio wadumwa idukenyii ukalegha,,,
review,substitution,w/d,1.5,dazerwa,4,Dazerwa diende mbuwenyi,wazerwa,6,Nachi wazerwa w'ei oreloghwa.,,,
review,substitution,a/o,1.0,ngama,5,W'eenda skulu luma lwa kesho na ngama.,ngoma,5,Waichi kukaba ngoma.,,,
review,substitution,o/a,2.3,mbia,3,Daweenda kota mbia,mbio,7,Iri igare jaweenda mbio.,,,
review,substitution,o/a,2.3,wabara,7,Mrighiti wabara mndu nicha.,wabora,3,Sikirenyi wabora,,,
review,substitution,v/k,1.5,kaka,4,Nyumba ya kaka erew'ada modo.,vaka,6,Vindo vako vaka tayari,,,
review,substitution,i/u,1.0,w'achili,5,W'achili w'engi agha matuku ni w'elaghasha w'andu.,w'achilu,5,W'ana wirangane kizungu na w'achilu w'araw'angwa chotara.,,,
review,substitution,r/w,2.3,rafwa,3,Ng'eche rafwa,wafwa,7,Mae wafwa imbe.,,,
review,substitution,s/d,2.3,wuda,7,Isanga jedu ndedine wuda,wusa,3,Wusa voro kufuma kwa aba na mao.,,,
review,indel,h,2.0,majala,6,Dawekora majala,majhala,3,Dagha majhala kijhalenyi,,,
review,indel,z,2.0,kwana,3,Dedeka dikwane lakini ndediche kwana,kwanza,6,Muende muoghe iri Mindi kwanza.,,,
review,indel,y,2.0,ekundika,6,Mngulu ekundika udeko kwa isaa jimweri eri uwuro nicha.,yekundika,3,Midi yedu yekundika ilindilo.,,,
review,indel,e,2.0,egua,3,Kampuni egua kiria kiw'ishi.,gua,6,Mao waenda gua mbogha kinyangeyi.,,,
review,indel,',2.0,w'aw'adwa,6,Mwana w'apo w'aw'adwa ni polisi,waw'adwa,3,Waw'adwa ni dilo,,,
review,indel,',1.2,daw'ekunda,5,Daw'ekunda kuw'aya matunda,dawekunda,4,Dawekunda kuwaya matunda,,,
review,indel,u,1.2,dima,5,Kazi kwa bidii ya dima kureda marasimio mabaa.,udima,4,Kila mundu udima kurumaghia ukapatwa ni matimo ghizamie,,,
review,indel,i,1.2,kota,5,Daweenda kota mbia,kotia,4,Kukakunda w'uloli kotia w'ana,,,
review,indel,i,1.2,kunugha,5,Kumbuka kunugha sheria,kunughia,4,Kunughia matumizi gha magome ni ishomo muhimu kwa maendeleo gha kimagome,,,
review,indel,',2.0,w'alola,6,Vilongozi w'amu w'alola w'utesia ghwa magome kwa w'aghenyu.,walola,3,Walola nyungu yape ukaisow'a.,,,
review,indel,t,1.2,maandiko,5,Na naighuu yake koreandikoghe maandiko agha.,matandiko,4,W'adaala matandiko andonyi nema w'ilale,,,
review,indel,a,2.0,nagua,3,Nagua magazeti kila ituku.,ngua,6,Ngua radaonga mifugho bagha,,,
review,indel,',2.0,waw'ebonya,3,Mlungu waw'ebonya kazi andenyi konyu,wawebonya,6,Ni ncha kuwishukuru walimu kwa kazi iboiye wawebonya,,,
review,indel,r,2.0,aka,6,Aka oko mkongo sana.,raka,3,Mabemba reocha raka tayari.,,,
review,indel,o,1.2,orefwa,4,Orefwa angu figho rape rerezama.,refwa,5,Mburi ra mzuri refwa rose rendapata wukongo,,,
review,indel,h,2.0,oghua,3,Wamola oghua sufuria mbishi,ogua,6,Ogua vitorokonya vingi va wana vesarigha.,,,
review,indel,u,1.2,rugha,4,Rugha mnyango kuche dighende,rughua,5,Rughua madirisha,,,
review,indel,m,2.0,che,6,Ghenda kulole chaghu che bonya,mche,3,Mche shaw'ori eri disekechelewa.,,,
review,indel,',2.0,niw'esere,6,Niw'esere nishoe magome,niwesere,3,Niwesere nirughe nyumba,,,
review,indel,u,1.2,kaja,5,Kaja manga kunyo machi malazi,ukaja,4,Mao odenizera nioghoshe mwana ukaja.,,,
review,indel,m,2.0,oshoa,3,Oshoa mpira nwao hoyo ukadudugha.,oshoma,6,Mrighiti oshoma kwa kutima eri uvikie ndodo rake.,,,
review,indel,c,2.0,choyo,6,Mndu kakaia na choyo kwam'manyira kuvisa vindo.,hoyo,3,Oshoa mpira nwao hoyo ukadudugha.,,,
review,indel,k,2.0,kogua,3,Nembe kogua vadu viw'ishi,ogua,6,Ogua vitorokonya vingi va wana vesarigha.,,,
review,indel,u,2.0,kunda,6,Kunda jirani wako seji kujikunde,kuunda,3,W'abonyi zoghori w'aralipa kodi kwa kaunti ya Daw'ida imbiri ya serikali kuunda kaunti.,,,
review,indel,w,1.2,chao,4,Chao ichi cheko na malagho ghipoie.,chawo,5,Choro chawo chiaghwagha kafwani.,,,
review,indel,h,1.2,jhipoie,5,Ilaghiro jhipoie,jipoie,4,Mavuda gheko na irumba jipoie,,,
review,indel,o,1.2,oreenda,5,Oreenda Tanganyika.,reenda,4,Mbeo nakosi ya maw'aw'a gha nyonyi yarineka ndighi reenda ighu zaidi.,,,
review,indel,n,2.0,nyodo,6,Nyodo rape redumbulwa,nyondo,3,Nineke nyondo,,,
review,indel,w,1.2,lala,5,W'andu w'ose w'aw'eghenda lala nokoo,lwala,4,Luja lose ni lwala,,,
review,indel,k,2.0,kuichi,6,Na ni makanisa malinga kuichi?,uichi,3,Na jhingi kwaw'onie Mzungu uichi Kidaw'ida?,,,
review,indel,',1.2,kuiw'a,5,Kilongozi uo oshitakilwa kwa kuiw'a ndoe.,kuiwa,4,Kuiwa kindu cha mundu ungi ni karakakara?,,,
review,indel,h,2.0,naghua,6,Naghua vuo virandadu na kalamu iw'i,nagua,3,Nagua magazeti kila ituku.,,,
review,indel,e,2.0,daw'eenda,6,Daw'eenda bora mwazindika,daw'enda,3,Daw'enda noko kimono dendaneka mao lufu.,,,
review,indel,h,2.0,wadaja,6,Pwaru wadaja nyasi,wadajha,3,Mwachorongo wadajha vifurute,,,
review,indel,e,2.0,negua,3,Negua mbuw'a imu ihi yew'uya ndini,ngua,6,Ngua radaonga mifugho bagha,,,
review,indel,y,2.0,wadakaia,6,Mundu uko na iriso wadakaia zuna,wadakaiya,3,Wandu wamu wadakaiya nyumbenyi rawo eri kuepuka hali rizamie ra hewa,,,
review,indel,',1.2,m'mbao,5,Wabulana na m'mbao,mmbao,4,Mndu ungi uselo na mmbao,,,
review,indel,e,2.0,aka,6,Aka oko mkongo sana.,akae,3,Akae ni msawi.,,,
review,indel,k,1.2,kwasikira,4,Kwasikira firimbi ikikabwa,wasikira,5,Uhuu mzuri wasikira wandu wake.,,,
review,indel,r,2.0,kukia,6,Nekunda kukia.,kukira,3,Wekunda kukira magome gha mavuda.,,,
review,indel,',1.2,w'angia,4,W'aja w'andu w'aw'I w'angia.,wangia,5,Wangia chumba cha mghenyu wape.,,,
review,indel,o,1.2,abo,4,Nadema mudi gha abo ghuko modenyi,aboo,5,Aboo wawemlindia mwanape.,,,
review,indel,k,2.0,kudo,6,Kukaghenda idukenyi kudo kikuchu.,udo,3,Niko idana nawizera awo wiko na kikuchu angu mfuko udo.,,,
review,indel,',1.2,aw'uye,5,Aw'uye w'osighwa na w'ana w'atini,awuye,4,Awuye wapo ouza igare jake.,,,
review,indel,',2.0,w'adumiki,3,W'aw'ibonya w'adumiki w'ake chumi ra modo.,wadumiki,6,Lwaka lwa wadumiki kwasikirika kireti.,,,
review,indel,w,2.0,gharedwa,6,Makongo mengi gharedwa ni machi machafu,ghwaredwa,3,Mumbi ghwaredwa,,,
review,indel,g,2.0,gonda,3,Kala w'andu w'aravina dazi iw'angwagha gonda.,onda,6,Endenyi onda mifugho redu wana wapo.,,,
review,indel,d,1.2,ndediw'adie,5,Ndediw'adie iriko mzinyi.,ndeiw'adie,4,Ija nyumba ndeiw'adie w'andu,,,
review,indel,m,2.0,simw'onie,3,Namarie simw'onie ungi sa uo.,siw'onie,6,Ela jingi siw'onie w'asi ghughane huw'u aghadi ya w'adamu na nyamandu ra isakenyi.,,,
review,indel,w,2.0,kaenda,3,Kaenda Mombasa na kwende baharinyi kwa ogha na machi gha chumbi,kwaenda,6,Agha matuku kwaenda chaghunyi hao?,,,
review,indel,k,1.2,kwachee,5,Kwachee lii,wachee,4,Mwanidu wa womi wachee,,,
review,indel,h,2.0,anyaa,6,Chai chapo wele chaenda hao chikoghe anyaa.,anyaha,3,Nadabonya chaghu anyaha W'undanyi,,,
review,indel,i,1.2,mchezo,5,Mchezo gwa moira ghwa mindi ghwmanyikie,michezo,4,Napiolwagha kusarigha michezo,,,
review,indel,a,1.2,ucha,4,Ucha ghudishwa,uchaa,5,Ituku jimu uchaa,,,
review,indel,',2.0,w'ikaiagha,6,W'andu w'engi w'ikaiagha cha mzinyi ni w'akiw'a.,wikaiagha,3,Waghenyi wa loli ni awaje wikaiagha kavui ngelo rikurie.,,,
review,indel,i,2.0,ainyaa,3,Kwakii nguw'o ra mwana ranyelwa mukoaeni ainyaa?,anyaa,6,Chai chapo wele chaenda hao chikoghe anyaa.,,,
review,indel,m,2.0,ilazi,3,Mutihani ghwa isanga ilazi ghudaw'oka law'uke,milazi,6,Mrighiti washoma kwa kujikaza kwa miaka milazi.,,,
review,indel,',2.0,w'afungwa,6,W'afungwa w'engi w'anekwagha w'asi ni ofisaa w'a w'ulindiri.,wafungwa,3,shahidi wafungwa,,,
review,indel,u,2.0,mcha,6,Aba mlungu Koko mcha na kwaine wughoma.,mucha,3,Mlungu ni mucha.,,,
review,indel,',2.0,nguw'e,6,Ozoya kufugha nguw'e.,nguwe,3,Nguwe radaja maduma,,,
review,indel,v,1.2,indoki,4,Dighorie wuwiwi ughu ghwadipata kwa wundu ghwa indoki?,vindoki,5,"Na dikengia kwa wupande ghwa wukulima, aha vindo viwalwaghwa ni wandu veuza ni vindoki sana sana?",,,
review,indel,',2.0,w'ajha,3,W'achukuo w'ajha w'ikaghuda,wajha,6,Wajha Hotelinyi,,,
review,indel,l,1.2,kiasi,5,Ela sena yaditesia kukaia na kiasi chimu cha kuhoresha w'ongo,kilasi,4,Wana wa kilasi cha mfungade wanekwa vuo ikumi na viwi.,,,
review,indel,j,2.0,ebonya,6,Ndedinekelo rusa ebonya kazi nakio.,jebonya,3,Aho mpaka vilongozi wiketi wipatane wieliane alafu wibonye jebonya,,,
review,indel,',2.0,w'anidu,6,Awa ni w'anidu wabaha,wanidu,3,Sharon wabonyere wanidu winileghe putu.,,,
review,indel,m,2.0,izima,3,Diwonanagha ituku izima,mizima,6,Iri nguwo ni ra mishono mizima mizima.,,,
review,indel,i,2.0,ivu,6,Dadakaba mswaki na ivu.,ivui,3,Iridia jhapo jheka ivui,,,
review,indel,h,1.2,vibaa,5,Ihii nyumba yeko na viumba vibaa vighokie.,vibaha,4,Ndoupoilwa kushoma vuo vibaha,,,
review,substitution,o/a,2.0,mbagho,3,Mbagho rose rechocholwa,mbogho,6,Mbogho yemchikanya uja mghosi mghongo.,,,
review,substitution,p/b,2.0,banana,3,Chi chachaa lii sena kimu cha banana?,panana,6,Wandu wose wikunda kukaia panana.,,,
review,substitution,m/v,2.0,misanu,3,Seji iw'onekagha iji ikosa ubonyere wadima kufungwa jela miaka misanu.,visanu,6,Vilambo visanu,,,
review,substitution,o/a,2.0,sabata,6,Sabata rapo radumbuka,sabato,3,Kusakebonya kazi ingi ituku ja sabato.,,,
review,substitution,o/a,2.0,walala,6,Niwo awa wadadu walala aha kifumbinyi.,walola,3,Walola nyungu yape ukaisow'a.,,,
review,substitution,t/s,1.2,kusima,4,Ndekune kighirio kibaa chedima kusima kukunda kubonya.,kutima,5,Wadeki waboilwa kutima wudeki wugeni.,,,
review,substitution,u/o,2.0,ulo,6,Ulo lumbo siluichi.,ulu,3,Sigheshaa nipataa magome ghangi ulu luma lwa penyu.,,,
review,substitution,a/i,2.0,anyaa,6,Chai chapo wele chaenda hao chikoghe anyaa.,inyaa,3,"Ndoe yafura, vua inyaa!",,,
review,substitution,b/s,1.2,jabia,4,Iruw'a jabia sigha dilole kiju.,jasia,5,Ivunde jasia,,,
review,substitution,b/i,2.0,ekaba,3,Ni umu wa ija timu ekaba mpira.,ekaia,6,Bea ekaia andwamweri.,,,
review,substitution,w/r,2.0,raendie,3,Kampeni rape raendie nicha.,waendie,6,Waendie panana.,,,
review,substitution,i/a,1.2,w'afue,4,W'andu w'engi w'afue kwa w'undu ghwa ugho w'ukongo,w'ifue,5,Nashinikie seji w'andu w'ifue w'engi kafwani.,,,
review,substitution,e/o,1.2,aw'uye,5,Aw'uye w'osighwa na w'ana w'atini,aw'uyo,4,Enda kwa aw'uyo kumzere nammbanga.,,,
review,substitution,e/i,2.0,w'anyenyu,3,"Wele, koko na w'anyenyu w'aw'aka w'alinga?",w'anyinyu,6,W'anyinyu w'eko hao itanaha?,,,
review,substitution,l/m,2.0,wawelila,6,Mwanake mtini wawelila,wawelima,3,Apa wawelima.,,,
review,substitution,w/y,2.0,wawecha,6,Wawecha didede.,yawecha,3,Na sasa nikakotia kwa ngelo ya miaka inya yawecha kwawewona mlamba ghwa Dawida Tuweta ghukaiya hao?,,,
review,substitution,e/u,1.2,nademwa,5,Nademwa ni shembe,nadumwa,4,Nadumwa idukenyi,,,
review,substitution,t/j,2.0,jhe,3,Ikanisa ijhi jhe kaba makofi Jiwangwagha,the,6,Olow'orwa kwa mghosi wa miaka mrongo mfungade uko the miaka ikumi na inya.,,,
review,substitution,w/d,2.0,dapata,3,Kurumiria dapata ndighi,wapata,6,Kwahuwo ngera mndu wapata wasi wadima ukimbie/ ulase iseghe,,,
review,substitution,i/g,2.0,gua,6,Mao waenda gua mbogha kinyangeyi.,iua,3,Nani wadumbua Iua,,,
review,substitution,i/a,2.0,nasikire,6,Nasikire w'ei mdaw'ana wako ochaghira mwana wa w'andu?,nisikire,3,Nisikire kwaenda sena,,,
review,substitution,k/j,1.2,kaja,5,Kaja manga kunyo machi malazi,kaka,4,Nyumba ya kaka erew'ada modo.,,,
review,substitution,r/j,1.2,kaja,5,Kaja manga kunyo machi malazi,kara,4,Kara kara na mabonyo ghako,,,
review,substitution,o/e,2.0,w'ineke,3,W'ineke hae hae rapo.,w'ineko,6,W'andu wikaiagha mzinyi efwana w'ineko modo.,,,
review,substitution,w/l,2.0,ulo,6,Ulo lumbo siluichi.,uwo,3,Uwo nuo mwai kuko nao.,,,
review,substitution,p/b,2.0,waboilwagha,6,Weke mao waboilwagha shuu kuluka chungo,wapoilwagha,3,Wana wapoilwagha ni kusarigha shu,,,
review,substitution,m/i,2.0,ikate,3,Ndew'iw'adie sukari ikate w'andu w'ose.,mkate,6,Mkate ghwawurwa.,,,
review,substitution,y/d,2.0,waw'uda,3,Waw'uda wadanitima irumirio,waw'uya,6,Ukakakongoma kumanye waw'uya mkongo.,,,
review,substitution,k/l,2.0,kubaha,3,Kutesia wamu kwadima kureda kuboilwa kubaha.,lubaha,6,Ihii nyumba eko na lukumbi lubaha gho sarigha.,,,
review,substitution,a/u,1.2,aw'uye,5,Aw'uye w'osighwa na w'ana w'atini,uw'uye,4,Niki chishekerie uw'uye mkulima?,,,
review,substitution,t/b,2.0,mkabe,3,Mkabe na rungu noko icho kitoi,mkate,6,Mkate ghwawurwa.,,,
review,substitution,y/w,2.0,wekundika,6,Wandu wekundika wikae kindo chimweri.,yekundika,3,Midi yedu yekundika ilindilo.,,,
review,substitution,g/r,2.0,gua,6,Mao waenda gua mbogha kinyangeyi.,rua,3,Rua ishati,,,
review,substitution,e/a,1.2,wakunda,4,Wadeki wakunda kutima wudeki wupya.,wekunda,5,Wekunda kukira magome gha mavuda.,,,
review,substitution,a/e,2.0,mcha,6,Aba mlungu Koko mcha na kwaine wughoma.,mche,3,Mche shaw'ori eri disekechelewa.,,,
review,substitution,y/g,1.2,ngungunyi,5,W'uli ghwachua ngungunyi.,nyungunyi,4,Machi gheka nyungunyi.,,,
review,substitution,w/n,1.2,namkunde,4,Namkunde Mlungu nandighi.,wamkunde,5,Angu uje aba wamkunde mwana,,,
review,substitution,u/i,2.0,izighane,3,Serikali yalombelo izighane ijo ilagho.,uzighane,6,Kilongozi wa mzedu ungirie ghadi uche uzighane umanye aha shida iko.,,,
review,substitution,n/d,2.0,dasuw'iria,3,Dasuw'iria dishindagha ugho mchezo.,nasuw'iria,6,Nasuw'iria mwaw'uka mkasinda nicha,,,
review,substitution,e/i,2.0,veja,3,Naweghenda mbuwenyi nienda lola mbogha na wijomba veja lumalwakenyi.,vija,6,Dazoghora vija didimagha kukuw'ida.,,,
review,substitution,l/d,1.2,nadumwa,4,Nadumwa idukenyi,nalumwa,5,Nalumwa ni ngalamvo.,,,
review,substitution,d/g,2.0,kushinda,6,Nguvu ya lukundo yadima kushinda kila kilambo,kushinga,3,Kushinga rangi.,,,
review,substitution,y/d,2.0,indi,3,Koshi idaghenda aha ikumbilwagha indi.,inyi,6,Inyi sirwaa vipini.,,,
review,substitution,e/o,1.2,ndekudimagha,4,Ndekudimagha kushoma vuo vose viandikilo,ndokudimagha,5,Mdamu sa okumoni ndokudimagha kumnyuya mghule.,,,
review,substitution,j/c,1.2,chipoie,4,Ndekune kilambo chingi chipoie sa kukia.,jhipoie,5,Ilaghiro jhipoie,,,
review,substitution,a/e,2.0,w'aw'adwa,6,Mwana w'apo w'aw'adwa ni polisi,w'ew'adwa,3,W'ew'adwa w'isekumbie hata iwanu jimweri.,,,
review,substitution,a/e,2.0,w'alemwa,6,W'abaa w'engi w'a Afrika w'alemwa ni kuneka w'azima ifwa.,w'elemwa,3,Aw'o w'aw'I w'elemwa ni kusikirana.,,,
review,substitution,d/w,2.0,derekoghe,6,Derekoghe dafungwa aisi ya sharia.,werekoghe,3,Kala wandu werekoghe wikisikira Mwalimu wawo.,,,
review,substitution,k/b,2.0,wadabora,6,Wadabora nicha.,wadakora,3,Wadakora maka,,,
review,substitution,e/n,2.0,egua,3,Kampuni egua kiria kiw'ishi.,ngua,6,Ngua radaonga mifugho bagha,,,
review,substitution,n/w,2.0,nakuzera,3,Nakuzera loli Ringoma.,wakuzera,6,Uja wakuzera kujiduke kuende nani?,,,
review,substitution,v/r,1.2,ralaghaya,5,Stima ralaghaya.,valaghaya,4,Vadu vedu valaghaya.,,,
review,substitution,u/i,1.2,ghia,4,"Na ngera kama niwupande ghobonya kama zoghori huwu wakati wandu wawa vindo vawo, mwauzira masanga ghia na ghia?",ghua,5,Naenda ghua Mwemba,,,
review,substitution,w/y,1.2,wanona,5,Zighe wanona malungu ghose.,yanona,4,Teknologia yanona ishima kati ya washomi,,,
review,substitution,i/e,2.0,ndemu,6,Ndemu rebia,ndimu,3,Ndimu yadima kujighwanya na chumbi angu machi.,,,
review,substitution,g/c,2.0,chachika,6,Chije kilole chachika,ghachika,3,Maghi ana ghachika.,,,
review,substitution,e/a,2.0,lagha,3,Wakabwa ngonde ya Kidari/lagha,laghe,6,Nawesikira laghe laghe,,,
review,substitution,h/w,2.0,uho,6,Ni'ini narughua uho mnyango.,uwo,3,Uwo nuo mwai kuko nao.,,,
review,substitution,k/d,2.0,dabonya,3,Dabonya mtihani.,kabonya,6,Kuhee kabonya kaung'a,,,
review,substitution,j/y,1.2,jeenda,4,Wawa wa womi odeniguiya mvuto na ishati jeenda ikansenyi.,yeenda,5,Safari yeenda mbugenyi yekoghe yesisimua saana,,,
review,substitution,d/k,1.2,kudaya,5,Dafuma modenyi kudaya machi,kukaya,4,Maisha ghadima kukaya na wasi lakini dadima kurisima.,,,
review,substitution,a/e,2.0,kumneka,3,Wamerie kumneka mafungu ghape ghemtesia kwa kampeni.,kumneke,6,Mwana ukalila kumneke kikombe cha uji.,,,
review,substitution,g/l,2.0,kwagua,3,Kwagua ki?,kwalua,6,Kwalua fii,,,
review,substitution,r/d,2.0,kudede,3,Na mkekaiya woruwu kupate wulalo kudede na mmamgi wa malagho gha mashomo kwadima kumzere wada?,kurede,6,Enda kurede mbande,,,
review,substitution,y/n,1.2,nakaia,5,nakaia mbai na mbai,yakaia,4,"Iruwa jikatua, ndoe yakaia na rangi ighokie",,,
review,substitution,z/d,1.2,midinyi,5,saw'au raadikwa midinyi,mizinyi,4,Nashinikie hata skulu ra mizinyi w'ana w'iadeda Kiswahili na Kizungu,,,
review,substitution,e/a,1.2,raenda,5,Mifugho raenda lishwa.,reenda,4,Mbeo nakosi ya maw'aw'a gha nyonyi yarineka ndighi reenda ighu zaidi.,,,
review,substitution,z/r,2.0,rua,3,Rua ishati,zua,6,Chofi yadareda zua.,,,
review,substitution,i/a,1.2,chadaka,5,Kichula chadaka na lwaka lusingie.,chadika,4,Chumbi chadika chose,,,
review,substitution,d/n,2.0,diw'one,3,Diende kiw'acheni diw'one misarigho,niw'one,6,Nineke kilole niw'one w'ushu ghwapo.,,,
review,substitution,n/w,2.0,nazerwa,3,Nazerwa niende rapo,wazerwa,6,Nachi wazerwa w'ei oreloghwa.,,,
review,substitution,w/j,1.2,jasia,5,Ivunde jasia,wasia,4,Uji wasia kwa samosi,,,
review,substitution,k/r,2.0,mkiwa,6,Ela ini ni mkiwa nisewadie kindo chingi,mriwa,3,Mriwa wapo oka na ndasanya,,,
review,substitution,d/y,1.2,dakundikie,5,Isi diwose dakundikie kuishimu hachi ra kidamu.,yakundikie,4,Dadima ngera dizere hali ya agho makongo yakundikie wandu wibonye wada?,,,
review,substitution,u/a,2.0,wabaa,6,Wanake wefeana kuneka ishima wandu wabaa,wubaa,3,Wubaa ghwake ghuchamuobosha.,,,
review,substitution,h/p,2.0,kuhoa,3,Wamaiza ndewikundagha sere na kuhoa.,kupoa,6,Kupoa kwake udanineka wuki nani naghuleta tu.,,,
review,substitution,e/o,2.0,egua,3,Kampuni egua kiria kiw'ishi.,ogua,6,Ogua vitorokonya vingi va wana vesarigha.,,,
review,substitution,k/y,1.2,naw'uka,5,naw'uka mana,naw'uya,4,Kufuma naw'uya mkongo ndokuchee kukanizighana.,,,
review,substitution,a/u,2.0,w'angi,3,W'aja ni w'avi w'ape w'angi.,w'ungi,6,Mwalughongo wa kifumbu oreka na mbuw'a mbaa iko na mbogha mbogha na matunda kwa w'ungi.,,,
review,substitution,e/a,2.0,nikuredia,3,Wesera nikuredia nao,nikuredie,6,Nikuredie na rapo?,,,
review,substitution,h/j,2.0,anyaha,3,Nadabonya chaghu anyaha W'undanyi,anyaja,6,W'aka w'unyanya w'abwaghilo anyaja.,,,
review,substitution,k/y,2.0,choko,3,Ihii bahari eka na sangagha ghwa choko.,choyo,6,Mndu kakaia na choyo kwam'manyira kuvisa vindo.,,,
review,substitution,d/r,1.2,odeenda,4,Odeenda kota magho,oreenda,5,Oreenda Tanganyika.,,,
review,substitution,v/s,2.0,sidima,6,Sidima nikaie na mwai ughokie na unitirire ngolo,vidima,3,Vichula vidima kukaia na lwaka lughokie.,,,
review,substitution,w/d,1.2,dikundane,5,Dikundane diw'eni kwa diw'eni.,wikundane,4,"Wandu wose wikundane, wai kwa wadawana",,,
review,substitution,r/k,2.0,kangia,3,Linu kamruke kangia.,rangia,6,Fuwe rangia mbuwenyi,,,
review,substitution,a/u,2.0,vama,6,Weke mao wadakaia na vama vawo va kila jumwa.,vuma,3,W'andu w'ekufundisha kuboisa vilambo va vuma.,,,
review,substitution,c/j,2.0,che,6,Ghenda kulole chaghu che bonya,jhe,3,Ikanisa ijhi jhe kaba makofi Jiwangwagha,,,
review,substitution,n/d,1.2,defuma,4,Diw'ose defuma terinyi na huw'o diaw'uya terinyi.,nefuma,5,Nefuma mzinyi icho,,,
review,substitution,y/j,2.0,jawo,3,Isanga jawo ni jesirimika.,yawo,6,Kila wandu weko na mizango yawo winugha,,,
review,substitution,w/v,1.2,vongo,5,Iruwa jawikora vongo,wongo,4,Kulole wongo ghoumba nyungu,,,
review,substitution,y/r,1.2,ralua,5,Nguwo rapo ralua,yalua,4,Nguwo yapo yalua,,,
review,substitution,p/b,2.0,kuboa,3,Waghenyi wa loli wadakutesia kuboa na kujielelwa.,kupoa,6,Kupoa kwake udanineka wuki nani naghuleta tu.,,,
review,substitution,r/b,1.2,bugha,5,Ni bugha.,rugha,4,Rugha mnyango kuche dighende,,,
review,substitution,v/k,2.0,kiriba,6,Kiriba chaturuka,viriba,3,Mchure viriba vose,,,
review,substitution,k/n,1.2,kakaia,4,Mndu kakaia na choyo kwam'manyira kuvisa vindo.,nakaia,5,nakaia mbai na mbai,,,
review,substitution,d/l,2.0,udo,3,Niko idana nawizera awo wiko na kikuchu angu mfuko udo.,ulo,6,Ulo lumbo siluichi.,,,
review,substitution,k/d,2.0,kwaw'ededa,6,Kwaw'ededa tu,kwaw'edeka,3,Kwaw'edeka kii?,,,
review,substitution,u/i,2.0,mbia,3,Daweenda kota mbia,mbua,6,Mbvua yake yawerucha pagha/ Msanga mbua,,,
review,substitution,d/n,1.2,dawekunda,4,Dawekunda kuwaya matunda,nawekunda,5,Nawekunda kuja mapemba mawishi,,,
review,substitution,w/y,2.0,wadafunya,3,Wavi wadafunya ilaghiro.,yadafunya,6,Nyerinyeri yadafunya mwengere ghwa nakio.,,,
review,substitution,i/l,1.2,kiasi,5,Ela sena yaditesia kukaia na kiasi chimu cha kuhoresha w'ongo,klasi,4,"Dikengia kwa malagho gha mashomo, wana wabonyere mtihani ghwa klasi cha wunyanya kwawona agha majibu ghifumie gha mwaka ghusirie na irija miaka ra nanyuma",,,
review,substitution,w/n,2.0,nerekoghe,6,Ukacha kavui na andu nerekoghe kimusi.,werekoghe,3,Kala wandu werekoghe wikisikira Mwalimu wawo.,,,
review,substitution,k/j,2.0,kujaa,3,Kujaa vindo va luma lwa kesho?,kukaa,6,Wangu wakundikia kukaa na mawono malazi.,,,
review,substitution,i/a,2.0,walala,6,Niwo awa wadadu walala aha kifumbinyi.,walila,3,Kawona walila waumia,,,
review,substitution,n/w,2.0,nazamilwa,3,Nazamilwa shuu,wazamilwa,6,mwana wazamilwa,,,
review,substitution,f/l,1.2,w'efwa,5,W'anyinyi w'ose w'efwa madu,w'elwa,4,W'andu w'elwa w'atesiagha nandighi ngelo ra w'uda.,,,
review,substitution,a/e,2.0,kughesha,6,Elimu ni chia yekuchuria kughesha kodu.,kugheshe,3,W'esera kugheshe nicha.,,,
review,substitution,v/r,2.0,rama,3,Rama na idirisha.,vama,6,Weke mao wadakaia na vama vawo va kila jumwa.,,,
review,substitution,a/e,2.0,w'aw'uya,6,Simanyaa ngera w'aw'uya,w'ew'uya,3,Kufuma ijo ituku w'ew'uya w'amaiza.,,,
review,substitution,v/y,1.2,kudava,4,Kurumaghia na kuwesera kudava makuwido.,kudaya,5,Dafuma modenyi kudaya machi,,,
review,substitution,t/k,2.0,mkake,3,Mkake ni sa ngolo yake cheni.,mkate,6,Mkate ghwawurwa.,,,
review,substitution,u/a,2.0,ado,6,Ado bengi ya w'urumwengu eko isanga jiao?,udo,3,Niko idana nawizera awo wiko na kikuchu angu mfuko udo.,,,
review,substitution,j/r,1.2,ndejiko,5,Ndejiko ilaghoa jikurie jisimwagha kwa kujifunya.,nderiko,4,Ndighi nderiko.,,,
review,substitution,j/w,2.0,jaw'uya,3,Kunikunuo iji iridia jaw'uya ibaa.,waw'uya,6,Ukakakongoma kumanye waw'uya mkongo.,,,
review,substitution,l/m,1.2,kililo,4,Kililo cha w'ughoma,kilimo,5,Dawida malagho ni kilimo tu!,,,
review,substitution,v/w,2.0,ova,6,Uja mka ova mwana icho,owa,3,Chienyi kwake owa midi kufuma Wuimgereza,,,
review,substitution,a/e,1.2,wadaka,5,Apa wadaka mzinyi ueka,wadeka,4,Mka wapo wadeka vindo visingie.,,,
review,substitution,u/m,2.0,mzighane,3,Bendera ikawusirwa mghondinyi mzighane.,uzighane,6,Kilongozi wa mzedu ungirie ghadi uche uzighane umanye aha shida iko.,,,
review,substitution,i/z,2.0,iua,3,Nani wadumbua Iua,zua,6,Chofi yadareda zua.,,,
review,substitution,k/v,2.0,mwakuli,3,Mwakuli wadanya ghake gheni.,mwavuli,6,Mwavuli warughulwa.,,,
review,substitution,a/e,1.2,yatesia,4,Ihi yatesia kuhoresha ngozi isasaghiraa na kuibonya ihoo.,yetesia,5,Kujifunya ni chia yetesia na kuneka wazima.,,,
review,substitution,k/l,1.2,kwadabonya,5,Kutesia wazima kwadabonya maisha ghikaiye na ilengo.,lwadabonya,4,Lukundo lwadabonya murumwengu kukaiya wucha.,,,
review,substitution,v/r,2.0,raka,3,Mabemba reocha raka tayari.,vaka,6,Vindo vako vaka tayari,,,
review,substitution,k/a,2.0,aeni,6,Koko aeni aghadi yedu.,keni,3,Oho ko mwana wani keni?,,,
review,substitution,v/y,1.2,valaghaya,4,Vadu vedu valaghaya.,yalaghaya,5,"Dighore isanga ja badilika kwa wundu mruke ghwazidi, vua yalaghaya, vindo pia valaghaya.",,,
review,substitution,r/n,1.2,nefuma,5,Nefuma mzinyi icho,refuma,4,Ripoti rimu rechuria refuma kwa mndu oandika habari.,,,
review,substitution,g/l,1.2,gwape,4,Safu yadima kuduka kilambo kibaa kuchumba muw'I gwape.,lwape,5,Kila mndu oko na lughano lwape moni loghora.,,,
review,substitution,a/i,1.2,nadaboilwa,5,Matuku ghose nadaboilwa ni kudedanya na waghenyu.,nidaboilwa,4,Ini nidaboilwa ni kuja makaji na mngulu.,,,
review,substitution,p/r,2.0,paka,6,Okabwa paka ovimba w'ushu,raka,3,Mabemba reocha raka tayari.,,,
review,substitution,d/w,1.2,dawekunda,4,Dawekunda kuwaya matunda,wawekunda,5,Maisha gha wawekunda hata kulola.,,,
review,substitution,w/n,2.0,naendie,3,Iguo naendie nikauza mbogha raenga.,waendie,6,Waendie panana.,,,
review,substitution,a/i,1.2,minga,5,Waenda funya minga.,mingi,4,W'ana ndew'ikaiaa miaka mingi skulu.,,,
review,substitution,b/w,2.0,mbembe,6,Ihi fwandi ndeiwadie mbembe,mwembe,3,Ojoka mwembe.,,,
review,substitution,i/u,2.0,kiw'ishi,6,Ni magome alinga kuagha kiw'acha kiw'ishi cha ndege?,kuw'ishi,3,Ohamia andu kuw'ishi.,,,
review,substitution,y/k,2.0,w'ikaw'uka,3,W'ikaw'uka nakesho w'adanywa chofi.,w'ikaw'uya,6,Oreobua w'andu w'ediw'a w'ikaw'uya w'echaw'usa mbembe rape.,,,
review,substitution,r/y,1.2,reenda,4,Mbeo nakosi ya maw'aw'a gha nyonyi yarineka ndighi reenda ighu zaidi.,yeenda,5,Safari yeenda mbugenyi yekoghe yesisimua saana,,,
review,substitution,h/d,2.0,udo,3,Niko idana nawizera awo wiko na kikuchu angu mfuko udo.,uho,6,Ni'ini narughua uho mnyango.,,,
review,substitution,n/s,2.0,kuneko,6,Lomba na kufunge tumu kuneko alama.,kuseko,3,Wichaaghenda kuseko na kudumbuka.,,,
review,substitution,o/u,2.0,kopoa,3,Kunekana kudu kopoa shuu kwa lukundo.,kupoa,6,Kupoa kwake udanineka wuki nani naghuleta tu.,,,
review,substitution,a/o,2.0,ghafunya,6,Mapamba ghafunya sombe,ghofunya,3,Kila ituku ni wulalo ghofunya chawucha.,,,
review,substitution,o/u,2.0,mwambori,6,Ng'ondi ndeine suku/Mwambori,mwamburi,3,Irina Japo ni Mwamburi,,,
review,substitution,r/y,1.2,ranona,5,Mbewa ranona nguwo,yanona,4,Teknologia yanona ishima kati ya washomi,,,
review,indel,w,1.0,ibonye,4,Skulu hii yawetima ibonye ncha sana.,wibonye,4,Kutesia agha malagho ghiseendelie kukaiya huwo wandu wadima wibonye wada?,,,
review,indel,l,1.7,kitambaa,5,Odumbua kitambaa cha naisi eri vikaie viw'i..,kitambala,3,Kitambala chaida,,,
review,indel,k,1.0,kwakunda,4,Kwakunda nikutesie wada?,wakunda,4,Wadeki wakunda kutima wudeki wupya.,,,
review,indel,m,1.7,w'ifue,5,Nashinikie seji w'andu w'ifue w'engi kafwani.,w'ifume,3,W'azerelo w'anekwa mori ghumweri w'ifume agho maaghi.,,,
review,indel,m,1.0,kabenyi,4,Kabenyi kengele w'ana w'iw'uye klasinyi.,kambenyi,4,Kuinje nguwo kambenyi,,,
review,indel,u,1.0,kalemwa,4,Kalemwa ni kubonya,ukalemwa,4,Mndu ukalemwa ni kuw'usa irumirio wafwa ngolo.,,,
review,indel,s,1.7,wahoa,3,Grace ndeuko mzinyi waenda cha Makadara uzighano kama wahoa,washoa,5,Washoa vilambo vake,,,
review,indel,i,1.0,kiwaka,4,Mwanida wa kiwaka wadawangwa wakesho,kwaka,4,Kwaki kwaka na machu,,,
review,indel,v,1.7,ikaie,5,Skulu iboie ni suti ikaie na vilasi va w'ana.,vikaie,3,leka vikaie na oho,,,
review,indel,',1.7,kiw'ada,5,Da w'iteselwagha w'a kiw'ada?,kiwada,3,Basi nikueleshere ni kiwada.,,,
review,indel,k,1.0,kuw'uye,4,Ni kihi chakubonya kuw'uye mzinyi?,uw'uye,4,Niki chishekerie uw'uye mkulima?,,,
review,indel,i,1.7,w'ifume,3,W'azerelo w'anekwa mori ghumweri w'ifume agho maaghi.,w'ifumie,5,Loli w'adamu ni w'andu w'ifumie andu kumweri.,,,
review,indel,',1.7,w'azoghua,3,W'ana w'edu w'azoghua,wazoghua,5,Mwana wazoghua shwaa,,,
review,indel,w,1.0,kaka,4,Nyumba ya kaka erew'ada modo.,kwaka,4,Kwaki kwaka na machu,,,
review,indel,m,1.7,mwaw'ona,5,Mwaw'ona seji ninekelo ghuja mvono ghwa Kristo.,waw'ona,3,Ini simkotiagha kama waw'ona unyame ata ini nanyama,,,
review,indel,m,1.7,kulindie,5,Kulindie kungiria malagho gha w'andu.,mkulindie,3,Mkulindie na awo waghenyi wenyu mkanye nawo.,,,
review,indel,',1.7,naw'aenda,5,Naw'aenda kwa mao na apa,nawaenda,3,Nawaenda ela simanyire ngera ni wuya.,,,
review,indel,g,1.0,kuala,4,Idime ni oho kuala w'uli.,kugala,4,Kila mndu osindanyavura kugala eri kuw'oka mazara kasho.,,,
review,indel,o,1.7,ghua,5,Naenda ghua Mwemba,oghua,3,Wamola oghua sufuria mbishi,,,
review,indel,',1.7,w'anughi,3,W'anughi w'ape w'emkabia chukalaghala na kumkasa.,wanughi,5,Nao jesu ukawizera wanughi wake.,,,
review,indel,m,1.7,kwadua,5,Kwadua kukiw'oneka saa mwana mtini,kwaduma,3,Kwaduma ani,,,
review,indel,k,1.7,kunekelo,3,Mbuw'a kunekelo ni ndeyo ndeizoghorwagha.,unekelo,5,Nani unekelo icho cheo cheneka w'andu magome gha w'andu w'ose?,,,
review,indel,k,1.7,kwawekunda,3,Kwawekunda kumanya ini ni ani,wawekunda,5,Maisha gha wawekunda hata kulola.,,,
review,indel,k,1.7,kusee,3,Enda kusee kidombo kuje.,kuseke,5,Kuseke tima kuniwada wushu ghwapo.,,,
review,indel,k,1.7,kwaghoka,5,Kwaghoka shuu,waghoka,3,Waw'oneka waghoka na nguw'oyape yachopwa ighokie.,,,
review,indel,n,1.7,kusea,5,Olrelegha kusea basinyi.,kusena,3,Kwaki kusena ishima oho?,,,
review,indel,m,1.7,mtesia,5,Nawelola mtesia wa nyumbenyi.,tesia,3,Tesia wakiwa eri kughaluse maisha ghawo nagha vichuku vawo.,,,
review,indel,s,1.7,kuhoa,3,Wamaiza ndewikundagha sere na kuhoa.,kushoa,5,Wafuma kilembenyi kushoa mbande,,,
review,indel,i,1.7,mikono,3,Oghosha mikono yako na sabuni,mkono,5,"Ighesho jezoya skilu ,bishi kijijinyi kedu jedeughwa mkono ni jamii ndazi",,,
review,indel,m,1.7,kumu,5,Nkila gonda ni irina ja andu kumu Ethiopia.,kuu,3,Kishere cheoma kuu.,,,
review,indel,i,1.0,kwasikira,4,Kwasikira firimbi ikikabwa,kwaskira,4,Mwamburi kusekeenda andu kungi kwaskira?,,,
review,indel,n,1.7,dima,5,Kazi kwa bidii ya dima kureda marasimio mabaa.,ndima,3,Linu ni ituku ja ndima ya Bwana.,,,
review,indel,d,1.0,dibonye,4,Efwana dibonye kazi andu kumweri eri kuzighana w'asi ghodu.,ibonye,4,Skulu hii yawetima ibonye ncha sana.,,,
review,indel,k,1.7,ndokune,5,Aja andu ndokune kilambo chingi.,ndoune,3,Hata ndoune ngunya.,,,
review,indel,n,1.7,kiw'ada,5,Da w'iteselwagha w'a kiw'ada?,kiw'anda,3,Mzi ghwapwaw'o ghosighwa sa kiw'anda.,,,
review,indel,k,1.7,kwadua,5,Kwadua kukiw'oneka saa mwana mtini,wadua,3,Wandu wa Mwatate wadua wiseche na mburi,,,
review,indel,e,1.0,w'afu,4,W'afu kuruka ni ifundisho ja Jesu.,w'afue,4,W'andu w'engi w'afue kwa w'undu ghwa ugho w'ukongo,,,
review,indel,w,1.7,owa,3,Chienyi kwake owa midi kufuma Wuimgereza,wowa,5,Wanikumba wowa,,,
review,indel,',1.0,w'usiri,4,Sufuria eka na w'usiri,wusiri,4,Mwana wajishinga wusiri,,,
review,indel,h,1.7,marashi,3,Mkakaneka w'andu nguw'o msemneke ra marashi.,marasi,5,Warwa marasi.,,,
review,indel,h,1.7,ighuri,5,Ighuri jaro niki??,iguri,3,Iguri japo ndejikurie.,,,
review,indel,n,1.7,mkono,5,"Ighesho jezoya skilu ,bishi kijijinyi kedu jedeughwa mkono ni jamii ndazi",mkoo,3,Orekelemieghe uko mkoo.,,,
review,indel,',1.7,daw'ona,5,Ikaiya malagho mengi seji itana daw'ona wandu wikikabana isanga jabadilika,dawona,3,Aho nio dawona yawaumiza wandu zaidi.,,,
review,indel,d,1.7,kudu,5,Nawekulomba mrika kunineke kudu.,kuu,3,Kishere cheoma kuu.,,,
review,indel,w,1.0,kalemwa,4,Kalemwa ni kubonya,kwalemwa,4,Kwalemwa ni kucha,,,
review,indel,',1.7,w'ushauri,5,W'adanichea niw'ineke w'ushauri,wushauri,3,Mrighiti wafunya wushauri ghwa afya.,,,
review,indel,',1.7,w'asilwa,3,W'andu w'asilwa ni ndighi.,wasilwa,5,Wandu waduka mikono chongo angu wasilwa,,,
review,indel,u,1.7,kapata,5,Kapata ndongolo kusedaghe washilu.,ukapata,3,Odungwa ni mnjwa ukapata w'asi na chonda cha mwindi.,,,
review,indel,',1.7,w'aw'ebonya,5,W'adaw'ana bana w'aw'ebonya chaghu chelima,waw'ebonya,3,Mlungu waw'ebonya kazi andenyi konyu,,,
review,indel,w,1.7,erekoghe,5,Io mizi erekoghe na wasi mungi.,werekoghe,3,Kala wandu werekoghe wikisikira Mwalimu wawo.,,,
review,indel,',1.7,w'anona,3,Kuzighana w'andu w'izerwagha w'anona sharia shwa kwa shwa.,wanona,5,Zighe wanona malungu ghose.,,,
review,indel,',1.7,m'mbose,5,Mlale mana m'mbose.,mmbose,3,Sere ndeikaie nenyo mmbose,,,
review,indel,i,1.7,misidu,5,Deko na ijukumu jehifadhi misidu,msidu,3,Msidu ghokorwa mbagha ni w'andu w'ediw'a.,,,
review,indel,',1.7,kuw'esera,3,Kuw'esera niw'ue nama nikuenje.,kuwesera,5,Kuke na kuwesera katika maisha,,,
review,indel,l,1.7,luzi,5,Luzi lwadumbuka,uzi,3,Uhuu uzi wozama.,,,
review,indel,v,1.7,ichagha,5,Aba udadamba njumwa ichagha,vichagha,3,Ilengo ja maisha ni kusigha alama iboie kwa vizazi vichagha.,,,
review,indel,i,1.0,kilasi,4,Wana wa kilasi cha mfungade wanekwa vuo ikumi na viwi.,klasi,4,"Dikengia kwa malagho gha mashomo, wana wabonyere mtihani ghwa klasi cha wunyanya kwawona agha majibu ghifumie gha mwaka ghusirie na irija miaka ra nanyuma",,,
review,indel,u,1.7,kafuma,5,kafuma nakio kusewuye aha,ukafuma,3,Mwana ukafuma skulu wacha na wujuzi ghwake,,,
review,indel,k,1.7,izima,3,Diwonanagha ituku izima,kizima,5,W'adia kilambo kizima.,,,
review,indel,w,1.7,ghaw'uya,5,Machi ghikoghe frijinyi ghaw'uya barafu.,ghwaw'uya,3,Mterengo ghwaw'uya mtini,,,
review,indel,u,1.0,ofunga,4,Ofunga kifu chape na kitambaa.,ofungua,4,Ofungua momu ghwape nao ukalila.,,,
review,indel,',1.7,w'anedu,5,Namvoya w'anedu mkaie sa iji koni niko.,wanedu,3,Wanedu waboilwa ni sarigho.,,,
review,indel,v,1.7,ilue,3,Iyo meza eka ilue efwana ifuto.,vilue,5,Oghosha vilambo vilue shwashwa,,,
review,indel,i,1.0,kusora,4,Kila mndu wadima kusora kwa kutuza isanga.,kusoria,4,Kila mndu wadima kusoria kwa kulindia sayari yedu.,,,
review,substitution,v/y,1.7,vasinga,5,Ivi vindo vasinga.,yasinga,3,Nyama echemushwa yasinga,,,
review,substitution,d/v,1.7,deja,5,Iguo deja mswara na mbogha ra kizenya na supu ya nguku.,veja,3,Naweghenda mbuwenyi nienda lola mbogha na wijomba veja lumalwakenyi.,,,
review,substitution,i/a,1.7,w'anekelo,3,W'achi w'engi w'anekelo w'ukitina ghwa isangenyi.,w'inekelo,5,W'andu w'ezamilwa kwa w'undu ghwa w'udumiki w'inekelo.,,,
review,substitution,v/r,1.0,rikate,4,Kukakora modo wikiria mbande rikate kuwurusha uhu mngulu.,vikate,4,Skulu ndeiw'adie vuo vikate veshoma.,,,
review,substitution,w/l,1.7,ulu,3,Sigheshaa nipataa magome ghangi ulu luma lwa penyu.,uwu,5,Nawaenja mwana skuli ngelo ra saa ikenda uwu.,,,
review,substitution,w/n,1.7,nademwa,5,Nademwa ni shembe,wademwa,3,Mkeku uja wademwa ni ighembe ukiala.,,,
review,substitution,w/y,1.0,warashuka,4,Branketi warashuka.,yarashuka,4,Nguwo yarashuka.,,,
review,substitution,'/e,1.7,daw'enda,3,Daw'enda noko kimono dendaneka mao lufu.,daweenda,5,Daweenda kota mbia,,,
review,substitution,i/u,1.7,kishoo,3,Mbewa ikatoa kishoo ndeilekagha.,kushoo,5,"W'uya kushoo mwavuli, vua inyagha",,,
review,substitution,o/e,1.7,kuhea,5,Kuhea na kufuilwa w'ughoma.,kuhoa,3,Wamaiza ndewikundagha sere na kuhoa.,,,
review,substitution,w/k,1.7,kangia,3,Linu kamruke kangia.,wangia,5,Wangia chumba cha mghenyu wape.,,,
review,substitution,c/g,1.7,chechua,5,Kijiji chedu chechua w'ai w'ighokie,ghechua,3,Simanyire ngera didambagha w'ada mana magare ghose ghechua.,,,
review,substitution,p/s,1.0,malipo,4,Charo chipoiye cheko na malipo ghipoiye,maliso,4,Nyonyi radima kukaia na maliso ghisefwanane.,,,
review,substitution,g/c,1.7,cheoma,3,Chaghu Cheoma,gheoma,5,Vua endaenda malemba gheoma.,,,
review,substitution,a/o,1.0,wadaagha,4,Wanda wadaagha kokaia.,wadaogha,4,Mndu waw'omi ughokie wadaogha kila ituku,,,
review,substitution,i/e,1.7,niredee,3,Niredee lungo,niredie,5,Niredie chuo chapo,,,
review,substitution,d/r,1.7,deja,5,Iguo deja mswara na mbogha ra kizenya na supu ya nguku.,reja,3,Ng'ombe reja nyasi.,,,
review,substitution,u/a,1.7,yenya,3,Mvua yenya.,yenyu,5,Ndedidimagha kushinda timu yenyu.,,,
review,substitution,a/e,1.7,rafwa,3,Ng'eche rafwa,refwa,5,Mburi ra mzuri refwa rose rendapata wukongo,,,
review,substitution,a/e,1.7,vasinga,5,Ivi vindo vasinga.,vesinga,3,Vindo va wawa vesinga,,,
review,substitution,j/r,1.0,jadareda,4,Iruwa jadareda mwengere,radareda,4,Nyerinyeri radareda ndodo.,,,
review,substitution,y/d,1.7,kukufunda,5,Koshi yadima kukufunda amri.,kukufunya,3,Kukufunya kwa kubonya kazi.,,,
review,substitution,e/a,1.7,ghaw'uya,5,Machi ghikoghe frijinyi ghaw'uya barafu.,ghew'uya,3,Iaghi ja mzi ghwape jetindima angu mafungu ghew'uya matini.,,,
review,substitution,v/r,1.7,resinga,5,Mbogha rose resinga,vesinga,3,Vindo va wawa vesinga,,,
review,substitution,d/w,1.0,dadeka,4,Cho dije dadeka mswara na mnavu.,wadeka,4,Mka wapo wadeka vindo visingie.,,,
review,substitution,m/k,1.7,dika,3,Machi gha we dika.,dima,5,Kazi kwa bidii ya dima kureda marasimio mabaa.,,,
review,substitution,f/l,1.7,w'afwa,5,W'andu w'afwa na njala na makongo ghishekerelwagha ni njala kila mwaka.,w'alwa,3,W'ana w'engi w'alwa na kulola chia reishi.,,,
review,substitution,r/k,1.7,kafuma,5,kafuma nakio kusewuye aha,rafuma,3,Ngondi rafuma kwa fwandi,,,
review,substitution,m/w,1.7,dima,5,Kazi kwa bidii ya dima kureda marasimio mabaa.,diwa,3,Diende diwa,,,
review,substitution,k/d,1.7,dapata,3,Kurumiria dapata ndighi,kapata,5,Kapata ndongolo kusedaghe washilu.,,,
review,substitution,v/y,1.7,vazama,3,Vindo vazama.,yazama,5,Simu yazama.,,,
review,substitution,k/y,1.0,kukaka,4,Kukaka na momu nde kukaiagha muda mlacha.,kukaya,4,Maisha ghadima kukaya na wasi lakini dadima kurisima.,,,
review,substitution,d/w,1.0,dibonye,4,Efwana dibonye kazi andu kumweri eri kuzighana w'asi ghodu.,wibonye,4,Kutesia agha malagho ghiseendelie kukaiya huwo wandu wadima wibonye wada?,,,
review,substitution,y/j,1.7,najo,5,Dwa Irina kuenda najo sa ngao.,nayo,3,Bahari yadima kukaia na wuzuri ghupoisirwanyo nayo.,,,
review,substitution,w/n,1.0,nadazamilwa,4,Nadazamilwa ni w'andu w'a iriso,wadazamilwa,4,Wadazamilwa ni malagho ghiseelekia.,,,
review,substitution,r/z,1.7,gharama,5,Hebu ghesha iro gharama rose diritumie.,ghazama,3,Mariwa ghazama ghendadungwa kwa chupa iluye.,,,
review,substitution,j/w,1.0,jipoie,4,Mavuda gheko na irumba jipoie,wipoie,4,Nyoni iro raja wadudu wipoie.,,,
review,substitution,n/w,1.0,nimanye,4,Kama kusedimagha kunighorie nimanye,wimanye,4,Kuwusa makoto gha wananchi wipoise magome wiketi na vilingozi wimanye aha shida iko.,,,
review,substitution,k/y,1.0,kakaia,4,Mndu kakaia na choyo kwam'manyira kuvisa vindo.,yakaia,4,"Iruwa jikatua, ndoe yakaia na rangi ighokie",,,
review,substitution,e/a,1.7,nifuma,3,Ngera nifuma ughu w'ungara lii ghwanisira ndighi,nifume,5,Nalomba kunidumie aghaje magome gheenda whughangenyi nakunda nifume aha kiramka kana.,,,
review,substitution,d/r,1.0,w'adeda,4,W'andu wa Mombasa w'adeda lugha iao?,w'areda,4,Simanyaa ngera w'areda,,,
review,substitution,r/k,1.0,kaka,4,Nyumba ya kaka erew'ada modo.,kara,4,Kara kara na mabonyo ghako,,,
review,substitution,n/k,1.7,kiw'ada,5,Da w'iteselwagha w'a kiw'ada?,niw'ada,3,niw'ada mwazamilwa uwu,,,
review,substitution,k/v,1.7,kipulupulu,5,Kipulupulu cha chokwa.,vipulupulu,3,Wai wa dawida ni vipulupulu,,,
review,substitution,u/n,1.7,ndo,5,Mufu na mnavu ndo ghuko hata machi nighelola mwanedu.,udo,3,Niko idana nawizera awo wiko na kikuchu angu mfuko udo.,,,
review,substitution,a/i,1.0,ghaidie,4,Matuku ghapo ghaidie mipango yapo.,ghiidie,4,Picha ni chia yehifazi ghiidie.,,,
review,substitution,u/o,1.7,uwo,3,Uwo nuo mwai kuko nao.,uwu,5,Nawaenja mwana skuli ngelo ra saa ikenda uwu.,,,
review,substitution,i/e,1.0,wekundikie,4,Wandu wekundikie wijenge kichuku bora.,wikundikie,4,Wandu wikundikie wiwe na mawino mabaa.,,,
review,substitution,k/z,1.7,mkiri,5,Isi de w'anake w'atini ela daw'adia ghaja gha mkiri.,mziri,3,Mziri ghwa shighadi ndeghusowagha chefunga.,,,
review,substitution,r/k,1.7,kaenda,3,Kaenda Mombasa na kwende baharinyi kwa ogha na machi gha chumbi,raenda,5,Mifugho raenda lishwa.,,,
review,substitution,n/d,1.7,dighore,5,Sukuma neichi kwa kidawida dadatumia sukuma dighore dadawanga tu sukuma niecheni ditumia ijo irina.,nighore,3,Kwakunde nighore w'ada?,,,
review,substitution,o/f,1.7,kifo,5,Dighua mburi isanu kwa samba relisha na resicha ngelo ya kifo,kioo,3,Kioo chabarika.,,,
review,substitution,e/a,1.7,ranona,5,Mbewa ranona nguwo,renona,3,Peremende renona maghegho ghape.,,,
review,substitution,o/e,1.7,kuseke,5,Kuseke tima kuniwada wushu ghwapo.,kuseko,3,Wichaaghenda kuseko na kudumbuka.,,,
review,substitution,n/j,1.7,jawo,3,Isanga jawo ni jesirimika.,nawo,5,Nawo wichapata ndighi mbishi.,,,
review,substitution,r/d,1.7,daweenda,5,Daweenda kota mbia,raweenda,3,Iri nyonyi raweenda mda mlacha.,,,
review,substitution,e/o,1.0,chee,4,Kufuma ni chee hata linu nde wibore,cheo,4,Wojoswa cheo.,,,
review,substitution,n/r,1.0,naw'eja,4,Idime nimoni naw'eja magome gha chama,raw'eja,4,Fuwe raw'eja viro,,,
review,substitution,j/d,1.7,daweenda,5,Daweenda kota mbia,jaweenda,3,Iri igare jaweenda mbio.,,,
review,substitution,l/d,1.7,nademwa,5,Nademwa ni shembe,nalemwa,3,Nalemwa kurughua mnyango,,,
review,substitution,i/e,1.7,nefuma,5,Nefuma mzinyi icho,nifuma,3,Ngera nifuma ughu w'ungara lii ghwanisira ndighi,,,
review,substitution,d/y,1.0,davika,4,Ihi miaka davika daw'eseria w'eke w'aw'a.,yavika,4,ngelo yeenda bonya kazi nyumbeni yavika,,,
review,substitution,a/e,1.0,chao,4,Chao ichi cheko na malagho ghipoie.,cheo,4,Wojoswa cheo.,,,
review,substitution,a/i,1.0,naomoni,4,Ndediko na haja naomoni.,niomoni,4,Aba niomoni kilongozi wa kichuku.,,,
review,substitution,w/n,1.7,nadaka,3,Ini nadaka na w'ow'a.,wadaka,5,Apa wadaka mzinyi ueka,,,
review,substitution,c/j,1.7,diche,5,Kuchalii mghenyi wapo diche disinde.,dijhe,3,Sea kidombo dijhe malagho,,,
review,substitution,u/o,1.0,okoghe,4,Mkwapo okoghe na ilagho jenizera ighuo nikaenda rapo,ukoghe,4,Osindaghesha vilambo vose ukoghe uguo.,,,
review,substitution,i/t,1.7,ikaie,5,Skulu iboie ni suti ikaie na vilasi va w'ana.,ikate,3,Ndew'iw'adie sukari ikate w'andu w'ose.,,,
review,substitution,r/j,1.0,jeenda,4,Wawa wa womi odeniguiya mvuto na ishati jeenda ikansenyi.,reenda,4,Mbeo nakosi ya maw'aw'a gha nyonyi yarineka ndighi reenda ighu zaidi.,,,
review,substitution,y/w,1.7,wazama,3,Mtorori wazama,yazama,5,Simu yazama.,,,
review,substitution,w/n,1.7,nakundagha,3,Ko'imbiri nakundagha mwai wa kulowowa,wakundagha,5,Wavi wakundagha kutesia wana.,,,
review,substitution,u/i,1.0,kitiri,4,Kitiri chachika.,kituri,4,W'aidana kituri.,,,
review,substitution,w/d,1.7,diche,5,Kuchalii mghenyi wapo diche disinde.,wiche,3,Wizere wiche lawuke,,,
review,substitution,v/n,1.7,nichagha,5,Nichagha luma lwa kesho,vichagha,3,Ilengo ja maisha ni kusigha alama iboie kwa vizazi vichagha.,,,
review,substitution,u/e,1.7,nalemwa,3,Nalemwa kurughua mnyango,nalumwa,5,Nalumwa ni ngalamvo.,,,
review,substitution,w/k,1.7,nako,3,Na uko kukaia moyo niko nako mumbinyi.,nawo,5,Nawo wichapata ndighi mbishi.,,,
review,substitution,m/o,1.7,mtesia,5,Nawelola mtesia wa nyumbenyi.,otesia,3,Uo mndu wa w'omi otesia mwanedu kuruw'uka moda.,,,
review,substitution,i/u,1.0,icha,4,Dibora chumbo ilinga njumwa icha ikanisenyi?,ucha,4,Ucha ghudishwa,,,
review,substitution,e/a,1.7,ghareda,5,Marashano gha w'eni kwa w'eni ghareda ndasanya andenyi ya timu.,ghereda,3,Chia ya mausha eko na mabonyo ghereda kuboilwa na kuzamilwa.,,,
review,substitution,t/k,1.7,kuu,3,Kishere cheoma kuu.,tuu,5,Kazi wawebonya shida tuu ni agho mawughanga ghisewepatikana,,,
review,substitution,w/d,1.7,daw'ona,5,Ikaiya malagho mengi seji itana daw'ona wandu wikikabana isanga jabadilika,waw'ona,3,Ini simkotiagha kama waw'ona unyame ata ini nanyama,,,
review,substitution,e/i,1.7,jasea,3,Ikungughu jasea kose,jasia,5,Ivunde jasia,,,
review,substitution,v/s,1.7,sichagha,5,Sichagha idime niacha law'uke,vichagha,3,Ilengo ja maisha ni kusigha alama iboie kwa vizazi vichagha.,,,
review,substitution,j/d,1.7,ndediko,3,Ndediko na hachi,ndejiko,5,Ndejiko ilaghoa jikurie jisimwagha kwa kujifunya.,,,
review,substitution,o/e,1.0,eagha,4,Chongo capo cheka na maghesho eagha choro Mwatate,oagha,4,Oagha nyumba ya chumba chimweri.,,,
review,substitution,i/u,1.7,kwadia,3,Kwadia mariwa putu na iro mindi rako,kwadua,5,Kwadua kukiw'oneka saa mwana mtini,,,
review,substitution,a/e,1.7,w'asinda,3,W'andu w'asinda ikanisenyi.,w'esinda,5,W'esinda oghosha nguwo mwadenyi,,,
review,substitution,n/r,1.0,nadabonya,4,Sisaghua icho chose nadabonya tu.,radabonya,4,Nyonyi iro radabonya safari ra kujiboia.,,,
review,substitution,a/e,1.0,namzera,4,Namzera unidumie magome,nemzera,4,Nemzera ugale ukalegha putu putu,,,
review,substitution,f/p,1.7,w'ifwane,3,W'abaa w'aja w'iandikagha w'andu niw'o w'ifwane kuzighana haja ra w'apakazi w'aw'o.,w'ipwane,5,Aw'o w'andu w'ekunda w'ipwane na w'eke ofisaa w'a serikali.,,,
review,substitution,v/k,1.7,kisuka,3,Jingi siwone kisuka cha deda,visuka,5,Inimoni na wambedu dedeboisa visuka vina.,,,
review,substitution,i/a,1.0,w'adeda,4,W'andu wa Mombasa w'adeda lugha iao?,w'adedi,4,W'adedi w'amu w'adaghora Aba na w'azima Apa--mvi wa w'omi,,,
review,substitution,e/u,1.7,w'esu,5,Kwaselie kuw'ona igho ja w'esu?,w'usu,3,Kusekaie na w'usu,,,
review,substitution,l/m,1.7,loka,5,Ela dendapwana loka ni lukundo,moka,3,Nambe moka w'akelu huw'u!,,,
review,substitution,y/k,1.7,kaja,5,Kaja manga kunyo machi malazi,yaja,3,Koshi yaja pwaru wose.,,,
review,substitution,y/r,1.7,rasighwa,5,Wulalo rasighwa iwi,yasighwa,3,Yasighwa ngelo vui.,,,
review,substitution,u/e,1.7,w'adeka,3,W'andu w'adeka putu chonyi dije.,w'aduka,5,Mcharo w'aduka msigo ghulemere,,,
review,substitution,n/k,1.7,w'ew'oka,3,W'andu w'ew'oka kutasa milungu ya kighenyi.,w'ew'ona,5,W'ew'ona w'iende andu kuzima kulola kazi.,,,
review,substitution,r/f,1.7,refwa,5,Mburi ra mzuri refwa rose rendapata wukongo,rerwa,3,Aba waniguiya ishati jimweri na mvuto rerwa krismasi.,,,
review,substitution,i/a,1.0,nabonya,4,Nabonya waghenyi walazi bila kuobua.,nibonya,4,Ukakaia usenitumbulie ngera nibonya wa'da,,,
review,substitution,y/r,1.7,resinga,5,Mbogha rose resinga,yesinga,3,Nyama ya kwaru yesinga kuchumba ya nguku.,,,
review,substitution,a/e,1.7,kusea,5,Olrelegha kusea basinyi.,kusee,3,Enda kusee kidombo kuje.,,,
review,substitution,w/n,1.0,nadumwa,4,Nadumwa idukenyi,wadumwa,4,Mwakio wadumwa idukenyii ukalegha,,,
review,substitution,e/a,1.7,yazama,5,Simu yazama.,yezama,3,Kwamanya ii chia yezama,,,
review,substitution,r/d,1.0,defuma,4,Diw'ose defuma terinyi na huw'o diaw'uya terinyi.,refuma,4,Ripoti rimu rechuria refuma kwa mndu oandika habari.,,,
review,substitution,k/w,1.7,mrika,5,Nawekulomba mrika kunineke kudu.,mriwa,3,Mriwa wapo oka na ndasanya,,,
review,substitution,g/y,1.7,umange,3,Uo mndu oka umange kavui nao.,umanye,5,Kilongozi wa mzedu ungirie ghadi uche uzighane umanye aha shida iko.,,,
review,substitution,u/i,1.7,pwari,3,Ngelo ya pwari na ya sumesu.,pwaru,5,Ko kala korekoghe pwaru na mbisi.,,,
review,substitution,n/l,1.7,kusela,5,Koshi yadapoilwa ni kusela.,kusena,3,Kwaki kusena ishima oho?,,,
review,substitution,y/r,1.7,raghokie,5,Iri nguwo raghokie shuu.,yaghokie,3,Ihii nyumba yaghokie .,,,
review,substitution,n/y,1.7,neenda,3,Neenda roghua wawa wapo nikamdwaia mbogha.,yeenda,5,Safari yeenda mbugenyi yekoghe yesisimua saana,,,
review,substitution,w/y,1.7,nawo,5,Nawo wichapata ndighi mbishi.,nayo,3,Bahari yadima kukaia na wuzuri ghupoisirwanyo nayo.,,,
review,substitution,v/j,1.7,jidima,5,Iji igare jidima kuvuta mizigo ilemere.,vidima,3,Vichula vidima kukaia na lwaka lughokie.,,,
review,substitution,j/y,1.7,jebonya,3,Aho mpaka vilongozi wiketi wipatane wieliane alafu wibonye jebonya,yebonya,5,Chia ipoiye yebonya ilagho ni kwa kujiduma,,,
review,substitution,w/j,1.7,oja,5,Uja mwanawaka oja magome ghapo.,owa,3,Chienyi kwake owa midi kufuma Wuimgereza,,,
review,substitution,a/e,1.0,nikudumia,4,Nikudumia ilagho kesho.,nikudumie,4,Kwasikire luja lumbo nikudumie?,,,
review,substitution,v/k,1.7,kumba,5,kumba tindi riwuro,vumba,3,Nyumba yeka na vumba vidadu velala,,,
review,substitution,g/d,1.7,kwadua,5,Kwadua kukiw'oneka saa mwana mtini,kwagua,3,Kwagua ki?,,,
review,substitution,i/e,1.7,heshima,5,Wandu wekunda winekane heshima.,hishima,3,Kwamrusha kirumbu cha w'ubaa na hishima.,,,
review,substitution,w/l,1.7,lala,5,W'andu w'ose w'aw'eghenda lala nokoo,wala,3,Nausikira wala neusikira.,,,
review,substitution,k/j,1.7,najo,5,Dwa Irina kuenda najo sa ngao.,nako,3,Na uko kukaia moyo niko nako mumbinyi.,,,
review,substitution,b/p,1.7,udaboilwa,5,Mwanedu wa waka udaboilwa kunizighana nikibora.,udapoilwa,3,Udapoilwa ni kumbaku.,,,
review,substitution,r/y,1.0,raela,4,Nguwo raela,yaela,4,Vua yaela.,,,
review,substitution,n/y,1.0,naw'uya,4,Kufuma naw'uya mkongo ndokuchee kukanizighana.,yaw'uya,4,Yaw'uya sughuswa nandighi.,,,
review,substitution,g/c,1.7,chichagha,3,Mtesie kivalwa chichagha,ghichagha,5,Kujifunya ni chia yewikia matuku ghichagha.,,,
review,indel,w,1.3,ghafuma,4,Mengi ghafuma masanga gha noko kimonu sa Japani,ghwafuma,3,Mori ghwafuma,,,
review,indel,r,1.3,ikate,3,Ndew'iw'adie sukari ikate w'andu w'ose.,rikate,4,Kukakora modo wikiria mbande rikate kuwurusha uhu mngulu.,,,
review,indel,w,1.3,waw'anga,4,Kilongozi wa icho kikundi waw'anga mkutano.,waw'angwa,3,Mayo waw'angwa ani?,,,
review,indel,l,1.3,wadalogha,3,Wasawi wadalogha wandu,wadaogha,4,Mndu waw'omi ughokie wadaogha kila ituku,,,
review,indel,y,1.3,ichenio,4,Ndooredimieghe kurumira ijo jiidie io ngelo ichenio.,icheniyo,3,Ow'angwa kwa icheniyo ofisi indo jimu sena.,,,
review,indel,h,1.3,wagalie,3,Wagalie mzinyi kumanyira w'andu w'ape hali.,waghalie,4,Mwai wapo waghalie kwawo.,,,
review,indel,k,1.3,kukalemwa,3,Kukalemwa na yawuturi hata yako ndekuidimagha.,ukalemwa,4,Mndu ukalemwa ni kuw'usa irumirio wafwa ngolo.,,,
review,indel,',1.3,waw'angwa,3,Mayo waw'angwa ani?,wawangwa,4,Wai wose wawangwa,,,
review,indel,k,1.3,kwashomie,4,Kwashomie kii?,washomie,3,mwanyinyu washomie hao,,,
review,indel,e,1.3,chipoi,3,Chaghu chipoi chane matumbulio/mashano ghipoe,chipoie,4,Ndekune kilambo chingi chipoie sa kukia.,,,
review,indel,',1.3,tuw'eta,3,W'akulima w'engi Daw'da na Tuw'eta w'akunde w'ulindiri ghwa mali.,tuweta,4,Dawida Tuweta angu ni Mombasa?,,,
review,indel,a,1.3,mbi,4,Wadawana kw wai wepaswa kulindia mbi ghwawo kwa kuwa ni mzi ghwa Mlungu,mbia,3,Daweenda kota mbia,,,
review,indel,r,1.3,ikavika,4,Nidakunulwa iridia ikavika kuramka-kasanu.,rikavika,3,Rikavika saa ikumi na imweri kwaro nafuma.,,,
review,indel,k,1.3,kwaoghosha,4,kwaoghosha mbogha,waoghosha,3,Waoghosha kitangara cha koshi.,,,
review,indel,i,1.3,nikudume,3,Nikudume sena?,nikudumie,4,Kwasikire luja lumbo nikudumie?,,,
review,indel,',1.3,w'adeka,3,W'andu w'adeka putu chonyi dije.,wadeka,4,Mka wapo wadeka vindo visingie.,,,
review,indel,i,1.3,baisikeli,4,Wusafiri ghwa baisikeli ni ghwa,baiskeli,3,Baiskeli waiwa,,,
review,indel,u,1.3,nikunde,3,"Ara tindima, neko na ilagho nikunde nikukotie.",unikunde,4,Kwawona seji unikunde,,,
review,indel,w,1.3,kungira,3,Olemwa ni kungira goli.,kungirwa,4,Kungirwa kifungonyi,,,
review,indel,l,1.3,lwala,4,Luja lose ni lwala,wala,3,Nausikira wala neusikira.,,,
review,indel,i,1.3,w'anga,3,W'anga w'andu w'iche tesia,w'angia,4,W'aja w'andu w'aw'I w'angia.,,,
review,indel,y,1.3,badae,4,Elimu ni mfunguo ghwa mafanikio gha badae,badaye,3,Niw'uyagha badaye luma lwa penyu.,,,
review,indel,y,1.3,yakaia,4,"Iruwa jikatua, ndoe yakaia na rangi ighokie",yakaiya,3,"Isanga jakaya na malagho, Vilambo vajoka, Vilongozi wawoka malagho matini matini, njala yakaiya na malagho ghaka ghikurie.",,,
review,indel,w,1.3,naw'ada,4,Naw'ada machi,naw'adwa,3,Naw'adwa ni dilo hata naw'edungumia,,,
review,indel,',1.3,maw'anu,4,Maw'anu ghaw'o ghikalie.,mawanu,3,Siwadie mawanu,,,
review,indel,a,1.3,awongo,3,Awongo udeniguya bula wa chilu.,wongo,4,Kulole wongo ghoumba nyungu,,,
review,indel,v,1.3,kuisa,3,Chia nyingi ra Daw'ida nderidimagha kuisa magare.,kuvisa,4,Kusetime kuvisa wuloli,,,
review,indel,w,1.3,kutanya,4,Kwa chia ya kutanya kwako.,kutanywa,3,Ondasikira kutanywa kwa kesi yape orezimia.,,,
review,indel,',1.3,w'aghosia,3,Uja mundwaw'omi ujha w'aghosia putu,waghosia,4,Waghosia hata iridia ni uvu nduu.,,,
review,indel,',1.3,raw'eja,4,Fuwe raw'eja viro,raweja,3,Iri nyamandu raweja majani.,,,
review,indel,i,1.3,kughore,4,Na kwadima kughore serikali mbaa yeok na kii chebonya kwa malagho gheendesha iji isanga/,kughorie,3,Ghuja wasi kuko nagho kughorie Mlingu ukutesie,,,
review,indel,w,1.3,kunona,4,Kukakaiya na w'ow'a kwadima kunona malagho.,kunonwa,3,Ngelo yapo ndeikunde kunonwa ni malagho pacha.,,,
review,indel,m,1.3,mucha,3,Mlungu ni mucha.,ucha,4,Ucha ghudishwa,,,
review,indel,a,1.3,wadaagha,4,Wanda wadaagha kokaia.,wadagha,3,Wadagha kalamu yake choronyi.,,,
review,indel,',1.3,w'aje,3,W'aje w'ai w'aichi kuvina,waje,4,Waje wai waichi kuvina,,,
review,indel,',1.3,w'adanywa,3,W'amasai w'adanywa pagha ya mifugho.,wadanywa,4,Wadanywa chofi paka udekughochuya chienyi.,,,
review,indel,k,1.3,kunikunde,3,Kwaduaa kunikunde ?,unikunde,4,Kwawona seji unikunde,,,
review,indel,n,1.3,diwa,3,Diende diwa,ndiwa,4,Ndiwa reko na machi,,,
review,indel,o,1.3,wadagha,3,Wadagha kalamu yake choronyi.,wadaogha,4,Mndu waw'omi ughokie wadaogha kila ituku,,,
review,indel,k,1.3,kusikire,4,Kaghorelwa mashauri kusikire,usikire,3,Uhu oka na madu ghesikira usikire.,,,
review,indel,i,1.3,ghelipa,3,Kampuni eka na madeni ghelipa.,ghelipia,4,Sine magome ghelipia mashomo,,,
review,indel,k,1.3,kukapata,4,Kwalola kukapata umweri ngera?,ukapata,3,Odungwa ni mnjwa ukapata w'asi na chonda cha mwindi.,,,
review,indel,',1.3,w'adasingilwa,3,Aboo w'adasingilwa ni chofi,wadasingilwa,4,Aboo wadasingilwa ni chofi,,,
review,indel,k,1.3,kughorie,3,Ghuja wasi kuko nagho kughorie Mlingu ukutesie,ughorie,4,W'ele nani ughorie w'ei mka usevaa ulegho?,,,
review,indel,u,1.3,ida,3,Leka ida na aho,idau,4,Siichi kukaba idau.,,,
review,indel,m,1.3,mbi,4,Wadawana kw wai wepaswa kulindia mbi ghwawo kwa kuwa ni mzi ghwa Mlungu,mmbi,3,Matunda na mbogha ni suti kwa mmbi,,,
review,indel,i,1.3,kudunge,4,Kalima nicha kudunge saru ya ng'ombe.,kudungie,3,Kudungie choki machi ighonyi,,,
review,indel,v,1.3,ikate,3,Ndew'iw'adie sukari ikate w'andu w'ose.,vikate,4,Skulu ndeiw'adie vuo vikate veshoma.,,,
review,indel,',1.3,kusekeliw'a,4,Kusekeliw'a kuoghosha fuw'a.,kusekeliwa,3,Kusekeliwa kurishoa barua rako nakesho lumalwakenyi.,,,
review,indel,',1.3,w'ukiwa,4,Maw'uda ghashekeria w'ukiwa w'andunyi.,wukiwa,3,Kazi kwa bidii idainja wukiwa.,,,
review,indel,',1.3,kuw'uye,4,Ni kihi chakubonya kuw'uye mzinyi?,kuwuye,3,Ghenda shwa shwa kuwuye,,,
review,indel,a,1.3,w'angi,3,W'aja ni w'avi w'ape w'angi.,w'angia,4,W'aja w'andu w'aw'I w'angia.,,,
review,indel,',1.3,w'afu,4,W'afu kuruka ni ifundisho ja Jesu.,wafu,3,Andu kwa wafu,,,
review,indel,c,1.3,racha,4,Racha wele,raha,3,Idime ni ya raha na kuseka.,,,
review,indel,u,1.3,mmangi,3,Mmangi wa isanga nuo kilongozi mbaa zaidi isangenyi,mumangi,4,Ruto ni mumangi wa isanga ja Kenya.,,,
review,indel,k,1.3,wafu,3,Andu kwa wafu,wakfu,4,Sherehe ra kuw'ikwa wakfu raendie nicha.,,,
review,indel,',1.3,lukuw'a,3,Lukuw'a lukadunga nidaobua.,lukuwa,4,Lukuwa lwakaba,,,
review,indel,',1.3,w'aw'esarigha,4,W'ana w'a skulu w'aw'esarigha kiw'achenyi,waw'esarigha,3,Mwana waw'esarigha na w'ambao,,,
review,indel,w,1.3,wafunga,4,Wafunga mabao awi.,wafungwa,3,shahidi wafungwa,,,
review,indel,w,1.3,waenja,4,Mwamodo waenja ngo'mbe na mburi modenyi,waenjwa,3,Vilongozi w'aja w'imangishiro kazi waenjwa kotinyi.,,,
review,indel,w,1.3,ghaida,4,Matuku malazi ghaida,ghwaida,3,Wusaghui ghwaida,,,
review,indel,o,1.3,kuvisa,4,Kusetime kuvisa wuloli,okuvisa,3,Okuvisa isakenyi.,,,
review,indel,',1.3,w'adaghora,4,W'adedi w'amu w'adaghora Aba na w'azima Apa--mvi wa w'omi,wadaghora,3,Uja mwai wadaghora tee kila ituku.,,,
review,indel,w,1.3,mfagio,4,Siw'unjire mfagio ghwa w'andu ghuja nilombieghe.,mfwagio,3,Odefwagia na mfwagio ghwa makuti,,,
review,indel,w,1.3,kuenja,4,Mzuri uhuu wawetesia kuenja wutesia.,kuenjwa,3,Sikunde kuenjwa wughangenyi,,,
review,indel,w,1.3,ofunga,4,Ofunga kifu chape na kitambaa.,ofungwa,3,Ofungwa jela ya nyumbenyi kwape.,,,
review,indel,k,1.3,fuko,4,Dalela w'eke fuko mzinyi.,fuo,3,Bahari eka na fuo righokie.,,,
review,indel,',1.3,w'aw'angwa,4,Mayo w'aw'angwa ani?,waw'angwa,3,Mayo waw'angwa ani?,,,
review,substitution,r/n,1.3,neenda,3,Neenda roghua wawa wapo nikamdwaia mbogha.,reenda,4,Mbeo nakosi ya maw'aw'a gha nyonyi yarineka ndighi reenda ighu zaidi.,,,
review,substitution,j/c,1.3,icha,4,Dibora chumbo ilinga njumwa icha ikanisenyi?,ijha,3,Dineke ijha mbeu yako,,,
review,substitution,l/w,1.3,lubaa,4,kwanekwa lufu lubaa,wubaa,3,Wubaa ghwake ghuchamuobosha.,,,
review,substitution,k/l,1.3,kwakaba,3,kwa huw'o kwakaba,lwakaba,4,Lukuwa lwakaba,,,
review,substitution,u/i,1.3,ghoria,3,Okimbia kanda ghoria w'andu malagho nyumbenyi.,ghorua,4,Ini na mwanedu daweenda ghorua maghu.,,,
review,substitution,a/i,1.3,naw'ada,4,Naw'ada machi,niw'ada,3,niw'ada mwazamilwa uwu,,,
review,substitution,m/w,1.3,muka,4,Saa muka uko na kifu.,wuka,3,Wuka shalu shalu,,,
review,substitution,k/n,1.3,kwaka,4,Kwaki kwaka na machu,kwana,3,Dedeka dikwane lakini ndediche kwana,,,
review,substitution,d/k,1.3,kiwada,3,Basi nikueleshere ni kiwada.,kiwaka,4,Mwanida wa kiwaka wadawangwa wakesho,,,
review,substitution,j/y,1.3,javika,3,Ituku jekombolwa javika,yavika,4,ngelo yeenda bonya kazi nyumbeni yavika,,,
review,substitution,d/j,1.3,naw'eghenda,4,Naw'eghenda sokonyi kughua mbogha,naw'eghenja,3,Naw'eghenja saru mbuwenyi,,,
review,substitution,a/u,1.3,wakiwa,4,Mseliwe waka wakiwa.,wukiwa,3,Kazi kwa bidii idainja wukiwa.,,,
review,substitution,y/v,1.3,vaenga,4,Waandikie vuo vaenga.,yaenga,3,Aja koko na mighondi yaenga.,,,
review,substitution,n/j,1.3,jeenda,4,Wawa wa womi odeniguiya mvuto na ishati jeenda ikansenyi.,neenda,3,Neenda roghua wawa wapo nikamdwaia mbogha.,,,
review,substitution,m/b,1.3,adabu,4,Adabu remfundisha.,adamu,3,Shimba radaja w`adamu pia,,,
review,substitution,d/u,1.3,wakunda,4,Wadeki wakunda kutima wudeki wupya.,wakunua,3,Wakunua sombe,,,
review,substitution,u/n,1.3,ndima,3,Linu ni ituku ja ndima ya Bwana.,udima,4,Kila mundu udima kurumaghia ukapatwa ni matimo ghizamie,,,
review,substitution,d/j,1.3,davika,4,Ihi miaka davika daw'eseria w'eke w'aw'a.,javika,3,Ituku jekombolwa javika,,,
review,substitution,i/u,1.3,viria,3,W'egoma w'ikaw'ika viria andonyi.,vuria,4,Wanake mrongoiwi widejoka mghondi ghwa vuria.,,,
review,substitution,u/e,1.3,wademwa,3,Mkeku uja wademwa ni ighembe ukiala.,wadumwa,4,Mwakio wadumwa idukenyii ukalegha,,,
review,substitution,a/i,1.3,w'aw'angwa,4,Mayo w'aw'angwa ani?,w'aw'ingwa,3,Kalama w'aw'ingwa kazinyi.,,,
review,substitution,r/j,1.3,jisene,3,Wanake ni inosi jisene kusia.,risene,4,W'andu w'amu w'afwa duu tu kwa kuluya maza risene mana.,,,
review,substitution,e/a,1.3,w'alwa,3,W'ana w'engi w'alwa na kulola chia reishi.,w'elwa,4,W'andu w'elwa w'atesiagha nandighi ngelo ra w'uda.,,,
review,substitution,r/v,1.3,gharika,4,Vua yadareda gharika.,ghavika,3,Mwengere ghwa iruwa ghavika aha.,,,
review,substitution,j/n,1.3,janyelwa,4,Iridia jake janyelwa ni vua,nanyelwa,3,Nanyelwa ni vua,,,
review,substitution,a/e,1.3,kuinja,3,Kubonya kazi andwamweri kwadima kuinja marashano.,kuinje,4,Kuinje nguwo kambenyi,,,
review,substitution,d/m,1.3,kudede,3,Na mkekaiya woruwu kupate wulalo kudede na mmamgi wa malagho gha mashomo kwadima kumzere wada?,kudeme,4,Kuche kudeme nyasi,,,
review,substitution,v/k,1.3,kilasi,4,Wana wa kilasi cha mfungade wanekwa vuo ikumi na viwi.,vilasi,3,Skulu iboie ni suti ikaie na vilasi va w'ana.,,,
review,substitution,e/o,1.3,gheni,3,Mwakuli wadanya ghake gheni.,ghoni,4,Mughunda kwapo ghoni gholimwa ni wandu ikumi,,,
review,substitution,z/h,1.3,kuhama,3,Mizozo ya mbuw'a yashekerie w'andu kuhama.,kuzama,4,Bengi ra kiIsilamu reko na kuboa na kuzama kwaw'o.,,,
review,substitution,r/y,1.3,raida,3,Sawau raida,yaida,4,Miaka milazi yaida vua isenyee,,,
review,substitution,a/e,1.3,rafuma,3,Ngondi rafuma kwa fwandi,refuma,4,Ripoti rimu rechuria refuma kwa mndu oandika habari.,,,
review,substitution,y/l,1.3,wala,3,Nausikira wala neusikira.,waya,4,Mwaawu waweenda waya mbogha,,,
review,substitution,y/r,1.3,rava,3,Nyonyi reka na maw'aw'a na memu na rava maghi.,yava,4,Nguku yava maghi,,,
review,substitution,f/k,1.3,kusefo,4,Kusekeobua hata kusefo ngolo.,kuseko,3,Wichaaghenda kuseko na kudumbuka.,,,
review,substitution,d/n,1.3,daw'ew'esera,3,Daw'ew'esera mwana odu uvalo,naw'ew'esera,4,Huw'u naw'ew'esera seji konizerieghe,,,
review,substitution,d/r,1.3,ndediko,3,Ndediko na hachi,nderiko,4,Ndighi nderiko.,,,
review,substitution,d/n,1.3,dabonya,3,Dabonya mtihani.,nabonya,4,Nabonya waghenyi walazi bila kuobua.,,,
review,substitution,n/h,1.3,lihi,4,Kovalo lihi?,lini,3,Kwache kufuma lini mdawana wa mzedu,,,
review,substitution,k/w,1.3,kusafiri,3,Wandu wengi wadapoilwaa ni kusafiri,wusafiri,4,Wusafiri ghwa wandu wose ni chia ipoiye yesafiri,,,
review,substitution,g/d,1.3,w'andi,4,W'andi w'amu walaghashire maisha.,w'angi,3,W'aja ni w'avi w'ape w'angi.,,,
review,substitution,a/e,1.3,yazoya,3,Iji ndoe yazoya kuela,yezoya,4,Mwaka mbishi ni nafasi yezoya wuwishi,,,
review,substitution,r/d,1.3,w'adabonya,4,W'adabonya kazi ipoie,w'arabonya,3,"Kimu cha w'akoloni, W'aarabu w'arabonya zoghori ya mateka.",,,
review,substitution,j/d,1.3,luda,4,Mndu wa isu wawedikwa ni luda,luja,3,Luja lose ni lwala,,,
review,substitution,v/d,1.3,dika,3,Machi gha we dika.,vika,4,Deko na waghenyi sena ela ni vika kireti.,,,
review,substitution,w/j,1.3,jadafunya,4,Kila ituku jadafunya wulalo ghobonya wuzima kwa wambedu.,wadafunya,3,Wavi wadafunya ilaghiro.,,,
review,substitution,a/e,1.3,w'angia,4,W'aja w'andu w'aw'I w'angia.,w'engia,3,"Kwafwani koni icho icho, vilongozi vimu va ikanisa w'engia siasa.",,,
review,substitution,a/e,1.3,kudunga,3,Kwaichi kudunga nguwo?,kudunge,4,Kalima nicha kudunge saru ya ng'ombe.,,,
review,substitution,l/y,1.3,sela,4,Diendagha sela kireti andwamweri na mwawu.,seya,3,Seya kidombo,,,
review,substitution,d/k,1.3,dalemwa,3,Mghorienyi dalemwa ni maza raw'o.,kalemwa,4,Kalemwa ni kubonya,,,
review,substitution,w/u,1.3,ofungua,4,Ofungua momu ghwape nao ukalila.,ofungwa,3,Ofungwa jela ya nyumbenyi kwape.,,,
review,substitution,e/a,1.3,dawona,3,Aho nio dawona yawaumiza wandu zaidi.,dewona,4,Dewona nyamandu ra isakenyi.,,,
review,substitution,o/l,1.3,lagha,3,Wakabwa ngonde ya Kidari/lagha,oagha,4,Oagha nyumba ya chumba chimweri.,,,
review,substitution,n/d,1.3,dazerwa,4,Dazerwa diende mbuwenyi,nazerwa,3,Nazerwa niende rapo,,,
review,substitution,e/a,1.3,w'aichi,4,W'aichi kushoma ki China,w'eichi,3,"W'andu w'engi w'eichi kudeda Kidaw'ida, ela ndewiichi kuandika",,,
review,substitution,a/i,1.3,dadeka,4,Cho dije dadeka mswara na mnavu.,dideka,3,Iguo dideka na waghenyu kufuma nairobi.,,,
review,substitution,e/o,1.3,ghesha,4,Hebu ghesha iro gharama rose diritumie.,ghosha,3,W'andu w'engi w'adaja mswara ghosha,,,
review,substitution,w/n,1.3,nalola,4,Nalola mmtorori nikasowa,walola,3,Walola nyungu yape ukaisow'a.,,,
review,substitution,v/y,1.3,vesia,3,Vitemberu vesia.,yesia,4,Mbeu ya manga yesia mpaka diguo zima,,,
review,substitution,d/r,1.3,ndedidimagha,4,Ndedidimagha kushinda timu yenyu.,nderidimagha,3,Kampuni nderidimagha kuzighana haja ra w'andu na kuridukia msigo seji ifwane.,,,
review,substitution,i/o,1.3,indoki,4,Dighorie wuwiwi ughu ghwadipata kwa wundu ghwa indoki?,indoko,3,Indoko diende shoa mbande noko cha kilembenyi,,,
review,substitution,g/c,1.3,chisene,3,Maisha bila ndodo ni sa charo chisene kilongozi.,ghisene,4,Oka na maghare ghisene mtalo.,,,
review,substitution,r/b,1.3,ghobia,4,W'ughanga ghobia,ghoria,3,Okimbia kanda ghoria w'andu malagho nyumbenyi.,,,
review,substitution,j/n,1.3,jaw'uya,3,Kunikunuo iji iridia jaw'uya ibaa.,naw'uya,4,Kufuma naw'uya mkongo ndokuchee kukanizighana.,,,
review,substitution,r/w,1.3,kusora,4,Kila mndu wadima kusora kwa kutuza isanga.,kusowa,3,Wuzumba ni kusowa mali putu,,,
review,substitution,o/a,1.3,kakaia,4,Mndu kakaia na choyo kwam'manyira kuvisa vindo.,kokaia,3,Wanda wadaagha kokaia.,,,
review,substitution,i/a,1.3,radareda,4,Nyerinyeri radareda ndodo.,ridareda,3,Rwai ridareda malaria,,,
review,substitution,g/o,1.3,gwa,4,Mchezo gwa moira ghwa mindi ghwmanyikie,owa,3,Chienyi kwake owa midi kufuma Wuimgereza,,,
review,substitution,d/w,1.3,dakaie,3,Dakaie dikilima aha kwa miaka raenga.,wakaie,4,Wakaie ukibonya makosa agheni agho kwa miaka iw'i.,,,
review,substitution,e/a,1.3,ghakua,3,Malagho ghakua aha skuli at nawelemwa.,ghekua,4,Agha makoto ghekua,,,
review,substitution,d/k,1.3,w'adeda,4,W'andu wa Mombasa w'adeda lugha iao?,w'adeka,3,W'andu w'adeka putu chonyi dije.,,,
review,substitution,l/k,1.3,okenyi,4,Okenyi w'aghenyu haw'a w'angia.,olenyi,3,Olenyi matuku ghichacha,,,
review,substitution,y/j,1.3,jatesia,3,Ijo Itunda jatesia kuagha m'mbi.,yatesia,4,Ihi yatesia kuhoresha ngozi isasaghiraa na kuibonya ihoo.,,,
review,substitution,v/j,1.3,yaja,3,Koshi yaja pwaru wose.,yava,4,Nguku yava maghi,,,
review,substitution,w/t,1.3,taya,3,Taya rarimishwa,waya,4,Mwaawu waweenda waya mbogha,,,
review,substitution,i/e,1.3,kuenja,4,Mzuri uhuu wawetesia kuenja wutesia.,kuinja,3,Kubonya kazi andwamweri kwadima kuinja marashano.,,,
review,substitution,o/e,1.3,ghekunda,3,Maisha ghekunda mundu ukutumbanye nicha,ghokunda,4,Mudi ghuko kavui na mzi ghokunda ghudemo,,,
review,substitution,a/u,1.3,wawiwi,3,Awo wose ni wawiwi.,wuwiwi,4,Deekunda dinyamirishe wuwiwi.,,,
review,substitution,s/w,1.3,kuisa,3,Chia nyingi ra Daw'ida nderidimagha kuisa magare.,kuiwa,4,Kuiwa kindu cha mundu ungi ni karakakara?,,,
review,substitution,o/i,1.3,kuwika,4,Kuwika magome ni ishomo muhimu saana kwa zoghori,kuwoka,3,Njama iboie ni kuwoka kuboilwa.,,,
review,substitution,i/a,1.3,namkunde,4,Namkunde Mlungu nandighi.,nimkunde,3,Inyi ni w'ana w'apo nimkunde nandighi.,,,
review,substitution,r/k,1.3,kaka,4,Nyumba ya kaka erew'ada modo.,raka,3,Mabemba reocha raka tayari.,,,
review,substitution,d/m,1.3,msidu,3,Msidu ghokorwa mbagha ni w'andu w'ediw'a.,msimu,4,Wangu wekundika witesiana msimu ghwa wasi.,,,
review,substitution,u/e,1.3,mdeke,3,Mdeke vindo vikate.,mduke,4,Mduke ionge uw'one mbai na mbai,,,
review,substitution,e/a,1.3,yaw'uya,4,Yaw'uya sughuswa nandighi.,yew'uya,3,Chia yew'uya yeko hao,,,
review,substitution,s/d,1.3,wadeka,4,Mka wapo wadeka vindo visingie.,waseka,3,Waseka shuu.,,,
review,substitution,a/e,1.3,chisena,4,Maisha bila ndodo ni sa kilambo chisena kilongozi.,chisene,3,Maisha bila ndodo ni sa charo chisene kilongozi.,,,
review,substitution,n/k,1.3,kalemwa,4,Kalemwa ni kubonya,nalemwa,3,Nalemwa kurughua mnyango,,,
review,substitution,r/j,1.3,ijija,3,linu nidalala kwa igodoro ijija iwishi nigulo ni mao.,irija,4,"Dikengia kwa malagho gha mashomo, wana wabonyere mtihani ghwa klasi cha wunyanya kwawona agha majibu ghifumie gha mwaka ghusirie na irija miaka ra nanyuma",,,
review,substitution,j/y,1.3,jadumbuka,4,Ighembe jadumbuka.,yadumbuka,3,Kamba yadumbuka.,,,
review,substitution,j/y,1.3,jaw'uya,3,Kunikunuo iji iridia jaw'uya ibaa.,yaw'uya,4,Yaw'uya sughuswa nandighi.,,,
review,substitution,g/r,1.3,gwa,4,Mchezo gwa moira ghwa mindi ghwmanyikie,rwa,3,Rwa nguwo ra ishima,,,
review,substitution,t/y,1.3,tesia,3,Tesia wakiwa eri kughaluse maisha ghawo nagha vichuku vawo.,yesia,4,Mbeu ya manga yesia mpaka diguo zima,,,
review,substitution,d/f,1.3,kudunga,3,Kwaichi kudunga nguwo?,kufunga,4,Waliw'a kufunga mnyango.,,,
review,substitution,i/t,1.3,vikaie,3,leka vikaie na oho,vikate,4,Skulu ndeiw'adie vuo vikate veshoma.,,,
review,substitution,m/k,1.3,kara,4,Kara kara na mabonyo ghako,mara,3,W'andu w'anekwa kumara-mara ichia na ichia.,,,
review,substitution,w/m,1.3,ndima,3,Linu ni ituku ja ndima ya Bwana.,ndiwa,4,Ndiwa reko na machi,,,
review,substitution,k/s,1.3,kighenyi,4,Bahari yadima kukaia na nyamandu ra kighenyi.,sighenyi,3,Sighenyi mmbenyu,,,
review,substitution,y/j,1.3,jezoya,3,"Ighesho jezoya skilu ,bishi kijijinyi kedu jedeughwa mkono ni jamii ndazi",yezoya,4,Mwaka mbishi ni nafasi yezoya wuwishi,,,
review,substitution,o/u,1.3,moka,3,Nambe moka w'akelu huw'u!,muka,4,Saa muka uko na kifu.,,,
review,substitution,i/a,1.3,w'anga,3,W'anga w'andu w'iche tesia,w'inga,4,W'inga saw'au,,,
review,substitution,d/j,1.3,kuendesha,3,Madereva ndewifwane kunywa na kuendesha igare,kuenjesha,4,Mkwapo waichi kuenjesha igare.,,,
review,substitution,e/l,1.3,eagha,4,Chongo capo cheka na maghesho eagha choro Mwatate,lagha,3,Wakabwa ngonde ya Kidari/lagha,,,
review,substitution,w/k,1.3,dekona,3,Dekona ifungu jetesia wazima,dewona,4,Dewona nyamandu ra isakenyi.,,,
review,substitution,w/n,1.3,nawelola,3,Nawelola mtesia wa nyumbenyi.,wawelola,4,Wamrika wawelola vaghu,,,
review,substitution,u/i,1.3,ghisene,4,Oka na maghare ghisene mtalo.,ghusene,3,Kuboilwa ni wuzuri ghusene thamani.,,,
review,substitution,e/a,1.3,kuchuria,4,Ndedidimaa kuchuria useme rule.,kuchurie,3,Kola konilogha ghenda kuchurie sena.,,,
review,substitution,o/e,1.3,ndeudima,3,Ndeudima kushoma Kidaw'ida,ndoudima,4,Kama ndoudima ubonye moni,,,
review,substitution,a/i,1.3,w'alima,3,W'andu w'alima kilandu,w'alimi,4,"Sirikali ikapoisa chia, w'alimi wiapata chia redambisha mavalo",,,
review,substitution,n/b,1.3,wobia,3,"Manga wobia, ndousingie",wonia,4,Wonia mmbenyu wughoma,,,
review,substitution,o/i,1.3,ghobia,4,W'ughanga ghobia,ghoboa,3,Kila ituku ni wulalo ghoboa shuu.,,,
review,indel,',1.0,maw'ingunyi,3,Ugo mpira ghoenda koighu maw'ingunyi andu meso ghisedima kuw'ona.,mawingunyi,3,Nyonyi yawepuruka mawingunyi,,,
review,indel,',1.0,w'uwezo,3,Ni karakara kutesia w'aisanga w'isene w'udimi/w'uwezo,wuwezo,3,Wuwezo ghwako ni mbaa,,,
review,indel,w,1.0,ikaiagha,3,Zoghori ikaiagha baa w'ulalo ghukaw'oneka.,wikaiagha,3,Waghenyi wa loli ni awaje wikaiagha kavui ngelo rikurie.,,,
review,indel,h,1.0,kushinga,3,Kushinga rangi.,kusinga,3,Vindo vadima kusinga.,,,
review,indel,a,1.0,uwao,3,Kwaichi kilongozi uwao Daw'ida?,uwo,3,Uwo nuo mwai kuko nao.,,,
review,indel,a,1.0,nawaenda,3,Nawaenda ela simanyire ngera ni wuya.,nawenda,3,Nawenda kama Ng'ombe,,,
review,indel,k,1.0,kwaw'angwa,3,Kwaw'angwa ani?,waw'angwa,3,Mayo waw'angwa ani?,,,
review,indel,',1.0,nikaw'uya,3,Naenda nikaw'uya shwaw'ori.,nikawuya,3,Nikawuya nikuzera,,,
review,indel,k,1.0,kuchurie,3,Kola konilogha ghenda kuchurie sena.,uchurie,3,Mndu useghudie uchurie,,,
review,indel,',1.0,kuw'itesia,3,Kuw'itesia kuboisa ugho w'asi ghwa mano aghadi ya iro kaunti idadu.,kuwitesia,3,Wandu wekundikia kuwitesia awaje wisejitesiagha.,,,
review,indel,w,1.0,ghazama,3,Mariwa ghazama ghendadungwa kwa chupa iluye.,ghwazama,3,Mtorori ghwazama.,,,
review,indel,a,1.0,ainyaa,3,Kwakii nguw'o ra mwana ranyelwa mukoaeni ainyaa?,inyaa,3,"Ndoe yafura, vua inyaa!",,,
review,indel,m,1.0,nikunde,3,"Ara tindima, neko na ilagho nikunde nikukotie.",nimkunde,3,Inyi ni w'ana w'apo nimkunde nandighi.,,,
review,indel,k,1.0,kwaw'ebonya,3,kwaki kwaw'ebonya sa mwana wa icho,waw'ebonya,3,Mlungu waw'ebonya kazi andenyi konyu,,,
review,indel,k,1.0,kwagua,3,Kwagua ki?,wagua,3,Wagua sabuni ya machi,,,
review,indel,k,1.0,kusee,3,Enda kusee kidombo kuje.,usee,3,Mjoka nguro mpaka usee.,,,
review,indel,m,1.0,kumtumbulia,3,Nedelemwa kumtumbulia momu ghwake.,kutumbulia,3,Hee nadima kutambua na kutumbulia makoto gha kiswahili.,,,
review,indel,a,1.0,aw'aje,3,W'itesie aw'aje w'isedimaa,w'aje,3,W'aje w'ai w'aichi kuvina,,,
review,indel,b,1.0,vuma,3,W'andu w'ekufundisha kuboisa vilambo va vuma.,vumba,3,Nyumba yeka na vumba vidadu velala,,,
review,indel,',1.0,w'amanya,3,W'andu w'erekabieghe kura w'ereko w'amanya.,wamanya,3,Mlungu nio wamanya agho ghose gheka mkonunyi kwape.,,,
review,indel,g,1.0,nandenyi,3,Kungire kitambaa ao nandenyi.,ngandenyi,3,Ngandenyi,,,
review,indel,n,1.0,egua,3,Kampuni egua kiria kiw'ishi.,negua,3,Negua mbuw'a imu ihi yew'uya ndini,,,
review,indel,w,1.0,w'esigha,3,W'esigha kazi yeshona.,w'esighwa,3,"W'ana w'esighwa w'akiw'a, ndew'ine w'avi w'awo",,,
review,indel,o,1.0,orwa,3,Uo mwai orwa kirew'etu cha irinda ni sa kuenda duu.,rwa,3,Rwa nguwo ra ishima,,,
review,indel,n,1.0,usee,3,Mjoka nguro mpaka usee.,usene,3,Uo mka mghosi osighwa mkiw'a usene hata enye.,,,
review,indel,u,1.0,wadagha,3,Wadagha kalamu yake choronyi.,wadaghua,3,Wadaghua nguw'o rake kwa weke Armo.,,,
review,indel,v,1.0,indu,3,Wichaburuka ighu sa indu.,vindu,3,W'andu w'etonywa ni mada w'endaw'ona vindu ivo visingie.,,,
review,indel,',1.0,jaw'o,3,W'andu w'engi w'ekiria kutini baada ya ishua jaw'o kuzama.,jawo,3,Isanga jawo ni jesirimika.,,,
review,indel,',1.0,w'ukulima,3,Ee w'ukulima ghuchurikiagha w'andu ndew'ifwaa na njala kishakisha.,wukulima,3,Wukulima nigho iindi ja mghongo ja mazangamenhi Africa,,,
review,indel,',1.0,waw'adwa,3,Waw'adwa ni dilo,wawadwa,3,N'ani wawadwa ni mnyanyi,,,
review,indel,u,1.0,nibonyere,3,Kila ilagho nibonyere ni kwa w'undu ghwape.,unibonyere,3,Ini siw'eseria mundu unibonyere ilagho,,,
review,indel,o,1.0,otesia,3,Uo mndu wa w'omi otesia mwanedu kuruw'uka moda.,tesia,3,Tesia wakiwa eri kughaluse maisha ghawo nagha vichuku vawo.,,,
review,indel,k,1.0,kwafungwa,3,Wughangenyi kwafungwa,wafungwa,3,shahidi wafungwa,,,
review,indel,m,1.0,mrede,3,Mrede vilambo vose,rede,3,Rede nikuwikie,,,
review,indel,',1.0,w'akukasa,3,W'akukasa na vilambo linu na kesho ndeviko.,wakukasa,3,Wakukasa na maruwai ghake.,,,
review,indel,',1.0,uw'o,3,Leka kubonya uw'o,uwo,3,Uwo nuo mwai kuko nao.,,,
review,indel,g,1.0,nighore,3,Kwakunde nighore w'ada?,nihore,3,Eri nihore kutineri.,,,
review,indel,',1.0,w'ajoka,3,w'ajoka aighu ya farasi,wajoka,3,Wajoka mdi mlacha.,,,
review,indel,k,1.0,kwadakaiya,3,Kwadakaiya na ani kenyu,wadakaiya,3,Wandu wamu wadakaiya nyumbenyi rawo eri kuepuka hali rizamie ra hewa,,,
review,indel,l,1.0,w'eiw'a,3,W'eiw'a mifugho rape.,w'eliw'a,3,W'eliw'a kufwa koko.,,,
review,indel,b,1.0,viria,3,W'egoma w'ikaw'ika viria andonyi.,viriba,3,Mchure viriba vose,,,
review,indel,r,1.0,orwa,3,Uo mwai orwa kirew'etu cha irinda ni sa kuenda duu.,owa,3,Chienyi kwake owa midi kufuma Wuimgereza,,,
review,indel,o,1.0,meria,3,Meria iyo chapati ini naghuda.,omeria,3,Omeria kushoma icho,,,
review,indel,k,1.0,kwalow'olo,3,Mwana Wasai kwalow'olo lii kuko na msigo?,walow'olo,3,Huw'u ni loli walow'olo.,,,
review,indel,e,1.0,washomi,3,Teknologia yanona ishima kati ya washomi,washomie,3,mwanyinyu washomie hao,,,
review,indel,m,1.0,mbose,3,Mbose tu,mmbose,3,Sere ndeikaie nenyo mmbose,,,
review,substitution,i/a,1.0,w'aje,3,W'aje w'ai w'aichi kuvina,w'ije,3,W'adamu ni lazima w'ije eri w'ikaie kimoyo.,,,
review,substitution,n/r,1.0,naendie,3,Iguo naendie nikauza mbogha raenga.,raendie,3,Kampeni rape raendie nicha.,,,
review,substitution,y/w,1.0,wawurwa,3,Mngulu wawurwa,yawurwa,3,Nyama yawurwa.,,,
review,substitution,s/k,1.0,wuka,3,Wuka shalu shalu,wusa,3,Wusa voro kufuma kwa aba na mao.,,,
review,substitution,a/e,1.0,w'aw'ingwa,3,Kalama w'aw'ingwa kazinyi.,w'ew'ingwa,3,W'andu w'engi w'ew'ingwa w'ikasokwa ndoe raw'o.,,,
review,substitution,b/p,1.0,ghoboa,3,Kila ituku ni wulalo ghoboa shuu.,ghopoa,3,Wufundi ghopoa,,,
review,substitution,r/w,1.0,maranu,3,Jeko ilaghoki mundu kufuma mzawo na uende uwike maranu ghake,mawanu,3,Siwadie mawanu,,,
review,substitution,d/b,1.0,obukwa,3,Obukwa ni vonda va mashimba.,odukwa,3,Odukwa ni machi moda ghuko na mamba.,,,
review,substitution,h/e,1.0,kusee,3,Enda kusee kidombo kuje.,kushe,3,Enda mtambonyi kushe mfu ghwa msara,,,
review,substitution,b/k,1.0,mkabe,3,Mkabe na rungu noko icho kitoi,mkake,3,Mkake ni sa ngolo yake cheni.,,,
review,substitution,u/a,1.0,akae,3,Akae ni msawi.,ukae,3,Kila mndu ukae wulalonyi ghwake,,,
review,substitution,b/k,1.0,wabora,3,Sikirenyi wabora,wakora,3,Wakora modo.,,,
review,substitution,m/h,1.0,raha,3,Idime ni ya raha na kuseka.,rama,3,Rama na idirisha.,,,
review,substitution,u/i,1.0,ichurie,3,Dalomba sirikali ichurie w'aghosi aw'a magome,uchurie,3,Mndu useghudie uchurie,,,
review,substitution,k/m,1.0,raka,3,Mabemba reocha raka tayari.,rama,3,Rama na idirisha.,,,
review,substitution,d/w,1.0,udo,3,Niko idana nawizera awo wiko na kikuchu angu mfuko udo.,uwo,3,Uwo nuo mwai kuko nao.,,,
review,substitution,s/j,1.0,wuja,3,Ruwukenyi wuja mpande.,wusa,3,Wusa voro kufuma kwa aba na mao.,,,
review,substitution,r/k,1.0,kughokie,3,Angu kughokie kuneko nguma,kughorie,3,Ghuja wasi kuko nagho kughorie Mlingu ukutesie,,,
review,substitution,r/y,1.0,rakabwa,3,Soko rikakuw'idwa rakabwa na kamudi.,yakabwa,3,Firimbi yakabwa ni ya kifwa,,,
review,substitution,i/m,1.0,ida,3,Leka ida na aho,mda,3,Iri nyonyi raweenda mda mlacha.,,,
review,substitution,u/a,1.0,ndima,3,Linu ni ituku ja ndima ya Bwana.,ndimu,3,Ndimu yadima kujighwanya na chumbi angu machi.,,,
review,substitution,n/w,1.0,naw'adwa,3,Naw'adwa ni dilo hata naw'edungumia,waw'adwa,3,Waw'adwa ni dilo,,,
review,substitution,d/y,1.0,dekoghe,3,Dekoghe na maza nyingi kufuma luma lwa kesho.,yekoghe,3,Safari yeenda mbugenyi yekoghe yesisimua saana,,,
review,substitution,u/d,1.0,ida,3,Leka ida na aho,iua,3,Nani wadumbua Iua,,,
review,substitution,e/a,1.0,yakundika,3,Yakundika dikaie kindo chimweri sa waisanga,yekundika,3,Midi yedu yekundika ilindilo.,,,
review,substitution,j/k,1.0,wuja,3,Ruwukenyi wuja mpande.,wuka,3,Wuka shalu shalu,,,
review,substitution,n/s,1.0,nisikire,3,Nisikire kwaenda sena,sisikire,3,Sisikire ela ngasikira nikuzeragha.,,,
review,substitution,v/w,1.0,vazama,3,Vindo vazama.,wazama,3,Mtorori wazama,,,
review,substitution,h/b,1.0,kuboa,3,Waghenyi wa loli wadakutesia kuboa na kujielelwa.,kuhoa,3,Wamaiza ndewikundagha sere na kuhoa.,,,
review,substitution,v/h,1.0,raha,3,Idime ni ya raha na kuseka.,rava,3,Nyonyi reka na maw'aw'a na memu na rava maghi.,,,
review,substitution,d/m,1.0,ghodeka,3,Mwaka ghusirie ghodeka elifu iw'i mrongo idadu,ghomeka,3,Ghomeka,,,
review,substitution,j/w,1.0,jachua,3,Itangi jachua machi,wachua,3,Wachua ighade.,,,
review,substitution,i/o,1.0,w'ew'ika,3,W'afungwa w'a siasa w'ew'ika magome eri w'ilekerelo.,w'ew'oka,3,W'andu w'ew'oka kutasa milungu ya kighenyi.,,,
review,substitution,r/g,1.0,gafwa,3,Mwakilenge oka na gafwa ndacha.,rafwa,3,Ng'eche rafwa,,,
review,substitution,o/a,1.0,mbagha,3,Msidu ghokorwa mbagha ni w'andu w'ediw'a.,mbagho,3,Mbagho rose rechocholwa,,,
review,substitution,k/y,1.0,nako,3,Na uko kukaia moyo niko nako mumbinyi.,nayo,3,Bahari yadima kukaia na wuzuri ghupoisirwanyo nayo.,,,
review,substitution,l/g,1.0,ugale,3,Nekunda mwanapo ugale.,ulale,3,Waboria mwana ulale.,,,
review,substitution,m/v,1.0,rama,3,Rama na idirisha.,rava,3,Nyonyi reka na maw'aw'a na memu na rava maghi.,,,
review,substitution,o/r,1.0,owa,3,Chienyi kwake owa midi kufuma Wuimgereza,rwa,3,Rwa nguwo ra ishima,,,
review,substitution,n/s,1.0,nimkunde,3,Inyi ni w'ana w'apo nimkunde nandighi.,simkunde,3,Simkunde putu,,,
review,substitution,v/w,1.0,vahoa,3,Vindo vapo vahoa,wahoa,3,Grace ndeuko mzinyi waenda cha Makadara uzighano kama wahoa,,,
review,substitution,d/y,1.0,nyondo,3,Nineke nyondo,nyonyo,3,Nyonyo rabwaghwa,,,
review,substitution,r/j,1.0,jaweenda,3,Iri igare jaweenda mbio.,raweenda,3,Iri nyonyi raweenda mda mlacha.,,,
review,substitution,u/w,1.0,rua,3,Rua ishati,rwa,3,Rwa nguwo ra ishima,,,
review,substitution,w/r,1.0,rafungwa,3,Mburi rafungwa,wafungwa,3,shahidi wafungwa,,,
review,substitution,a/o,1.0,kudumbua,3,Oresea kidombo imbiri ya kudumbua keki.,kudumbuo,3,Enda kudumbuo mbogha,,,
review,substitution,o/e,1.0,tele,3,Elimu yadima kufungua minyango ya wulalo tele.,tole,3,Mka Tole kwamuichi?,,,
review,substitution,i/e,1.0,wanedu,3,Wanedu waboilwa ni sarigho.,wanidu,3,Sharon wabonyere wanidu winileghe putu.,,,
review,substitution,r/d,1.0,dinyo,3,Choo dinyo chofi.,rinyo,3,Nyamandu ni lazima rinyo machi.,,,
review,substitution,n/d,1.0,dalemwa,3,Mghorienyi dalemwa ni maza raw'o.,nalemwa,3,Nalemwa kurughua mnyango,,,
review,substitution,n/d,1.0,dideka,3,Iguo dideka na waghenyu kufuma nairobi.,nideka,3,Icho nideka mkongo nikaenda wughangenyi.,,,
review,substitution,k/h,1.0,raha,3,Idime ni ya raha na kuseka.,raka,3,Mabemba reocha raka tayari.,,,
review,substitution,y/r,1.0,ralighisa,3,Ngelo ra habari ralighisa kuvika.,yalighisa,3,Ngelo yalighisa,,,
review,substitution,g/c,1.0,wadacha,3,Wadacha lala aha kwapo,wadagha,3,Wadagha kalamu yake choronyi.,,,
review,substitution,m/u,1.0,mdeke,3,Mdeke vindo vikate.,udeke,3,Jose waw'edumbua nyama udeke,,,
review,substitution,o/u,1.0,nyondo,3,Nineke nyondo,nyundo,3,Nachanwa ni nyundo,,,
review,substitution,a/',1.0,uw'o,3,Leka kubonya uw'o,uwao,3,Kwaichi kilongozi uwao Daw'ida?,,,
review,substitution,w/n,1.0,nagua,3,Nagua magazeti kila ituku.,wagua,3,Wagua sabuni ya machi,,,
review,substitution,a/e,1.0,nagua,3,Nagua magazeti kila ituku.,negua,3,Negua mbuw'a imu ihi yew'uya ndini,,,
review,substitution,v/t,1.0,tesia,3,Tesia wakiwa eri kughaluse maisha ghawo nagha vichuku vawo.,vesia,3,Vitemberu vesia.,,,
review,substitution,a/i,1.0,w'anga,3,W'anga w'andu w'iche tesia,w'angi,3,W'aja ni w'avi w'ape w'angi.,,,
review,substitution,w/l,1.0,luja,3,Luja lose ni lwala,wuja,3,Ruwukenyi wuja mpande.,,,
review,substitution,k/w,1.0,dika,3,Machi gha we dika.,diwa,3,Diende diwa,,,
review,substitution,a/u,1.0,wakulima,3,Wukame ghukazidi ghwadareda maafa mabaa kwa wakulima na walisha,wukulima,3,Wukulima nigho iindi ja mghongo ja mazangamenhi Africa,,,
review,substitution,'/u,1.0,m'maiza,3,Ochaw'uya m'maiza hata waniida kituri.,mumaiza,3,Mumaiza wawesumbua wandu,,,
review,substitution,d/r,1.0,odelumwa,3,Odelumwa ni Choka,orelumwa,3,Nachi orelumwa ni choka!,,,
review,substitution,e/a,1.0,kunikunda,3,Kunikunda loli nisena magome ghangi?,kunikunde,3,Kwaduaa kunikunde ?,,,
review,substitution,k/v,1.0,raka,3,Mabemba reocha raka tayari.,rava,3,Nyonyi reka na maw'aw'a na memu na rava maghi.,,,
review,substitution,d/s,1.0,kudumbua,3,Oresea kidombo imbiri ya kudumbua keki.,kusumbua,3,Iji igari jaweenda ncha bila kusumbua mndu ungi.,,,
review,substitution,c/g,1.0,wadachora,3,Omoni wadachora.,wadaghora,3,Uja mwai wadaghora tee kila ituku.,,,
review,substitution,i/a,1.0,nabonyere,3,Nabonyere Kazi Kireti,nibonyere,3,Kila ilagho nibonyere ni kwa w'undu ghwape.,,,
review,substitution,w/b,1.0,ubao,3,Wedefuta ubao,uwao,3,Kwaichi kilongozi uwao Daw'ida?,,,
review,substitution,y/w,1.0,wadacha,3,Wadacha lala aha kwapo,yadacha,3,Nambe ngamanya yadacha nanyuma.,,,
review,substitution,d/g,1.0,wadua,3,Wandu wa Mwatate wadua wiseche na mburi,wagua,3,Wagua sabuni ya machi,,,
review,substitution,i/r,1.0,iua,3,Nani wadumbua Iua,rua,3,Rua ishati,,,
review,substitution,o/e,1.0,ghemuka,3,Kazi kwa bidii ni msingi ghwa mafanikio ghemuka.,ghomuka,3,Wuhusiano ghwa kuchuku ni ghomuka.,,,
review,substitution,v/y,1.0,vesinga,3,Vindo va wawa vesinga,yesinga,3,Nyama ya kwaru yesinga kuchumba ya nguku.,,,
review,substitution,i/o,1.0,kirenyi,3,W'eka kirenyi kibaa cha ngolonyi.,korenyi,3,Korenyi mwalumu.,,,
review,substitution,o/i,1.0,walila,3,Kawona walila waumia,walola,3,Walola nyungu yape ukaisow'a.,,,
review,substitution,a/o,1.0,ijha,3,Dineke ijha mbeu yako,ijho,3,Ijho nijho irumirio,,,
review,substitution,k/r,1.0,mziki,3,Kusikira mziki na kughucheza kwadima kukuburudisha na kukupumzisha akili,mziri,3,Mziri ghwa shighadi ndeghusowagha chefunga.,,,
review,substitution,n/d,1.0,divike,3,Divike kwako,nivike,3,Navenyavura nivike aje naw'eghenda,,,
review,substitution,m/i,1.0,izighane,3,Serikali yalombelo izighane ijo ilagho.,mzighane,3,Bendera ikawusirwa mghondinyi mzighane.,,,
review,substitution,r/k,1.0,w'eghoka,3,W'anidu w'eghoka shuu,w'eghora,3,W'eghora ndew'ine makosa.,,,
review,substitution,e/u,1.0,ghomeka,3,Ghomeka,ghomuka,3,Wuhusiano ghwa kuchuku ni ghomuka.,,,
review,substitution,i/u,1.0,indi,3,Koshi idaghenda aha ikumbilwagha indi.,indu,3,Wichaburuka ighu sa indu.,,,
review,substitution,y/m,1.0,menya,3,Kusekenilola sena kama koka na menya huw'o,yenya,3,Mvua yenya.,,,
review,substitution,v/r,1.0,reja,3,Ng'ombe reja nyasi.,veja,3,Naweghenda mbuwenyi nienda lola mbogha na wijomba veja lumalwakenyi.,,,
review,substitution,j/c,1.0,wadacha,3,Wadacha lala aha kwapo,wadajha,3,Mwachorongo wadajha vifurute,,,
review,substitution,d/s,1.0,vidima,3,Vichula vidima kukaia na lwaka lughokie.,visima,3,Visima veka kila andu.,,,
review,substitution,e/a,1.0,yasinga,3,Nyama echemushwa yasinga,yesinga,3,Nyama ya kwaru yesinga kuchumba ya nguku.,,,
review,substitution,g/j,1.0,wadagha,3,Wadagha kalamu yake choronyi.,wadajha,3,Mwachorongo wadajha vifurute,,,
